bucket,reason,domain,merchantName,possibleOfficialUrl,title,score,occurrences,notes,sourceFiles
SAFE,greek_domain_direct_gift_url_and_text,aioloscourier.gr,Personalised Scratch-Off Theatre Show Ticket – Surprise Reveal ...,https://aioloscourier.gr/Scratch-Off-Theatre-Show-Ticket-Surprise-Reveal-Gift-Voucher-1306719/,Personalised Scratch-Off Theatre Show Ticket – Surprise Reveal ...,55,1,Personalised Scratch-Off Theatre Show Ticket – Surprise Reveal Gift Voucher ... Get it delivered as soon as today. Schedule your delivery in checkout. More ...,data\discovery\mega-harvest-v6\clean-v6\review.csv | data\discovery\review-universe-v1\still-review.csv
SAFE,greek_domain_direct_gift_url_and_text,ask.ab.gr,Προσφέρετε επιταγές δώρων σε εταιρίες και ιδιώτες; - AB Eshop,https://ask.ab.gr/s/article/Do-you-offer-gift-cards-to-companies-and-private-individuals,Προσφέρετε επιταγές δώρων σε εταιρίες και ιδιώτες; - AB Eshop,60,6,"Nαι, προσφέρουμε! Οι δωροεπιταγές ΑΒ αποτελούν πολύ χρήσιμα δώρα και προτιμώνται ιδιαιτέρως από εταιρίες για τους εργαζομένους τους την περίοδο των εορτών.",data\discovery\mass-harvest-v5\clean-v5.1\review.csv | data\discovery\mass-harvest-v5\clean-v5.2\manual-review.csv | data\discovery\mass-harvest-v5\clean-v5.3\global-review.csv | data\discovery\mass-harvest-v5\clean-v5.4\review.csv | data\discovery\mass-harvest-v5\clean-v5.5\review.csv | data\discovery\mega-harvest-v6\clean-v6\review.csv | data\discovery\review-universe-v1\still-review.csv
SAFE,greek_domain_direct_gift_url_and_text,athoshellas.gr,Θεσσαλονίκη,https://www.athoshellas.gr/el/Article/giftcard.aspx,Gift Card - Θεσσαλονίκη,70,8,... travel center. instagram athos hellas travel center. tik tok athos hellas travel center. linkedin icon athos hellas travel center. #athostravel. ΕΓΓΡΑΦΗ ΣΤΟ ...,data\discovery\focused-harvest-v7\clean-v7\review.csv | data\discovery\focused-harvest-v7-run1-backup\clean-v7\review.csv | data\discovery\mass-harvest-v5\clean-v5.1\review.csv | data\discovery\mass-harvest-v5\clean-v5.2\manual-review.csv | data\discovery\mass-harvest-v5\clean-v5.3\global-review.csv | data\discovery\mass-harvest-v5\clean-v5.4\review.csv | data\discovery\mass-harvest-v5\clean-v5.5\review.csv | data\discovery\mega-harvest-v6\clean-v6\review.csv | data\discovery\review-universe-v1\still-review.csv
SAFE,greek_domain_direct_gift_url_and_text,biano.gr,Δωροκάρτα 30€ | BIANO,https://www.biano.gr/proion/v/258790556-dorokarta-30eur,Δωροκάρτα 30€ | BIANO,85,1,Δωροκάρτα 30€ · Παρόμοια προϊόντα · Τα καλύτερα προϊόντα από Mom&Me Family Concept Store · Σχετικά με το Biano · Για χρήστες · Για καταστήματα · Φροντίστε να ...,data\discovery\mega-harvest-v6\clean-v6\review.csv
SAFE,greek_domain_direct_gift_url_and_text,business-travel.gr,Business Travel Giftcard - Corporate Travel | DMC | MICE,https://business-travel.gr/en/tour/business-travel-giftcard-en/,Business Travel Giftcard - Corporate Travel | DMC | MICE,55,1,"The perfect gift for any occasion, any traveler, and any dream. Make Dreams Come True with the Business Travel Gift Card! Choose the color and the amount for ...",data\discovery\mega-harvest-v6\clean-v6\review.csv
SAFE,greek_domain_direct_gift_url_and_text,cdkeyprices.gr,Αγοράστε φθηνό Carnival Cruise Lines Gift Card Καλύτερη τιμή,https://cdkeyprices.gr/gift-card/carnival-cruise-lines-gift-card/,Αγοράστε φθηνό Carnival Cruise Lines Gift Card Καλύτερη τιμή,100,1,Σημείωση: Η δωροκάρτα Carnival Cruise Lines διατίθεται μόνο για χρήση στις Ηνωμένες Πολιτείες. Η κάρτα δεν μπορεί να χρησιμοποιηθεί για αγορές σε άλλες ...,data\discovery\mega-harvest-v6\clean-v6\review.csv | data\discovery\review-universe-v1\still-review.csv
SAFE,greek_domain_direct_gift_url_and_text,chania-culture.gr,Δωροκάρτα,https://shop.chania-culture.gr/product/gift-card/,Δωροκάρτα,100,2,Δωροκάρτα. 10.00€. Από: Προς: Δωροκάρτα. 10.00€ – 100.00€ Price range ... g-politismos@chania.gr · Φόρμα επικοινωνίας. Social Media. Όροι & Προϋποθέσεις ...,data\discovery\mass-harvest-v5\clean-v5.4\review.csv | data\discovery\mass-harvest-v5\clean-v5.5\review.csv | data\discovery\review-universe-v1\still-review.csv
SAFE,greek_domain_direct_gift_url_and_text,clachic.gr,Terms of Purchase & Use of Gift Vouchers,https://www.clachic.gr/en-gb/terms-of-purchase-and-use-of-gift-vouchers?srsltid,Terms of Purchase & Use of Gift Vouchers,100,3,"The gift voucher can be redeemed either by printing and presenting it at the physical store of ClacChic.gr, or through online purchases from the website clachic ...",data\discovery\focused-harvest-v7\clean-v7\review.csv | data\discovery\focused-harvest-v7-run1-backup\clean-v7\review.csv | data\discovery\mega-harvest-v6\clean-v6\review.csv | data\discovery\review-universe-v1\still-review.csv
SAFE,greek_domain_direct_gift_url_and_text,cretalive.gr,It's a perfect Easter gift για το βαφτιστήρι σου!,https://www.cretalive.gr/kriti/dorokarta-its-perfect-easter-gift-gia-baftistiri-soy-0,Δωροκάρτα: It's a perfect Easter gift για το βαφτιστήρι σου!,80,2,Η βαφτιστήρα σου μεγαλώνει και μαζί της μεγαλώνει και το στυλ της και η δωροκάρτα μετατρέπεται σε fashion statement. ... Best of Crete. Ι ...,data\discovery\focused-harvest-v7\clean-v7\review.csv | data\discovery\focused-harvest-v7-run1-backup\clean-v7\review.csv | data\discovery\review-universe-v1\still-review.csv
SAFE,greek_domain_direct_gift_url_and_text,digas.gr,Terms of Purchase and Use of Gift Vouchers,https://www.digas.gr/en-gb/terms-of-purchase-and-use-of-gift-vouchers?srsltid,Terms of Purchase and Use of Gift Vouchers,100,1,"Education · Airway medical Stimulators ... The gift voucher can not be redeemed in cash, it ... The gift voucher can be redeemed either by ...",data\discovery\mega-harvest-v6\clean-v6\review.csv | data\discovery\review-universe-v1\still-review.csv
SAFE,greek_domain_direct_gift_url_and_text,dioptra.gr,Κάνε δώρο σε έναν φίλο/φίλη σου,https://www.dioptra.gr/category/gift-card-info,Κάνε δώρο σε έναν φίλο/φίλη σου,55,1,Δωροκάρτα Διόπτρα για τους αγαπημένους σας. < Χάρισε μία ηλεκτρονική ... Επίλεξε αυτή που θέλεις και χάρισε αμέτρητες επιλογές σε βιβλία και e-books!,data\discovery\mega-harvest-v6\clean-v6\review.csv | data\discovery\review-universe-v1\still-review.csv
SAFE,greek_domain_direct_gift_url_and_text,edenred.gr,Ticket Compliments,https://www.edenred.gr/etaireies/ticket-compliments-gift-card,Δωροκάρτα Ticket Compliments,100,5,Χαρίστε ένα έξυπνο δώρο στους ανθρώπους σας με τη δωροκάρτα Ticket Compliments. Ανακαλύψτε τη δωροκάρτα ... Ticket Restaurant · MyBenefits · Spendeo · Ticket ...,data\discovery\focused-harvest-v7\clean-v7\review.csv | data\discovery\focused-harvest-v7-run1-backup\clean-v7\review.csv | data\discovery\mass-harvest-v5\clean-v5.4\review.csv | data\discovery\mass-harvest-v5\clean-v5.5\review.csv | data\discovery\mega-harvest-v6\clean-v6\review.csv | data\discovery\review-universe-v1\still-review.csv
SAFE,greek_domain_direct_gift_url_and_text,electronet.gr,Όροι και Προϋποθέσεις Προωθητικής Ενέργειας «LG OLED ...,https://www.electronet.gr/sites/default/files/sites/default/files/custom/LG-GX-OLED-TVs-Goulandris-Gift-Cards-oroi.pdf?srsltid=AfmBOorsQRz6lmfGCU5MrzVeEtmDiUslhnUX39-SAKfBxYRsQ6k5Xz7s,Όροι και Προϋποθέσεις Προωθητικής Ενέργειας «LG OLED ...,55,1,"Η Δωροκάρτα εκδίδεται από το Ίδρυμα Βασίλη & Ελίζας Γουλανδρή στην Αθήνα ... Ελλάδα και συγκεκριμένα στην απώτερη μητρική εταιρεία της, LG Electronics Inc.",data\discovery\mega-harvest-v6\clean-v6\review.csv | data\discovery\review-universe-v1\still-review.csv
SAFE,greek_domain_direct_gift_url_and_text,enerwave.gr,Customer Service,https://www.enerwave.gr/en/customer-service/faq-eko-easter-promo/can-i-transfer-the-gift-vouchers-to-someone-else-/,Customer Service,55,1,The EKO Gift Voucher is strictly personal and non‑transferable. ... The voucher is issued to the EKO Smile mobile number that you designate in your application.,data\discovery\mega-harvest-v6\clean-v6\review.csv | data\discovery\review-universe-v1\still-review.csv
SAFE,greek_domain_direct_gift_url_and_text,fashioncity-outlet.gr,Κέρδισε δωροεπιταγή -20% από τον Μουστάκα,https://www.fashioncity-outlet.gr/moystakas-giftcard/,Κέρδισε δωροεπιταγή -20% από τον Μουστάκα,100,3,Fashion City Outlet · ΤΟ OUTLET · ΘΕΣΕΙΣ ΕΡΓΑΣΙΑΣ · CONCEPT ... δωροεπιταγή -20% από τον Μουστάκα. Αυτό το Σάββατο 9 Δεκεμβρίου ...,data\discovery\focused-harvest-v7\clean-v7\review.csv | data\discovery\focused-harvest-v7-run1-backup\clean-v7\review.csv | data\discovery\mega-harvest-v6\clean-v6\review.csv | data\discovery\review-universe-v1\still-review.csv
SAFE,greek_domain_direct_gift_url_and_text,find.gr,The Art Lab - Workshops,https://www.find.gr/p/17816707/the-art-lab-workshops-dorokarta-axias-100eur,The Art Lab - Workshops - Δωροκάρτα αξίας 100,85,1,"Inner Lotus & Spa – Yoga, Massage & Ολιστική Ευεξία - Δωροκάρτα αξίας 100€. από ...",data\discovery\mega-harvest-v6\clean-v6\review.csv | data\discovery\review-universe-v1\still-review.csv
SAFE,greek_domain_direct_gift_url_and_text,fruugo.gr,"12-piece jewelry gift box, necklace, earrings, ring, cardboard ...",https://www.fruugo.gr/12-piece-jewelry-gift-box-necklace-earrings-ring-cardboard-round-gift-card/p-482586788-1002597518?language=en,"12-piece jewelry gift box, necklace, earrings, ring, cardboard ...",60,6,"Shop 12-piece jewelry gift box, necklace, earrings, ring, cardboard round gift card. One of many items available from our Gift Boxes & Tins department here ...",data\discovery\mass-harvest-v5\clean-v5.1\review.csv | data\discovery\mass-harvest-v5\clean-v5.2\manual-review.csv | data\discovery\mass-harvest-v5\clean-v5.3\global-review.csv | data\discovery\mass-harvest-v5\clean-v5.4\review.csv | data\discovery\mass-harvest-v5\clean-v5.5\review.csv | data\discovery\mega-harvest-v6\clean-v6\review.csv | data\discovery\review-universe-v1\still-review.csv
SAFE,greek_domain_direct_gift_url_and_text,gateaux.com.gr,"50 Sets Gift Certificates For Business, Blank Kraft Gift Cards",https://www.gateaux.com.gr/Certificates-For-Business-Blank-Kraft-Gift-Cards-t-1312544,"50 Sets Gift Certificates For Business, Blank Kraft Gift Cards",100,3,"50 Sets Gift Certificates For Business, Blank Kraft Gift Cards · Each Set Includes One Blank Kraft Paper Certificate (5.9x2.36 Inches) And A Matching Envelope ( ...",data\discovery\focused-harvest-v7\clean-v7\review.csv | data\discovery\focused-harvest-v7-run1-backup\clean-v7\review.csv | data\discovery\mega-harvest-v6\clean-v6\review.csv | data\discovery\review-universe-v1\still-review.csv
SAFE,greek_domain_direct_gift_url_and_text,glami.gr,Silenzio Δωροκάρτα αξίας 75,https://www.glami.gr/silenzio/silenzio-dorokarta-axias-75-eur-12393100/,Silenzio Δωροκάρτα αξίας 75,80,1,Silenzio Δωροκάρτα αξίας 75 € ... Nike Sportswear Nike Icon AIR Force 1 Card Wallet 92800648980. One size.,data\discovery\mega-harvest-v6\clean-v6\review.csv | data\discovery\review-universe-v1\still-review.csv
SAFE,greek_domain_direct_gift_url_and_text,iefimerida.gr,Cityzen: Δωροκάρτα για πλύσιμο αυτοκινήτου ή βιολογικό ...,https://www.iefimerida.gr/aytokinito/cityzen-dorokarta-gia-plysimo-aytokinitoy-i-biologiko-katharismo,Cityzen: Δωροκάρτα για πλύσιμο αυτοκινήτου ή βιολογικό ...,80,1,... Δωροκάρτα για πλύσιμο αυτοκινήτου ή βιολογικό καθαρισμό. Cityzen Parking. Πρόσθεσε το iefimerida.gr ως προτιμώμενη πηγή στη ...,data\discovery\mega-harvest-v6\clean-v6\review.csv | data\discovery\review-universe-v1\still-review.csv
SAFE,greek_domain_direct_gift_url_and_text,ifadishop.gr,Pall Mall Barbers Fitzrovia Luxury Wet Shave Gift Voucher,https://ifadishop.gr/Voucher-Gift-For-Men-Pall-Mall-Barbers-Australia-269483,Pall Mall Barbers Fitzrovia Luxury Wet Shave Gift Voucher,85,1,Luxury Wet Shave Gift Voucher - Gift For Men - Pall Mall Barbers Australia ... Direct from vendor: Usually ships within 3 business days. 10. Not ...,data\discovery\mega-harvest-v6\clean-v6\review.csv | data\discovery\review-universe-v1\still-review.csv
SAFE,greek_domain_direct_gift_url_and_text,ioannasnotebook.gr,3+1 Λόγοι που μια δωροκάρτα είναι το καλύτερο δώρο για ...,https://www.ioannasnotebook.gr/31-logoi-poy-mia-dorokarta-einai-to-kaly/,3+1 Λόγοι που μια δωροκάρτα είναι το καλύτερο δώρο για ...,80,1,"Χαρίζοντας μια δωροκάρτα, δίνεται στους αγαπημένους σας αυτό που πραγματικά θέλουν αλλά και την ευκαιρία ... Δώρα/GiftsΧριστούγεννα/Christmas.",data\discovery\focused-harvest-v7\clean-v7\review.csv | data\discovery\review-universe-v1\still-review.csv
SAFE,greek_domain_direct_gift_url_and_text,istionclub.gr,Why a Get a Room! Gift Card is the Only Present to Give This Year ...,https://istionclub.gr/why-a-get-a-room-gift-card-is-the-only-present-to-give-this-year/,Why a Get a Room! Gift Card is the Only Present to Give This Year ...,100,1,"Gift Card is the Only Present to Give This Year. Amidst the cerulean Aegean Sea and the azure sky of the Cyclades Islands, the Sunway luxury suites in Santorini ...",data\discovery\focused-harvest-v7-run1-backup\clean-v7\review.csv | data\discovery\review-universe-v1\still-review.csv
SAFE,greek_domain_direct_gift_url_and_text,kois.e-pragma.gr,Δωροκάρτα 100€ | KOIS OPTICS,https://kois.e-pragma.gr/el/products/dorokarta-100eur?v=7682,Δωροκάρτα 100€ | KOIS OPTICS,80,1,"Λιακάδα, στυλ και το τέλειο ζευγάρι γυαλιών. Αυτή η δωροκάρτα επιτρέπει στους φιλους σας να επιλέξουν τα γυαλιά ηλίου που θα λατρέψουν όλη τη σεζόν.",data\discovery\mega-harvest-v6\clean-v6\review.csv | data\discovery\review-universe-v1\still-review.csv
SAFE,greek_domain_direct_gift_url_and_text,kouponia365.gr,Theros Jewels,https://kouponia365.gr/kouponia-katigories/dorokartes/page/2/,Theros Jewels Δωροκάρτα Gift Card,,1,"Aggregator source page: https://kouponia365.gr/kouponia-katigories/dorokartes/page/2/ | Official URL not exposed by source; resolve from merchant name before verification. | Source evidence: Theros Jewels δωροκάρτα Gift Card για άμεση αποστολή στο e-mail! Η ιδανική επιλογή για δώρο. Διαθέσιμη με τιμή 20€, 30€, 40€, 50€ και 100€.",DB:QUEUED:cmt9s0kkc0005kciyksogqosl | DB:QUEUED:cmt9rr2yh000hzkiyraoi1fit | DB:QUEUED:cmt9s0kgj0004kciyu047mn2y | DB:QUEUED:cmt9s0ko60006kciyy7h7gxow | DB:QUEUED:cmt9s0krs0007kciyj5q804us | DB:QUEUED:cmt9s0l9c000ckciywpza87j6 | DB:QUEUED:cmt9s0ln2000gkciyl4fp05qv | DB:QUEUED:cmt9s0lr3000hkciyomsgk1jf | DB:QUEUED:cmt9s0lxv000jkciyvvmxc54c | DB:QUEUED:cmt9s0m13000kkciy9c0mt2b7
SAFE,greek_domain_direct_gift_url_and_text,ktmpatras.gr,Προϊόντα με ετικέτα: 'gift card giftcard καρτα δωρου δωροκαρτα',https://ktmpatras.gr/gift-card-giftcard-%CE%BA%CE%B1%CF%81%CF%84%CE%B1-%CE%B4%CF%89%CF%81%CE%BF%CF%85-%CE%B4%CF%89%CF%81%CE%BF%CE%BA%CE%B1%CF%81%CF%84%CE%B1,Προϊόντα με ετικέτα: 'gift card giftcard καρτα δωρου δωροκαρτα',100,2,KTM Patras. MobileHeaderLinksStandalone Popup ... Προϊόντα με ετικέτα: 'gift card giftcard καρτα δωρου δωροκαρτα' ... © 2026 KTM Patras. Powered by nopCommerce.,data\discovery\mass-harvest-v5\clean-v5.4\review.csv | data\discovery\mass-harvest-v5\clean-v5.5\review.csv | data\discovery\review-universe-v1\still-review.csv
SAFE,greek_domain_direct_gift_url_and_text,ladylike.gr,Anytime Home Economic= €30 Δωροκάρτα IKEA + έως και €100 ...,https://www.ladylike.gr/publi/anytime-home-economic-30-dwrokarta-ikea-ews-kai-100-xamhlotera-asfalistra-to-xrono/,Anytime Home Economic= €30 Δωροκάρτα IKEA + έως και €100 ...,80,1,Anytime Home Economic= €30 Δωροκάρτα IKEA + έως και €100 χαμηλότερα ασφάλιστρα το χρόνο! ... Chic by the Sea: This Season's Swimwear Trends · ΕΠΙΚΑΙΡΟΤΗΤΑ.,data\discovery\mass-harvest-v5\clean-v5.1\review.csv | data\discovery\mass-harvest-v5\clean-v5.2\manual-review.csv | data\discovery\mass-harvest-v5\clean-v5.3\global-review.csv | data\discovery\mass-harvest-v5\clean-v5.4\review.csv | data\discovery\mass-harvest-v5\clean-v5.5\review.csv
SAFE,greek_domain_direct_gift_url_and_text,lego.storegreece.gr,Lego,https://www.lego.storegreece.gr/upiresies/gift-cards/e-gift-card/?srsltid=AfmBOoqTiDLstS5UtdAowIuCCwD3HoowSDQtBZOo0JEbqlXrS0FvSOHn,e-Gift Card,100,2,Ψάχνετε το καλύτερο δώρο; Αγοράστε μία e-Gift Card από το lego.storegreece.gr ώστε το αγαπημένο σας πρόσωπο να επιλέξει ένα μοναδικό δώρο που θα λατρέψει!,data\discovery\mass-harvest-v5\clean-v5.4\review.csv | data\discovery\mass-harvest-v5\clean-v5.5\review.csv | data\discovery\review-universe-v1\still-review.csv
SAFE,greek_domain_direct_gift_url_and_text,linguee.gr,Ελληνική μετάφραση,https://www.linguee.gr/%CE%B1%CE%B3%CE%B3%CE%BB%CE%B9%CE%BA%CE%AC-%CE%B5%CE%BB%CE%BB%CE%B7%CE%BD%CE%B9%CE%BA%CE%AC/%CE%BC%CE%B5%CF%84%CE%AC%CF%86%CF%81%CE%B1%CF%83%CE%B7/gift+voucher.html,gift voucher - Ελληνική μετάφραση,80,2,Πολλές ενδεικτικές μεταφρασμένες προτάσεις που περιέχουν «gift voucher» – Ελληνο-Αγγλικό λεξικό και μηχανή αναζήτησης για ελληνικές μεταφράσεις.,data\discovery\focused-harvest-v7\clean-v7\review.csv | data\discovery\focused-harvest-v7-run1-backup\clean-v7\review.csv | data\discovery\review-universe-v1\still-review.csv
SAFE,greek_domain_direct_gift_url_and_text,lvk.ufr.gr,5€ | Γυμναστήριο LVK PREMIUM FITNESS Ν. Σμύρνη,https://lvk.ufr.gr/reward-archives/5euro-giftcard-wheel/,Δωροκάρτα 5€ | Γυμναστήριο LVK PREMIUM FITNESS Ν. Σμύρνη,100,5,"ΕΙΔΙΚΟΙ ΟΡΟΙ REWARD LVK PREMIUM FITNESS - ΓΥΜΝΑΣΤΗΡΙΟ Ν. ΣΜΥΡΝH. ΠΕΡΙΓΡΑΦΗ REWARD. Δωροκάρτα 5€ Για ό,τι θέλεις να αποκτήσεις είτε συνδρομή είτε συνεδρίες.",data\discovery\focused-harvest-v7\clean-v7\review.csv | data\discovery\focused-harvest-v7-run1-backup\clean-v7\review.csv | data\discovery\mass-harvest-v5\clean-v5.4\review.csv | data\discovery\mass-harvest-v5\clean-v5.5\review.csv | data\discovery\mega-harvest-v6\clean-v6\review.csv | data\discovery\review-universe-v1\still-review.csv
SAFE,greek_domain_direct_gift_url_and_text,maccosmetics.gr,FAQ,https://www.maccosmetics.gr/en-e-gr/giftcards/faq,Gift Cards - FAQ,100,5,Gift Card amounts are not included in the calculation of shipping and handling charges. ... © MAKE-UP ART COSMETICS. ALL WORLDWIDE RIGHTS RESERVED. PRIVACY ...,data\discovery\focused-harvest-v7\clean-v7\review.csv | data\discovery\focused-harvest-v7-run1-backup\clean-v7\review.csv | data\discovery\mass-harvest-v5\clean-v5.4\review.csv | data\discovery\mass-harvest-v5\clean-v5.5\review.csv | data\discovery\mega-harvest-v6\clean-v6\review.csv | data\discovery\review-universe-v1\still-review.csv
SAFE,greek_domain_direct_gift_url_and_text,magento2dev.wellshaved.gr,Wellshaved,https://magento2dev.wellshaved.gr/dorokarta-wellshaved,Δωροκάρτα Wellshaved,85,1,Δωροκάρτα Wellshaved. Αν θέλετε να προσφέρετε ... Skin Food · After Shave Balm · After Shave Lotion ... Δωροκάρτα. Αρχική; Δωροκάρτα. Αγορά κατά. Επιλογες Αγορων.,data\discovery\focused-harvest-v7\clean-v7\review.csv | data\discovery\mass-harvest-v5\clean-v5.1\review.csv | data\discovery\mass-harvest-v5\clean-v5.2\manual-review.csv | data\discovery\mass-harvest-v5\clean-v5.3\global-review.csv | data\discovery\mass-harvest-v5\clean-v5.4\review.csv | data\discovery\mass-harvest-v5\clean-v5.5\review.csv | data\discovery\mega-harvest-v6\clean-v6\review.csv
SAFE,greek_domain_direct_gift_url_and_text,markakis.gr,Δώρα για βαφτιστήρια,https://www.markakis.gr/el/blog-9268/dwra-gia-vaftistiria-dwrokarta-gualia-269002?srsltid=AfmBOorTN9igx3CK3QLDxaBDdD4lXsu1DKxBtIYDm45a32jv8jSfPlQ_,Δώρα για βαφτιστήρια | Δωροκάρτα Γυαλιά Οπτικά Μαρκάκης,80,6,"Δωροκάρτα: Δώρο για το βαφτιστήρι στα φυσικά καταστήματα ''Οπτικά Κέντρα Μαρκάκης'' & Markakis White Eyewear. Στα Οπτικά Κέντρα Μαρκάκης, οι ...",data\discovery\mass-harvest-v5\clean-v5.1\review.csv | data\discovery\mass-harvest-v5\clean-v5.2\manual-review.csv | data\discovery\mass-harvest-v5\clean-v5.3\global-review.csv | data\discovery\mass-harvest-v5\clean-v5.4\review.csv | data\discovery\mass-harvest-v5\clean-v5.5\review.csv | data\discovery\mega-harvest-v6\clean-v6\review.csv | data\discovery\review-universe-v1\still-review.csv
SAFE,greek_domain_direct_gift_url_and_text,neakriti.gr,Δωροκάρτα: It's a perfect Easter gift για το βαφτιστήρι σου!,https://www.neakriti.gr/oikonomia/epiheiriseis/2112303_dorokarta-its-perfect-easter-gift-gia-baftistiri-soy,Δωροκάρτα: It's a perfect Easter gift για το βαφτιστήρι σου!,80,6,Δωροκάρτα: It's a perfect Easter gift για το ... Διαθέσιμη στα φυσικά καταστήματα ''Οπτικά Κέντρα Μαρκάκης'' & Markakis White Eyewear.,data\discovery\mass-harvest-v5\clean-v5.1\review.csv | data\discovery\mass-harvest-v5\clean-v5.2\manual-review.csv | data\discovery\mass-harvest-v5\clean-v5.3\global-review.csv | data\discovery\mass-harvest-v5\clean-v5.4\review.csv | data\discovery\mass-harvest-v5\clean-v5.5\review.csv | data\discovery\mega-harvest-v6\clean-v6\review.csv | data\discovery\review-universe-v1\still-review.csv
SAFE,greek_domain_direct_gift_url_and_text,neolaia.gr,Δωροκάρτα (art pass) - εισιτήρια,https://www.neolaia.gr/neolaia-tickets/event/2024-05-31/dorokarta-art-pass/,Δωροκάρτα (art pass) - εισιτήρια,80,6,Δωροκάρτα (art pass). ΚΘΒΕ. 31 Μαΐ. ΕΙΣΙΤΗΡΙΑ. Δωροκάρτα ΚΘΒΕ. Art ... Skiathos Garden Theatre. Skiathos Audio Tour. 27. ΙΟΥΝ. 2026. Πολλαπλοί ...,data\discovery\mass-harvest-v5\clean-v5.1\review.csv | data\discovery\mass-harvest-v5\clean-v5.2\manual-review.csv | data\discovery\mass-harvest-v5\clean-v5.3\global-review.csv | data\discovery\mass-harvest-v5\clean-v5.4\review.csv | data\discovery\mass-harvest-v5\clean-v5.5\review.csv | data\discovery\mega-harvest-v6\clean-v6\review.csv | data\discovery\review-universe-v1\still-review.csv
SAFE,greek_domain_direct_gift_url_and_text,piraeusbank.gr,€1000 Gift Voucher for Linens with COCO-MAT Sleep System,https://www.piraeusbank.gr/en/individuals/personal-banking/exclusive-benefits/coco-mat-sleep-system-voucher,€1000 Gift Voucher for Linens with COCO-MAT Sleep System,80,8,"Exclusive offer for Personal Banking customers who are members of Yellow, €1000 gift voucher for bed linen with every complete sleep COCO-MAT system ... Outdoor ...",data\discovery\focused-harvest-v7\clean-v7\review.csv | data\discovery\focused-harvest-v7-run1-backup\clean-v7\review.csv | data\discovery\mass-harvest-v5\clean-v5.1\review.csv | data\discovery\mass-harvest-v5\clean-v5.2\manual-review.csv | data\discovery\mass-harvest-v5\clean-v5.3\global-review.csv | data\discovery\mass-harvest-v5\clean-v5.4\review.csv | data\discovery\mass-harvest-v5\clean-v5.5\review.csv | data\discovery\mega-harvest-v6\clean-v6\review.csv | data\discovery\review-universe-v1\still-review.csv
SAFE,greek_domain_direct_gift_url_and_text,queen.gr,ΚΕΡΔΙΣΕ gift card 300€ από το answear.gr και fashion tips ...,https://www.queen.gr/diagwnismoi/story/269293/kerdise-gift-card-300-apo-to-answear-gr-kai-fashion-tips-gia-na-dimiourgiseis-to-diko-sou-styl,ΚΕΡΔΙΣΕ gift card 300€ από το answear.gr και fashion tips ...,100,3,ΚΕΡΔΙΣΕ gift card 300€ από το answear.gr και fashion tips για να δημιουργήσεις το δικό σου στυλ!,data\discovery\mass-harvest-v5\clean-v5.4\review.csv | data\discovery\mass-harvest-v5\clean-v5.5\review.csv | data\discovery\mega-harvest-v6\clean-v6\review.csv | data\discovery\review-universe-v1\still-review.csv
SAFE,greek_domain_direct_gift_url_and_text,royalgrandhotel.gr,Why a Get a Room! Gift Card is the Only Present to Give This Year,https://royalgrandhotel.gr/why-a-get-a-room-gift-card-is-the-only-present-to-give-this-year/,Why a Get a Room! Gift Card is the Only Present to Give This Year,100,5,Gift Card is the Only Present to Give This Year. Amidst the cerulean ... Copyright © ROYAL GRAND HOTEL . All Rights Reserved. Designed by Techmaximal ...,data\discovery\focused-harvest-v7\clean-v7\review.csv | data\discovery\focused-harvest-v7-run1-backup\clean-v7\review.csv | data\discovery\mass-harvest-v5\clean-v5.4\review.csv | data\discovery\mass-harvest-v5\clean-v5.5\review.csv | data\discovery\mega-harvest-v6\clean-v6\review.csv | data\discovery\review-universe-v1\still-review.csv
SAFE,greek_domain_direct_gift_url_and_text,sagiakos.gr,ΓΥΝΑΙΚΕΙΑ e,https://sagiakos.gr/proionta/gynaikeia/gynaikeia-dwra/gynaikeia-e-gift-card?srsltid,ΓΥΝΑΙΚΕΙΑ e- Gift Card,100,1,ΓΥΝΑΙΚΕΙΑ E- GIFT CARD. SAGIAKOS · ΓΥΝΑΙΚΕΙΑ Δώρα; ΓΥΝΑΙΚΕΙΑ e- Gift Card ... BOSS SHOES · CROCS · DKNY · DR.MARTENS · GEOX · LACOSTE · MEXX · POLO RALPH LAUREN ...,data\discovery\focused-harvest-v7-run1-backup\clean-v7\review.csv | data\discovery\review-universe-v1\still-review.csv
SAFE,greek_domain_direct_gift_url_and_text,santowines.gr,eShop EU,https://santowines.gr/gift-cards-eu/manufacturer/eu,Gift Cards - eShop EU,100,5,"Gift cards are only applicable for eShop use, cannot be combined with any other products (thus should be purchased in a separate order) and they can only be ...",data\discovery\focused-harvest-v7\clean-v7\review.csv | data\discovery\focused-harvest-v7-run1-backup\clean-v7\review.csv | data\discovery\mass-harvest-v5\clean-v5.4\review.csv | data\discovery\mass-harvest-v5\clean-v5.5\review.csv | data\discovery\mega-harvest-v6\clean-v6\review.csv | data\discovery\review-universe-v1\still-review.csv
SAFE,greek_domain_direct_gift_url_and_text,sonycenters.gr,Sony PlayStation Δωροκάρτα €25 - PS Plus,https://sonycenters.gr/playstation/propliromenes-kartes-ps-plus/syndromes-ps-plus/sony-playstation-dorokarta-25/?srsltid=AfmBOorJ7Zutj9JyqxEsBACi6v2XKiTOWpYOAubFhgJWO4avSE_fY0ND,Sony PlayStation Δωροκάρτα €25 - PS Plus,80,1,Home Cinema projectors · Laser projectors · Αξεσουάρ - Βάσεις · Ήχος. Ακουστικά ... Sony PlayStation Δωροκάρτα €25. Αρχική / PlayStation / Προπληρωμένες Κάρτες ...,data\discovery\mass-harvest-v5\clean-v5.1\review.csv | data\discovery\mass-harvest-v5\clean-v5.2\manual-review.csv | data\discovery\mass-harvest-v5\clean-v5.3\global-review.csv | data\discovery\mass-harvest-v5\clean-v5.4\review.csv | data\discovery\mass-harvest-v5\clean-v5.5\review.csv
SAFE,greek_domain_direct_gift_url_and_text,spitishop.gr,Οδηγός Αγοράς Για Δωροκάρτες | Spitishop.gr,https://www.spitishop.gr/content/283-odigos-agoras-gia-dorokartes,Οδηγός Αγοράς Για Δωροκάρτες | Spitishop.gr,85,1,Ανακαλύψτε στο Spitishop tips & συμβουλές για τις δωροκάρτες Spitishop. Προσφέρετε ως δώρο μια δωροκάρτα ... Decor Ango Brilliant Diolamp Eurolamp Grundig Heronia ...,data\discovery\focused-harvest-v7\clean-v7\review.csv | data\discovery\focused-harvest-v7-run1-backup\clean-v7\review.csv | data\discovery\mass-harvest-v5\clean-v5.1\review.csv | data\discovery\mass-harvest-v5\clean-v5.2\manual-review.csv | data\discovery\mass-harvest-v5\clean-v5.3\global-review.csv | data\discovery\mass-harvest-v5\clean-v5.4\review.csv | data\discovery\mass-harvest-v5\clean-v5.5\review.csv | data\discovery\mega-harvest-v6\clean-v6\review.csv
SAFE,greek_domain_direct_gift_url_and_text,sportsdirect.gr,Multi Store E-Voucher Gift Card - Online and High Street,https://www.sportsdirect.gr/gift-cards-multi-store-e-voucher-gift-card---online-and-high-street-966004,Multi Store E-Voucher Gift Card - Online and High Street,100,5,Shop the Gift Cards Multi Store E-Voucher Gift Card - Online and High Street from UK's No.1 sports retailer. Order in-store or online and start saving ...,data\discovery\focused-harvest-v7\clean-v7\review.csv | data\discovery\focused-harvest-v7-run1-backup\clean-v7\review.csv | data\discovery\mass-harvest-v5\clean-v5.4\review.csv | data\discovery\mass-harvest-v5\clean-v5.5\review.csv | data\discovery\mega-harvest-v6\clean-v6\review.csv | data\discovery\review-universe-v1\still-review.csv
SAFE,greek_domain_direct_gift_url_and_text,sportvision.gr,Κατάστημα αθλητικών ειδών | Sport Vision,https://www.sportvision.gr/terms-and-conditions-for-the-gift-cards,Κατάστημα αθλητικών ειδών | Sport Vision,55,1,Η ελάχιστη αξία ανά δωροκάρτα είναι 20€ και η μέγιστη αξία είναι 300€ .Η δωροκάρτα μπορεί να χρησιμοποηθεί σε μια συναλλαγή και δεν μεταφέρετε το υπόλοιπο της.,data\discovery\mega-harvest-v6\clean-v6\review.csv
SAFE,greek_domain_direct_gift_url_and_text,summitgym.ufr.gr,Δωροκάρτα 9€ | Γυμναστήριο SUMMIT Ναύπλιο,https://summitgym.ufr.gr/reward-archives/9euro-giftcard-wheel/,Δωροκάρτα 9€ | Γυμναστήριο SUMMIT Ναύπλιο,100,3,Reward: Δωροκάρτα 9€ – Γυμναστήριο Summit Ναύπλιο Reward Banner. Reward: Δωροκάρτα 9€ – Γυμναστήριο Summit Ναύπλιο · Δωροκάρτα 9€ ... SUMMIT GYM INSIDER PORTAL.,data\discovery\mass-harvest-v5\clean-v5.4\review.csv | data\discovery\mass-harvest-v5\clean-v5.5\review.csv | data\discovery\mega-harvest-v6\clean-v6\review.csv | data\discovery\review-universe-v1\still-review.csv
SAFE,greek_domain_direct_gift_url_and_text,tanea.gr,Όσκαρ: Τι κρύβει η φετινή gift card,https://www.tanea.gr/2024/03/09/lifearts/cinema/oskar-ti-kryvei-i-fetini-gift-card/,Όσκαρ: Τι κρύβει η φετινή gift card,100,3,Ο κύβος του Ρούμπικ και διαμονή σε πολυτελές ελβετικό σαλέ μεταξύ των φετινών δώρων. Όσκαρ: Τι κρύβει η φετινή gift card.,data\discovery\mass-harvest-v5\clean-v5.4\review.csv | data\discovery\mass-harvest-v5\clean-v5.5\review.csv | data\discovery\mega-harvest-v6\clean-v6\review.csv | data\discovery\review-universe-v1\still-review.csv
SAFE,greek_domain_direct_gift_url_and_text,tattooathens.com.gr,LTS Gift Card 20,https://tattooathens.com.gr/component/hikashop/product/46-lts-gift-card-20,LTS Gift Card 20,100,1,"LTS Gift Card 20. 20,00 €. A unique present for friends and loved ones is this gift card from Lonis Tattoo Studio. Because some gifts are forever! The Gift Card ...",data\discovery\mega-harvest-v6\clean-v6\review.csv | data\discovery\review-universe-v1\still-review.csv
SAFE,greek_domain_direct_gift_url_and_text,thetoc.gr,Gift card από τα Public: Χριστούγεννα χωρίς το άγχος της ...,https://www.thetoc.gr/epixeiriseis/article/gift-card-apo-ta-public-xristougenna-xoris-to-agxos-tis-epilogis/,Gift card από τα Public: Χριστούγεννα χωρίς το άγχος της ...,100,3,Η gift card των Public είναι το δώρο που προσαρμόζεται σε κάθε προσωπικότητα. ... My market Local: 4 χρυσά βραβεία στα Supermarket Awards 2025!,data\discovery\mass-harvest-v5\clean-v5.4\review.csv | data\discovery\mass-harvest-v5\clean-v5.5\review.csv | data\discovery\mega-harvest-v6\clean-v6\review.csv | data\discovery\review-universe-v1\still-review.csv
SAFE,greek_domain_direct_gift_url_and_text,tkdmarousi.gr,Vouchers 50%,https://tkdmarousi.gr/product/gift-cards-vouchers-50/,Gift Cards Vouchers 50%,100,3,... beauty studio or in our cosmetic shop. Amount is flexible and you can personalize your gift card with a message. ... Copyright © 2022 Marousi Martial Arts Academy,data\discovery\focused-harvest-v7\clean-v7\review.csv | data\discovery\focused-harvest-v7-run1-backup\clean-v7\review.csv | data\discovery\mega-harvest-v6\clean-v6\review.csv | data\discovery\review-universe-v1\still-review.csv
SAFE,greek_domain_direct_gift_url_and_text,tripadvisor.com.gr,"Dirextra Experiences, Courses and gift vouchers",https://www.tripadvisor.com.gr/Attraction_Review-g187069-d26696852-Reviews-Dirextra_Experiences_Courses_and_gift_vouchers-Manchester_Greater_Manchester_Eng.html,"Dirextra Experiences, Courses and gift vouchers",100,3,"Dirextra Experiences, Courses and gift vouchers, Μάντσεστερ - Δείτε κριτικές, πληροφορίες και φωτογραφίες στο Tripadvisor (Dirextra Experiences, Courses and ...",data\discovery\focused-harvest-v7\clean-v7\review.csv | data\discovery\focused-harvest-v7-run1-backup\clean-v7\review.csv | data\discovery\mega-harvest-v6\clean-v6\review.csv | data\discovery\review-universe-v1\still-review.csv
SAFE,greek_domain_direct_gift_url_and_text,vendora.gr,"Hotel key Daniel hotel καινούργιο,… - € 3,00",https://vendora.gr/items/ygwoqw/hotel-keygift-card-dead-sea-diamond-daniel-hotel-klidi-xenodochiou-katastasi-kenourgio.html,"Hotel key Daniel hotel καινούργιο,… - € 3,00",55,1,"Αγόρασε: Hotel key Daniel hotel καινούργιο, δωροκάρτα Dead sea… με € 3,00 ή βρες περισσότερες προσφορές στην κατηγορία Άλλα - Vendora.gr.",data\discovery\mega-harvest-v6\clean-v6\review.csv | data\discovery\review-universe-v1\still-review.csv
SAFE,greek_domain_direct_gift_url_and_text,xalkiadakis.gr,Χαλκιαδάκης και Happy Home: Χαρίστε Αγάπη ...,https://xalkiadakis.gr/article/giftcard_xalkiadakis?srsltid,Δωροκάρτα Χαλκιαδάκης και Happy Home: Χαρίστε Αγάπη ...,100,5,Δωροκάρτα Χαλκιαδάκης και Happy Home: Χαρίστε Αγάπη και Αξία με Ένα Δώρο που διαρκεί! · Ευκολία στη χρήση σε όλα τα Super Market Χαλκιαδάκης ...,data\discovery\focused-harvest-v7\clean-v7\review.csv | data\discovery\focused-harvest-v7-run1-backup\clean-v7\review.csv | data\discovery\mass-harvest-v5\clean-v5.4\review.csv | data\discovery\mass-harvest-v5\clean-v5.5\review.csv | data\discovery\mega-harvest-v6\clean-v6\review.csv | data\discovery\review-universe-v1\still-review.csv
SAFE,greek_domain_direct_gift_url_and_text,zougla.gr,Ηλεκτρονική δωροκάρτα Skroutz: Μια ακόμη υπηρεσία του ...,https://www.zougla.gr/technology/world-of-tech/ilektroniki-dorokarta-skroutz-mia-akomi-ipiresia-tou-skroutz-marketplace-gia-ka8e-peristasi/,Ηλεκτρονική δωροκάρτα Skroutz: Μια ακόμη υπηρεσία του ...,80,1,"Ο χρήστης μπορεί να επιλέξει δωροκάρτα αξίας 20€, 50€, 100€ και 150€, και για την αποστολή της αρκεί απλά να γνωρίζει το email του παραλήπτη. Η ...",data\discovery\mass-harvest-v5\clean-v5.1\review.csv | data\discovery\mass-harvest-v5\clean-v5.2\manual-review.csv | data\discovery\mass-harvest-v5\clean-v5.3\global-review.csv | data\discovery\mass-harvest-v5\clean-v5.4\review.csv | data\discovery\mass-harvest-v5\clean-v5.5\review.csv
