v4_score,domain,merchant_name,possible_official_url,title,snippet,query,occurrences,source_files,discovery_statuses,result_bucket,result_reason,v4_bucket,v4_reason,v5_bucket,v5_reason
105,decathlon.com.cy,Decathlon cyprus online gift card,https://decathlon.com.cy/products/gift-cards?srsltid=AfmBOor_aN1xotEP8NwOusLh8qxyYxSuFuIOvn7N-_WKs4RjZhZMKQEC,Decathlon cyprus online gift card,"Start shopping. Decathlon cyprus online gift card. Sale price€10,00. /. Add to cart. Home.","""Cyprus"" fashion ""gift card"" official",4,data\discovery\mass-harvest-v5\clean-v5.2\global-review.csv | data\discovery\mass-harvest-v5\clean-v5.3\global-review.csv | data\discovery\mass-harvest-v5\clean-v5.4\review.csv | data\discovery\mass-harvest-v5\clean-v5.5\review.csv,,REVIEW,non_greek_brand_coherence_unclear,MANUAL_HIGH,gift_title|gift_url|gift_snippet|repeated_source|multi_source|brand_domain_match,GLOBAL_GREECE_REVIEW,recognized_global_brand_possible_greece_relevance
105,next.co.uk,Classic Gift Cards | Next Official Site,https://www.next.co.uk/gift-cards,Classic Gift Cards | Next Official Site,"... uk · COACH · Mulberry · New In · Trainers ... With so much choice at their fingertips, give them the perfect present for every occasion with a gift card from Next ...","""UK"" retail ""gift card"" official",4,data\discovery\mass-harvest-v5\clean-v5.2\global-review.csv | data\discovery\mass-harvest-v5\clean-v5.3\global-review.csv | data\discovery\mass-harvest-v5\clean-v5.4\review.csv | data\discovery\mass-harvest-v5\clean-v5.5\review.csv,,REVIEW,non_greek_brand_coherence_unclear,MANUAL_HIGH,gift_title|gift_url|gift_snippet|repeated_source|multi_source|brand_domain_match,GLOBAL_GREECE_REVIEW,recognized_global_brand_possible_greece_relevance
105,tripadeal.com.au,TripADeal e-Gift Voucher | Tour Package,https://www.tripadeal.com.au/gift-vouchers,TripADeal e-Gift Voucher | Tour Package,"Europe. Hotels. Find your next escape. Exclusive Hotel Packages Curated ... To apply any remaining e-Gift Voucher balance to subsequent instalments payment, ...","""Europe"" travel ""gift voucher"" official",4,data\discovery\mass-harvest-v5\clean-v5.2\global-review.csv | data\discovery\mass-harvest-v5\clean-v5.3\global-review.csv | data\discovery\mass-harvest-v5\clean-v5.4\review.csv | data\discovery\mass-harvest-v5\clean-v5.5\review.csv,,REVIEW,non_greek_brand_coherence_unclear,MANUAL_HIGH,gift_title|gift_url|gift_snippet|repeated_source|multi_source|brand_domain_match,GLOBAL_GREECE_REVIEW,recognized_global_brand_possible_greece_relevance
95,axhotelsmalta.com,Gift Vouchers,https://axhotelsmalta.com/gift-vouchers/,Gift Vouchers,"... Gift Voucher unlocks a world of experiences to choose from. PREV. NEXT. AX The Heights Residences. Rabat, Malta · Verdala Wellness – AX Privilege. Rabat, Malta.","""Malta"" travel ""gift voucher"" official",4,data\discovery\mass-harvest-v5\clean-v5.2\global-review.csv | data\discovery\mass-harvest-v5\clean-v5.3\global-review.csv | data\discovery\mass-harvest-v5\clean-v5.4\review.csv | data\discovery\mass-harvest-v5\clean-v5.5\review.csv,,REVIEW,non_greek_brand_coherence_unclear,MANUAL_HIGH,gift_title|gift_url|gift_snippet|repeated_source|multi_source,GLOBAL_GREECE_REVIEW,recognized_global_brand_possible_greece_relevance
95,boots.com,Gift Cards & e-Cards,https://www.boots.com/gift/gift-cards?srsltid=AfmBOoqwEe4Q5_7rftgr_q0dgCAh7HlppqTrmEcaPPUO6-X3v9oum_dE,Gift Cards & e-Cards,Where can I buy a gift card or e-card? UK customers can purchase our gift cards online here or you can purchase them from our stores. Use the store locator ...,"""UK"" beauty ""gift card"" official",4,data\discovery\mass-harvest-v5\clean-v5.2\global-review.csv | data\discovery\mass-harvest-v5\clean-v5.3\global-review.csv | data\discovery\mass-harvest-v5\clean-v5.4\review.csv | data\discovery\mass-harvest-v5\clean-v5.5\review.csv,,REVIEW,non_greek_brand_coherence_unclear,MANUAL_HIGH,gift_title|gift_url|gift_snippet|repeated_source|multi_source,GLOBAL_GREECE_REVIEW,recognized_global_brand_possible_greece_relevance
95,chicgreekgifts.com,Gift Cards,https://chicgreekgifts.com/en/13-gift-cards,Gift Cards,... Decor · For Her · Sustainable · Ariadnes Thread Eco Series · For Him · Corporate ... We can send your gift card/voucher on any date within the next three months.,"""decor"" ""gift card"" Greece",5,data\discovery\mass-harvest-v5\clean-v5.2\global-review.csv | data\discovery\mass-harvest-v5\clean-v5.3\global-review.csv | data\discovery\mass-harvest-v5\clean-v5.4\review.csv | data\discovery\mass-harvest-v5\clean-v5.5\review.csv | data\discovery\mega-harvest-v6\clean-v6\review.csv,,REVIEW,non_greek_brand_coherence_unclear,MANUAL_HIGH,gift_title|gift_url|gift_snippet|repeated_source|multi_source,GLOBAL_GREECE_REVIEW,recognized_global_brand_possible_greece_relevance
95,de.accor-giftcards.com,ALL Gift Card – Dive into the love of travel with Accor | Buy Now,https://de.accor-giftcards.com/,ALL Gift Card – Dive into the love of travel with Accor | Buy Now,"Switzerland (CHF), United Kingdom (GBP). Language. English. Confirm selection ... A gift card, a thousand experiences: stays, spas, dinners, and more! Give ...","""Switzerland"" hotel ""gift card"" official",4,data\discovery\mass-harvest-v5\clean-v5.2\global-review.csv | data\discovery\mass-harvest-v5\clean-v5.3\global-review.csv | data\discovery\mass-harvest-v5\clean-v5.4\review.csv | data\discovery\mass-harvest-v5\clean-v5.5\review.csv,,REVIEW,non_greek_brand_coherence_unclear,MANUAL_HIGH,gift_title|gift_url|gift_snippet|repeated_source|multi_source,GLOBAL_GREECE_REVIEW,recognized_global_brand_possible_greece_relevance
95,fairmont.com,Luxury Hotel & Spa Gift Cards,https://www.fairmont.com/en/gift-card.html,Luxury Hotel & Spa Gift Cards,"Give the gift of luxury with a Fairmont hotel gift card, redeemable worldwide for stays, dining, spa and golf ... Switzerland. Geneva - Grand Hotel Geneva ...","""Switzerland"" hotel ""gift card"" official",4,data\discovery\mass-harvest-v5\clean-v5.2\global-review.csv | data\discovery\mass-harvest-v5\clean-v5.3\global-review.csv | data\discovery\mass-harvest-v5\clean-v5.4\review.csv | data\discovery\mass-harvest-v5\clean-v5.5\review.csv,,REVIEW,non_greek_brand_coherence_unclear,MANUAL_HIGH,gift_title|gift_url|gift_snippet|repeated_source|multi_source,GLOBAL_GREECE_REVIEW,recognized_global_brand_possible_greece_relevance
95,fourseasons.com.cy,Gift Card,https://www.fourseasons.com.cy/gift-cards,Gift Card,Gift card €100. Terms & Conditions. • This gift card is valid ONLY at the Four Seasons Cyprus. • The gift card can be redeemed for any purchases at the Hotel ...,"""Cyprus"" hotel ""gift card"" official",4,data\discovery\mass-harvest-v5\clean-v5.2\global-review.csv | data\discovery\mass-harvest-v5\clean-v5.3\global-review.csv | data\discovery\mass-harvest-v5\clean-v5.4\review.csv | data\discovery\mass-harvest-v5\clean-v5.5\review.csv,,REVIEW,non_greek_brand_coherence_unclear,MANUAL_HIGH,gift_title|gift_url|gift_snippet|repeated_source|multi_source,GLOBAL_GREECE_REVIEW,recognized_global_brand_possible_greece_relevance
95,gucci.com,Designer Gift Cards,https://www.gucci.com/cz/en_gb/st/giftcard,Designer Gift Cards,"The Gift Card can be used only in the Czech Republic and in the Gucci boutiques of Prague (""Gucci Boutiques""). Only Gift Cards issued in the Gucci Boutiques are ...","""Czech Republic"" fashion ""gift card"" official",4,data\discovery\mass-harvest-v5\clean-v5.2\global-review.csv | data\discovery\mass-harvest-v5\clean-v5.3\global-review.csv | data\discovery\mass-harvest-v5\clean-v5.4\review.csv | data\discovery\mass-harvest-v5\clean-v5.5\review.csv,,REVIEW,non_greek_brand_coherence_unclear,MANUAL_HIGH,gift_title|gift_url|gift_snippet|repeated_source|multi_source,GLOBAL_GREECE_REVIEW,recognized_global_brand_possible_greece_relevance
95,hiltongiftcards.co.uk,Hilton Hotel Gift Cards | The Perfect Stay Gift,https://www.hiltongiftcards.co.uk/,Hilton Hotel Gift Cards | The Perfect Stay Gift,"Give the gift of comfort and adventure. Hilton Hotel Gift Cards are valid for 5 years and can be used at select hotels across the UK, Ireland & Europe.","""UK"" hotel ""gift card"" official",4,data\discovery\mass-harvest-v5\clean-v5.2\global-review.csv | data\discovery\mass-harvest-v5\clean-v5.3\global-review.csv | data\discovery\mass-harvest-v5\clean-v5.4\review.csv | data\discovery\mass-harvest-v5\clean-v5.5\review.csv,,REVIEW,non_greek_brand_coherence_unclear,MANUAL_HIGH,gift_title|gift_url|gift_snippet|repeated_source|multi_source,GLOBAL_GREECE_REVIEW,recognized_global_brand_possible_greece_relevance
95,hotels.com,Buy Travel Gift Cards Online,https://www.hotels.com/lp/b/giftcards,Buy Travel Gift Cards Online,Will I earn OneKeyCash™ on hotel bookings made with a Hotels.com gift card? ... Hotels in Italy · Hotels in United Kingdom · Hotels in France · Hotels in Spain.,"""Italy"" hotel ""gift card"" official",4,data\discovery\mass-harvest-v5\clean-v5.2\global-review.csv | data\discovery\mass-harvest-v5\clean-v5.3\global-review.csv | data\discovery\mass-harvest-v5\clean-v5.4\review.csv | data\discovery\mass-harvest-v5\clean-v5.5\review.csv,,REVIEW,non_greek_brand_coherence_unclear,MANUAL_HIGH,gift_title|gift_url|gift_snippet|repeated_source|multi_source,GLOBAL_GREECE_REVIEW,recognized_global_brand_possible_greece_relevance
95,intimissimi.com,Gift Card or Certificate,https://www.intimissimi.com/cy/giftcard/,Gift Card or Certificate,A gift that never goes out of fashion! Use it online or print it for in-store use. Buy e-gift card for women Buy e-gift card for men ... Cyprus or on the online ...,"""Cyprus"" beauty ""gift card"" official",4,data\discovery\mass-harvest-v5\clean-v5.2\global-review.csv | data\discovery\mass-harvest-v5\clean-v5.3\global-review.csv | data\discovery\mass-harvest-v5\clean-v5.4\review.csv | data\discovery\mass-harvest-v5\clean-v5.5\review.csv,,REVIEW,non_greek_brand_coherence_unclear,MANUAL_HIGH,gift_title|gift_url|gift_snippet|repeated_source|multi_source,GLOBAL_GREECE_REVIEW,recognized_global_brand_possible_greece_relevance
95,minorhotels.com,Online Voucher,https://www.minorhotels.com/en/egiftcard,Online Voucher | eGift Card Redemption,"Austria, Graz, NH Graz City, Salzburg, NH Collection Salzburg City, Vienna ... If an important anniversary is approaching, a gift card can be the ideal way to ...","""Austria"" hotel ""gift card"" official",4,data\discovery\mass-harvest-v5\clean-v5.2\global-review.csv | data\discovery\mass-harvest-v5\clean-v5.3\global-review.csv | data\discovery\mass-harvest-v5\clean-v5.4\review.csv | data\discovery\mass-harvest-v5\clean-v5.5\review.csv,,REVIEW,non_greek_brand_coherence_unclear,MANUAL_HIGH,gift_title|gift_url|gift_snippet|repeated_source|multi_source,GLOBAL_GREECE_REVIEW,recognized_global_brand_possible_greece_relevance
95,nh-hotels.com,Minor Hotels Europe & Americas,https://www.nh-hotels.com/en/giftcards,Minor Hotels Europe & Americas - Gift Cards,"An Minor Hotels Europe & Americas gift card can be used to pay for accommodation charges and any other services available at participating hotels. So, whether ...","""Europe"" hotel ""gift card"" official",4,data\discovery\mass-harvest-v5\clean-v5.2\global-review.csv | data\discovery\mass-harvest-v5\clean-v5.3\global-review.csv | data\discovery\mass-harvest-v5\clean-v5.4\review.csv | data\discovery\mass-harvest-v5\clean-v5.5\review.csv,,REVIEW,non_greek_brand_coherence_unclear,MANUAL_HIGH,gift_title|gift_url|gift_snippet|repeated_source|multi_source,GLOBAL_GREECE_REVIEW,recognized_global_brand_possible_greece_relevance
95,originalirishhotels.com,Buy a Hotel Gift Voucher for a Loved One!,https://www.originalirishhotels.com/oih-gift-vouchers/personal-gift-voucher,Buy a Hotel Gift Voucher for a Loved One!,Treat someone special to an Original Irish Hotels Gift Voucher today. With a choice of over 50 unique hotels in captivating locations all around Ireland.,"""Ireland"" travel ""gift voucher"" official",4,data\discovery\mass-harvest-v5\clean-v5.2\global-review.csv | data\discovery\mass-harvest-v5\clean-v5.3\global-review.csv | data\discovery\mass-harvest-v5\clean-v5.4\review.csv | data\discovery\mass-harvest-v5\clean-v5.5\review.csv,,REVIEW,non_greek_brand_coherence_unclear,MANUAL_HIGH,gift_title|gift_url|gift_snippet|repeated_source|multi_source,GLOBAL_GREECE_REVIEW,recognized_global_brand_possible_greece_relevance
95,sanahotels.com,Gift Voucher Card - EPIC SANA Marquês,https://www.sanahotels.com/en/hotel/epic-sana-marques/vouchers/sayanna-spa-gift-card/,Gift Voucher Card - EPIC SANA Marquês,GIFT VOUCHER SAYANNA WELLNESS & SPA. Offer a wellness experience to someone you love. And why not allow someone truly special to reach a state of pure ...,"""wellness"" ""gift voucher"" Greece",4,data\discovery\mass-harvest-v5\clean-v5.2\global-review.csv | data\discovery\mass-harvest-v5\clean-v5.3\global-review.csv | data\discovery\mass-harvest-v5\clean-v5.4\review.csv | data\discovery\mass-harvest-v5\clean-v5.5\review.csv,,REVIEW,non_greek_brand_coherence_unclear,MANUAL_HIGH,gift_title|gift_url|gift_snippet|repeated_source|multi_source,GLOBAL_GREECE_REVIEW,recognized_global_brand_possible_greece_relevance
95,scandichotels.com,Hotel Gift Cards,https://www.scandichotels.com/en/offers/gift-card,Hotel Gift Cards,Hotel gift card. Give a hotel stay including a delicious breakfast; Or a ... Denmark · Finland · Germany · Norway · Sweden. Order 10 or more gift cards. If you'd ...,"""Sweden"" hotel ""gift card"" official",4,data\discovery\mass-harvest-v5\clean-v5.2\global-review.csv | data\discovery\mass-harvest-v5\clean-v5.3\global-review.csv | data\discovery\mass-harvest-v5\clean-v5.4\review.csv | data\discovery\mass-harvest-v5\clean-v5.5\review.csv,,REVIEW,non_greek_brand_coherence_unclear,MANUAL_HIGH,gift_title|gift_url|gift_snippet|repeated_source|multi_source,GLOBAL_GREECE_REVIEW,recognized_global_brand_possible_greece_relevance
95,tescogiftcards.com,Hotels.com eGift,https://www.tescogiftcards.com/card_designs/hotels-com-egift,Hotels.com eGift,"Available card balance only to be used for online payment of new hotel bookings at uk.Hotels.com. Only one gift card can be redeemed per online booking, but ...","""UK"" hotel ""gift card"" official",5,data\discovery\mass-harvest-v5\clean-v5.1\review.csv | data\discovery\mass-harvest-v5\clean-v5.2\manual-review.csv | data\discovery\mass-harvest-v5\clean-v5.3\global-review.csv | data\discovery\mass-harvest-v5\clean-v5.4\review.csv | data\discovery\mass-harvest-v5\clean-v5.5\review.csv,,REVIEW,gift_signal_only_in_snippet,MANUAL_HIGH,gift_title|gift_url|gift_snippet|repeated_source|multi_source,GLOBAL_GREECE_REVIEW,recognized_global_brand_possible_greece_relevance
95,thonhotels.com,Hotel gift card,https://www.thonhotels.com/about-thon-hotels/gift-card/,Hotel gift card,The gift card from dittgavekort.no cannot be used in Sweden. See dittpresentkort.se for gift cards that can be used in Sweden. Expiry and loss of gift card.,"""Sweden"" hotel ""gift card"" official",4,data\discovery\mass-harvest-v5\clean-v5.2\global-review.csv | data\discovery\mass-harvest-v5\clean-v5.3\global-review.csv | data\discovery\mass-harvest-v5\clean-v5.4\review.csv | data\discovery\mass-harvest-v5\clean-v5.5\review.csv,,REVIEW,non_greek_brand_coherence_unclear,MANUAL_HIGH,gift_title|gift_url|gift_snippet|repeated_source|multi_source,GLOBAL_GREECE_REVIEW,recognized_global_brand_possible_greece_relevance
90,shop.themodernisthotels.com,The Modernist Gift Voucher,https://shop.themodernisthotels.com/product/the-modernist-gift-voucher/,The Modernist Gift Voucher,"The Modernist Gift Voucher. €100.00 – €2,000.00 Price range: €100.00 through €2,000.00. Offering your loved ones The Modernist experience has never been easier.","""Thessaloniki"" ""experience"" ""gift voucher""",2,data\discovery\focused-harvest-v7\clean-v7\review.csv | data\discovery\focused-harvest-v7-run1-backup\clean-v7\review.csv,,REVIEW,non_greek_brand_coherence_unclear,MANUAL_HIGH,gift_title|gift_url|gift_snippet|repeated_source,GLOBAL_GREECE_REVIEW,recognized_global_brand_possible_greece_relevance
65,irelandhotels.com,Hotels in Ireland | Go Anywhere Gift Card,https://www.irelandhotels.com/ireland.html?srsltid=AfmBOoo1p0E0kn2WDVS4dja4O_z31pHBl9Iasw1m6Qu4TOuw_tpDa9zv,Hotels in Ireland | Go Anywhere Gift Card,Corporate Gift Card · Ireland Hotels Buy Gift Card · Ireland Hotels Buy Gift Card. Clare www.irelandhotels.com_v3. Counties. Ireland. See All Hotels. Ireland.,"""Ireland"" hotel ""gift card"" official",5,data\discovery\mass-harvest-v5\clean-v5.1\review.csv | data\discovery\mass-harvest-v5\clean-v5.2\manual-review.csv | data\discovery\mass-harvest-v5\clean-v5.3\global-review.csv | data\discovery\mass-harvest-v5\clean-v5.4\review.csv | data\discovery\mass-harvest-v5\clean-v5.5\review.csv,,REVIEW,non_greek_brand_coherence_unclear,MANUAL_HIGH,gift_title|gift_snippet|repeated_source|multi_source,GLOBAL_GREECE_REVIEW,recognized_global_brand_possible_greece_relevance
65,reboots.com,Digital gift voucher,https://reboots.com/en/products/digitaler-geschenkgutschein,Digital gift voucher,The digital gift voucher from Reboots is the ideal gift for ambitious athletes and fitness enthusiasts ... Hobby Athlet. What sports do you do? Triathlon.,"""hobby"" ""gift voucher"" Greece",6,data\discovery\mass-harvest-v5\clean-v5.1\review.csv | data\discovery\mass-harvest-v5\clean-v5.2\manual-review.csv | data\discovery\mass-harvest-v5\clean-v5.3\global-review.csv | data\discovery\mass-harvest-v5\clean-v5.4\review.csv | data\discovery\mass-harvest-v5\clean-v5.5\review.csv | data\discovery\mega-harvest-v6\clean-v6\review.csv,,REVIEW,non_greek_brand_coherence_unclear,MANUAL_HIGH,gift_title|gift_snippet|repeated_source|multi_source,GLOBAL_GREECE_REVIEW,recognized_global_brand_possible_greece_relevance
65,starhotels.com,"Hotel Gift Card New York, Paris and Italy | E-shop",https://www.starhotels.com/en/egift/,"Hotel Gift Card New York, Paris and Italy | E-shop","... Gift Card New York, Paris and Italy | E-shop ... Choose the amount you prefer and buy a Monetary Gift valid for all our hotels in Italy* and Paris.","""Italy"" hotel ""gift card"" official",5,data\discovery\mass-harvest-v5\clean-v5.1\review.csv | data\discovery\mass-harvest-v5\clean-v5.2\manual-review.csv | data\discovery\mass-harvest-v5\clean-v5.3\global-review.csv | data\discovery\mass-harvest-v5\clean-v5.4\review.csv | data\discovery\mass-harvest-v5\clean-v5.5\review.csv,,REVIEW,non_greek_brand_coherence_unclear,MANUAL_HIGH,gift_title|gift_snippet|repeated_source|multi_source,GLOBAL_GREECE_REVIEW,recognized_global_brand_possible_greece_relevance
