v4_score,domain,merchant_name,possible_official_url,title,snippet,query,occurrences,source_files,discovery_statuses,result_bucket,result_reason,v4_bucket,v4_reason,v4_1_bucket,v4_1_reason
125,faq.sephora.gr,Πώς μπορώ να χρησιμοποιήσω τη Gift card μου διαδικτυακά;,https://faq.sephora.gr/s/article/%CE%9C%CF%80%CE%BF%CF%81%CF%8E-%CE%BD%CE%B1-%CE%B1%CE%B3%CE%BF%CF%81%CE%AC%CF%83%CF%89-%CE%BC%CE%B9%CE%B1-Gift-Card%CF%83%CF%84%CE%BF-Sephora-gr,Πώς μπορώ να χρησιμοποιήσω τη Gift card μου διαδικτυακά;,Για να χρησιμοποιήσετε τη Gift card σας ... Μπορείτε να επικοινωνήσετε με την Εξυπηρέτηση Πελατών 2111000800 αναφέροντας τον αριθμό της Gift card σας.,"site:.gr ""gift card""",2,data\discovery\focused-harvest-v7\clean-v7\review.csv | data\discovery\focused-harvest-v7-run1-backup\clean-v7\review.csv,,REVIEW,greek_domain_brand_coherence_unclear,AUTO_SAFE,greek_tld|gift_title|gift_url|gift_snippet|repeated_source,MANUAL,support_promo_ticket_or_dev_subdomain
125,promo.lainasprinting.gr,Gift card box Hako - White,https://promo.lainasprinting.gr/en/gift-card-box-hako--white---PP43080.3,Gift card box Hako - White,"Gift card box Hako - White ... Select from available print options and get product price including your individual printing. And finish your order online. ... 1+ 2, ...","site:.gr ""printing"" ""gift card""",2,data\discovery\mass-harvest-v5\clean-v5.4\review.csv | data\discovery\mass-harvest-v5\clean-v5.5\review.csv,,REVIEW,greek_domain_brand_coherence_unclear,AUTO_SAFE,greek_tld|gift_title|gift_url|gift_snippet|repeated_source,MANUAL,support_promo_ticket_or_dev_subdomain
125,tickets.in.gr,Δωροκάρτα (art pass) | Εισιτήρια online! - Tickets - In.gr,https://tickets.in.gr/gr-el/tickets/theater/dorokarta-art-pass/,Δωροκάρτα (art pass) | Εισιτήρια online! - Tickets - In.gr,"Δωροκάρτα ΚΘΒΕ. Art pass. Βάλε την τέχνη σε ένα δώρο! Ένα δώρο γεμάτο πολιτισμό και τέχνη για κάθε λόγο και με κάθε αφορμή! Για τα γενέθλια, την ονομαστική ...","""art"" ""δωροκάρτα"" Greece",1,data\discovery\mega-harvest-v6\clean-v6\review.csv,,REVIEW,greek_domain_brand_coherence_unclear,AUTO_SAFE,greek_tld|gift_title|gift_url|gift_snippet|brand_domain_match,MANUAL,support_promo_ticket_or_dev_subdomain
100,ammilos.gr,Κάρτα Δώρου Άμμιλος | Πρωτότυπες Γαστρονομικές Εμπειρίες,https://ammilos.gr/karta-dorou-ammilos/,Κάρτα Δώρου Άμμιλος | Πρωτότυπες Γαστρονομικές Εμπειρίες,"Η Κάρτα Δώρου Άμμιλος είναι το πιο πρωτότυπο δώρο! Μαθήματα μαγειρικής για παιδιά, εφήβους, ενήλικες και εταιρείες στη Θεσσαλονίκη. Δωρίστε μια εμπειρία ...","""κάρτα δώρου""",6,data\discovery\mass-harvest-v5\clean-v5.1\review.csv | data\discovery\mass-harvest-v5\clean-v5.2\manual-review.csv | data\discovery\mass-harvest-v5\clean-v5.3\global-review.csv | data\discovery\mass-harvest-v5\clean-v5.4\review.csv | data\discovery\mass-harvest-v5\clean-v5.5\review.csv | data\discovery\mega-harvest-v6\clean-v6\review.csv,,REVIEW,greek_domain_brand_coherence_unclear,AUTO_SAFE,greek_tld|gift_title|gift_snippet|repeated_source|multi_source,MANUAL,gift_title_but_url_not_direct
100,armadio.gr,120,https://www.armadio.gr/en/shop/%CE%B4%CF%89%CF%81%CE%BF%CE%BA%CE%AC%CF%81%CF%84%CE%B1-120,Δωροκάρτα 120 - Gift cards,Δωροκάρτα 120€ Gift cards Δωροκάρτα αξίας 120 ... Women's clothing; 3Dresses · Shirts; 3Skirts; 7Blouses ... Δωροκάρτα 120€. Δωροκάρτα 120€. dorokarta120-01 ...,"site:.gr ""clothing"" ""δωροκάρτα""",7,data\discovery\focused-harvest-v7\clean-v7\review.csv | data\discovery\focused-harvest-v7-run1-backup\clean-v7\review.csv | data\discovery\mass-harvest-v5\clean-v5.1\review.csv | data\discovery\mass-harvest-v5\clean-v5.2\manual-review.csv | data\discovery\mass-harvest-v5\clean-v5.3\global-review.csv | data\discovery\mass-harvest-v5\clean-v5.4\review.csv | data\discovery\mass-harvest-v5\clean-v5.5\review.csv,,REVIEW,greek_domain_brand_coherence_unclear,AUTO_SAFE,greek_tld|gift_title|gift_snippet|repeated_source|multi_source,MANUAL,gift_title_but_url_not_direct
100,athani.gr,Αθανη Spa 'n' Sauna Gift Card (Δωροκαρτα),https://www.athani.gr/%CE%B4%CF%89%CF%81%CE%BF%CE%BA%CE%B1%CF%81%CF%84%CE%B1/,Αθανη Spa 'n' Sauna Gift Card (Δωροκαρτα),"Αθανη Spa 'n' Sauna Gift Card (Δωροκαρτα). Ενα ξεχωριστο δωρο ... Κάθε δωροκάρτα έχει ημερομηνία λήξεως, 1 έτος μέτα την ημερομηνία έκδοσης της.","site:.gr ""spa"" ""δωροκάρτα""",7,data\discovery\focused-harvest-v7\clean-v7\review.csv | data\discovery\mass-harvest-v5\clean-v5.1\review.csv | data\discovery\mass-harvest-v5\clean-v5.2\manual-review.csv | data\discovery\mass-harvest-v5\clean-v5.3\global-review.csv | data\discovery\mass-harvest-v5\clean-v5.4\review.csv | data\discovery\mass-harvest-v5\clean-v5.5\review.csv | data\discovery\mega-harvest-v6\clean-v6\review.csv,,REVIEW,greek_domain_brand_coherence_unclear,AUTO_SAFE,greek_tld|gift_title|gift_snippet|repeated_source|multi_source,MANUAL,gift_title_but_url_not_direct
100,badu.gr,1-5 τμχ Δωροκάρτες Προσκλητήριο γάμου Starry Sky Dried ...,https://badu.gr/1-5-%CF%84%CE%BC%CF%87-%CE%B4%CF%89%CF%81%CE%BF%CE%BA%CE%AC%CF%81%CF%84%CE%B5%CF%82-%CF%80%CF%81%CE%BF%CF%83%CE%BA%CE%BB%CE%B7%CF%84%CE%AE%CF%81%CE%B9%CE%BF-%CE%B3%CE%AC%CE%BC%CE%BF%CF%85-starry-sky-dried-flowers-%CF%87%CE%B5%CE%B9%CF%81%CF%8C%CE%B3%CF%81%CE%B1%CF%86%CE%B7-%CE%B5%CF%85%CE%BB%CE%BF%CE%B3%CE%AF%CE%B1-%CE%B3%CE%B5%CE%BD%CE%AD%CE%B8%CE%BB%CE%B9%CE%B1-%CE%B5%CF%85%CF%87%CE%B1%CF%81%CE%B9%CF%83%CF%84%CF%8E-%CE%B4%CF%89%CF%81%CE%BF%CE%BA%CE%AC%CF%81%CF%84%CE%B1-%CE%B3%CE%B9%CE%B1-%CF%84%CE%B7-%CE%B3%CE%B9%CE%BF%CF%81%CF%84%CE%AE-%CF%84%CE%B7%CF%82-%CE%BC%CE%B7%CF%84%CE%AD%CF%81%CE%B1%CF%82-p-542016.html,1-5 τμχ Δωροκάρτες Προσκλητήριο γάμου Starry Sky Dried ...,1-5 τμχ Δωροκάρτες Προσκλητήριο γάμου Starry Sky Dried Flowers Χειρόγραφη Ευλογία Γενέθλια Ευχαριστώ Δωροκάρτα για τη γιορτή της μητέραςσε τιμή των 5.8 €.,"site:.gr ""flowers"" ""δωροκάρτα""",8,data\discovery\focused-harvest-v7\clean-v7\review.csv | data\discovery\focused-harvest-v7-run1-backup\clean-v7\review.csv | data\discovery\mass-harvest-v5\clean-v5.1\review.csv | data\discovery\mass-harvest-v5\clean-v5.2\manual-review.csv | data\discovery\mass-harvest-v5\clean-v5.3\global-review.csv | data\discovery\mass-harvest-v5\clean-v5.4\review.csv | data\discovery\mass-harvest-v5\clean-v5.5\review.csv | data\discovery\mega-harvest-v6\clean-v6\review.csv,,REVIEW,greek_domain_brand_coherence_unclear,AUTO_SAFE,greek_tld|gift_title|gift_snippet|repeated_source|multi_source,MANUAL,gift_title_but_url_not_direct
100,balabim.gr,Δωροεπιταγή 30 Ευρώ,https://www.balabim.gr/dhoroepitayi-30-evro/?srsltid=AfmBOooF22rhYxYqgljEu6Pq_jVhffxCa8hkZqHX6_zXNOVz7_LPDo6k,Δωροεπιταγή 30 Ευρώ,"Η χρήση της δωροεπιταγής περιορίζεται σε 1 έτος από την ημερομηνία αγοράς· μετά το πέρας αυτής της περιόδου, η δωροεπιταγή δεν ισχύει πλέον. Η αξία της ...","site:.gr ""δωροεπιταγή""",3,data\discovery\focused-harvest-v7\clean-v7\review.csv | data\discovery\focused-harvest-v7-run1-backup\clean-v7\review.csv | data\discovery\mega-harvest-v6\clean-v6\review.csv,,REVIEW,greek_domain_brand_coherence_unclear,AUTO_SAFE,greek_tld|gift_title|gift_snippet|repeated_source|multi_source,MANUAL,gift_title_but_url_not_direct
100,baladeur.gr,Τί είναι η δωροεπιταγή;,https://www.baladeur.gr/ti-einai-dwroepitagi-baladeur.aspx,Τί είναι η δωροεπιταγή;,"Η δωροεπιταγή είναι Πιστωτικό μέσο προκαθορισμένης αξίας, εξαργυρώσιμο αποκλειστικά σε Voucher Εμπειρίας. Χαρίστε μία δωροεπιταγή Baladeur σε συσκευασία ...","site:.gr ""δωροεπιταγή""",8,data\discovery\focused-harvest-v7\clean-v7\review.csv | data\discovery\focused-harvest-v7-run1-backup\clean-v7\review.csv | data\discovery\mass-harvest-v5\clean-v5.1\review.csv | data\discovery\mass-harvest-v5\clean-v5.2\manual-review.csv | data\discovery\mass-harvest-v5\clean-v5.3\global-review.csv | data\discovery\mass-harvest-v5\clean-v5.4\review.csv | data\discovery\mass-harvest-v5\clean-v5.5\review.csv | data\discovery\mega-harvest-v6\clean-v6\review.csv,,REVIEW,greek_domain_brand_coherence_unclear,AUTO_SAFE,greek_tld|gift_title|gift_snippet|repeated_source|multi_source,MANUAL,gift_title_but_url_not_direct
100,bodymaxx.gr,BMXX Δωροκάρτα,https://www.bodymaxx.gr/BMXX-%CE%94%CF%89%CF%81%CE%BF%CE%BA%CE%AC%CF%81%CF%84%CE%B1-p552220280,BMXX Δωροκάρτα,"Χαρίστε στους αγαπημένους σας το δώρο της επιλογής τους!!!! Αυτή είναι μια ψηφιακή δωροκάρτα. Μετά την αγορά, θα λάβετε ένα email με τη δωροκάρτα και οδηγίες ...","""Greece"" ""δωροκάρτα""",5,data\discovery\mass-harvest-v5\clean-v5.1\review.csv | data\discovery\mass-harvest-v5\clean-v5.2\manual-review.csv | data\discovery\mass-harvest-v5\clean-v5.3\global-review.csv | data\discovery\mass-harvest-v5\clean-v5.4\review.csv | data\discovery\mass-harvest-v5\clean-v5.5\review.csv,,REVIEW,greek_domain_brand_coherence_unclear,AUTO_SAFE,greek_tld|gift_title|gift_snippet|repeated_source|multi_source,MANUAL,gift_title_but_url_not_direct
100,botilia.gr,Κάρτα Δώρου 50,https://www.botilia.gr/p/dwra/Botilia-gift-cart-50?srsltid,Κάρτα Δώρου 50,"Μόνο μία δωροκάρτα κάθε φορά μπορεί να χρησιμοποιηθεί για κάθε παραγγελία. Μετά την αγορά της δωροκάρτας, θα σας σταλλεί με email η δωροκάρτα ... WINE ...","site:.gr ""wine"" ""δωροκάρτα""",8,data\discovery\focused-harvest-v7\clean-v7\review.csv | data\discovery\focused-harvest-v7-run1-backup\clean-v7\review.csv | data\discovery\mass-harvest-v5\clean-v5.1\review.csv | data\discovery\mass-harvest-v5\clean-v5.2\manual-review.csv | data\discovery\mass-harvest-v5\clean-v5.3\global-review.csv | data\discovery\mass-harvest-v5\clean-v5.4\review.csv | data\discovery\mass-harvest-v5\clean-v5.5\review.csv | data\discovery\mega-harvest-v6\clean-v6\review.csv,,REVIEW,greek_domain_brand_coherence_unclear,AUTO_SAFE,greek_tld|gift_title|gift_snippet|repeated_source|multi_source,MANUAL,gift_title_but_url_not_direct
100,davosoutdoor.gr,Αγοράστε μία Δωροεπιταγή,https://davosoutdoor.gr/index.php?route,Αγοράστε μία Δωροεπιταγή,Η ηλεκτρονική δωροκάρτα δεν εξαργυρώνεται με μετρητά. Η Davos Outdoor δεν ευθύνεται σε καμία περίπτωση για την απώλεια ή την κλοπή της ηλεκτρονικής δωροκάρτας.,"site:.gr ""outdoor"" ""δωροκάρτα""",8,data\discovery\focused-harvest-v7\clean-v7\review.csv | data\discovery\focused-harvest-v7-run1-backup\clean-v7\review.csv | data\discovery\mass-harvest-v5\clean-v5.1\review.csv | data\discovery\mass-harvest-v5\clean-v5.2\manual-review.csv | data\discovery\mass-harvest-v5\clean-v5.3\global-review.csv | data\discovery\mass-harvest-v5\clean-v5.4\review.csv | data\discovery\mass-harvest-v5\clean-v5.5\review.csv | data\discovery\mega-harvest-v6\clean-v6\review.csv,,REVIEW,greek_domain_brand_coherence_unclear,AUTO_SAFE,greek_tld|gift_title|gift_snippet|repeated_source|multi_source,MANUAL,gift_title_but_url_not_direct
100,dexter.com.gr,Αγοράστε μία Δωροεπιταγή,https://www.dexter.com.gr/index.php?route,Αγοράστε μία Δωροεπιταγή,Αγοράστε μία Δωροεπιταγή. Αυτή η δωροεπιταγή θα αποσταλεί μέ e-mail στον παραλήπτη αφού ολοκληρωθεί ή πληρωμή σας. Όνομα παραλήπτη. E-mail παραλήπτη.,"site:.com.gr ""δωροεπιταγή""",3,data\discovery\focused-harvest-v7\clean-v7\review.csv | data\discovery\focused-harvest-v7-run1-backup\clean-v7\review.csv | data\discovery\mega-harvest-v6\clean-v6\review.csv,,REVIEW,greek_domain_brand_coherence_unclear,AUTO_SAFE,greek_tld|gift_title|gift_snippet|repeated_source|multi_source,MANUAL,gift_title_but_url_not_direct
100,etheras-toys.gr,Etheras,https://etheras-toys.gr/product/%CE%B4%CF%89%CF%81%CE%BF%CE%BA%CE%AC%CF%81%CF%84%CE%B1-etheras/?srsltid=AfmBOoql00OGH7cZaSMC_H0rBs2vHxsG-eGAbIfgcMCCPA902H5n-rGR,Δωροκάρτα Etheras,"Etheras Toys > Προϊόντα > Δωροκάρτα Etheras.. Δωροκάρτα Etheras. 15,00 € – 150,00 € Price range: 15,00 € through 150,00 €. Ποσό.","site:.gr ""toys"" ""δωροκάρτα""",8,data\discovery\focused-harvest-v7\clean-v7\review.csv | data\discovery\focused-harvest-v7-run1-backup\clean-v7\review.csv | data\discovery\mass-harvest-v5\clean-v5.1\review.csv | data\discovery\mass-harvest-v5\clean-v5.2\manual-review.csv | data\discovery\mass-harvest-v5\clean-v5.3\global-review.csv | data\discovery\mass-harvest-v5\clean-v5.4\review.csv | data\discovery\mass-harvest-v5\clean-v5.5\review.csv | data\discovery\mega-harvest-v6\clean-v6\review.csv,,REVIEW,greek_domain_brand_coherence_unclear,AUTO_SAFE,greek_tld|gift_title|gift_snippet|repeated_source|multi_source,MANUAL,gift_title_but_url_not_direct
100,eworkshop.gr,Δωροκάρτα - Work Shop - Workshop,https://eworkshop.gr/product/%CE%B4%CF%89%CF%81%CE%BF%CE%BA%CE%AC%CF%81%CF%84%CE%B1/,Δωροκάρτα - Work Shop - Workshop,Δε μπορείτε να βρείτε το τέλειο δώρο; H δωροκάρτα WORKSHOP είναι το ιδανικό ΔΩΡΟ για κάθε περίσταση ... Smart Tools · Φαρμακεία · Φακοί · Εξειδικευμένα Αξεσουάρ.,"site:.gr ""tools"" ""δωροκάρτα""",5,data\discovery\mass-harvest-v5\clean-v5.1\review.csv | data\discovery\mass-harvest-v5\clean-v5.2\manual-review.csv | data\discovery\mass-harvest-v5\clean-v5.3\global-review.csv | data\discovery\mass-harvest-v5\clean-v5.4\review.csv | data\discovery\mass-harvest-v5\clean-v5.5\review.csv,,REVIEW,greek_domain_brand_coherence_unclear,AUTO_SAFE,greek_tld|gift_title|gift_snippet|repeated_source|multi_source,MANUAL,gift_title_but_url_not_direct
100,faceyogaforall.gr,Κάρτα Δώρου Face Yoga €50,https://faceyogaforall.gr/product/%CE%BA%CE%AC%CF%81%CF%84%CE%B1-%CE%B4%CF%8E%CF%81%CE%BF%CF%85-face-yoga-e50/,Κάρτα Δώρου Face Yoga €50,"Κάρτα Δώρου Face Yoga €50 · Συμπληρώστε τα απαιτούμενα πεδία (αποστολέα, μήνυμα, email παραλήπτη), ολοκληρώστε την αγορά σας και η Gift Card θα σταλεί ...","""yoga"" ""gift card"" Greece",6,data\discovery\mass-harvest-v5\clean-v5.1\review.csv | data\discovery\mass-harvest-v5\clean-v5.2\manual-review.csv | data\discovery\mass-harvest-v5\clean-v5.3\global-review.csv | data\discovery\mass-harvest-v5\clean-v5.4\review.csv | data\discovery\mass-harvest-v5\clean-v5.5\review.csv | data\discovery\mega-harvest-v6\clean-v6\review.csv,,REVIEW,greek_domain_brand_coherence_unclear,AUTO_SAFE,greek_tld|gift_title|gift_snippet|repeated_source|multi_source,MANUAL,gift_title_but_url_not_direct
100,frenchie.gr,Δωροεπιταγή 100€,https://frenchie.gr/%CE%B4%CF%89%CF%81%CE%BF%CE%B5%CF%80%CE%B9%CF%84%CE%B1%CE%B3%CE%B5%CF%82/704-dwroepitagi100.html,Δωροεπιταγή 100€,Δωροεπιταγή 100€ ... Προσφέρετε στα αγαπημένα σας πρόσωπα δωροεπιταγή για να τους μεταδώσετετε τη χαρά που νιώθετε όταν ανοίγετε τις παραγγελίες της Frenchie !!!,"""δωροεπιταγή""",5,data\discovery\mass-harvest-v5\clean-v5.1\review.csv | data\discovery\mass-harvest-v5\clean-v5.2\manual-review.csv | data\discovery\mass-harvest-v5\clean-v5.3\global-review.csv | data\discovery\mass-harvest-v5\clean-v5.4\review.csv | data\discovery\mass-harvest-v5\clean-v5.5\review.csv,,REVIEW,greek_domain_brand_coherence_unclear,AUTO_SAFE,greek_tld|gift_title|gift_snippet|repeated_source|multi_source,MANUAL,gift_title_but_url_not_direct
100,glyfadasaltcave.com.gr,Δωροεπιταγες: Δωροεπιταγή Αξίας 90€,https://www.glyfadasaltcave.com.gr/index.php/e-shop/doroepitages/doroepitagi-aksias-90-detail,Δωροεπιταγες: Δωροεπιταγή Αξίας 90€,Δωροεπιταγή Αξίας 90€ Δωροεπιταγες Κάντε στους αγαπημένους σας δώρο συνεδρίες-υπηρεσίες αναζωογόνησης και ευεξίας!Διάρκεια δωροεπιταγής από την ημέρα ...,"site:.com.gr ""δωροεπιταγή""",3,data\discovery\focused-harvest-v7\clean-v7\review.csv | data\discovery\focused-harvest-v7-run1-backup\clean-v7\review.csv | data\discovery\mega-harvest-v6\clean-v6\review.csv,,REVIEW,greek_domain_brand_coherence_unclear,AUTO_SAFE,greek_tld|gift_title|gift_snippet|repeated_source|multi_source,MANUAL,gift_title_but_url_not_direct
100,green-organic.gr,αξίας 30 ευρώ,https://green-organic.gr/product/%CE%B4%CF%89%CF%81%CE%BF%CE%BA%CE%AC%CF%81%CF%84%CE%B1/,Δωροκάρτα αξίας 30 ευρώ,"δωροκάρτα. HomeΕίδη διακόσμησηςplant gifts- plant gift cardΔωροκάρτα αξίας 30 ευρώ. Δωροκάρτα αξίας 30 ευρώ. 30,00 €. +. Δωροκάρτα αξίας 30 ευρώ ποσότητα -.","site:.gr ""gifts"" ""δωροκάρτα""",7,data\discovery\focused-harvest-v7-run1-backup\clean-v7\review.csv | data\discovery\mass-harvest-v5\clean-v5.1\review.csv | data\discovery\mass-harvest-v5\clean-v5.2\manual-review.csv | data\discovery\mass-harvest-v5\clean-v5.3\global-review.csv | data\discovery\mass-harvest-v5\clean-v5.4\review.csv | data\discovery\mass-harvest-v5\clean-v5.5\review.csv | data\discovery\mega-harvest-v6\clean-v6\review.csv,,REVIEW,greek_domain_brand_coherence_unclear,AUTO_SAFE,greek_tld|gift_title|gift_snippet|repeated_source|multi_source,MANUAL,gift_title_but_url_not_direct
100,hunting.com.gr,Κυνήγι - Outdoor,https://www.hunting.com.gr/index.php?route,Δωροεπιταγή | Κυνήγι - Outdoor,Αρχική · Δωροεπιταγή. Δωροεπιταγή. Δωροεπιταγή. Δείτε το κατάστημα μας : Λογαριασμός. O Λογαριασμός μου · Ιστορικό Παραγγελιών · Λίστα Επιθυμιών (0) ...,"site:.com.gr ""δωροεπιταγή""",3,data\discovery\focused-harvest-v7\clean-v7\review.csv | data\discovery\focused-harvest-v7-run1-backup\clean-v7\review.csv | data\discovery\mega-harvest-v6\clean-v6\review.csv,,REVIEW,greek_domain_brand_coherence_unclear,AUTO_SAFE,greek_tld|gift_title|gift_snippet|repeated_source|multi_source,MANUAL,gift_title_but_url_not_direct
100,indoorxcycling.gr,GIFT CARD 1 ΩΡΑ ΜΑΣΑΖ - Indoor X - Spinning,https://indoorxcycling.gr/product/gift-cart-1-ora-masaz/,GIFT CARD 1 ΩΡΑ ΜΑΣΑΖ - Indoor X - Spinning,GIFT CARD 1 ΩΡΑ ΜΑΣΑΖ. Category: giftcart · GIFT CARD 10 ΠΡΟΠΟΝΗΣΕΙΣ · GIFT CARD 3 ΜΗΝΕΣ · GIFT CARD 16 ΠΡΟΠΟΝΗΣΕΙΣ · GIFT CARD 10 ΠΡΟΠΟΝΗΣΕΙΣ ...,"""fitness"" ""gift card"" Greece",6,data\discovery\mass-harvest-v5\clean-v5.1\review.csv | data\discovery\mass-harvest-v5\clean-v5.2\manual-review.csv | data\discovery\mass-harvest-v5\clean-v5.3\global-review.csv | data\discovery\mass-harvest-v5\clean-v5.4\review.csv | data\discovery\mass-harvest-v5\clean-v5.5\review.csv | data\discovery\mega-harvest-v6\clean-v6\review.csv,,REVIEW,greek_domain_brand_coherence_unclear,AUTO_SAFE,greek_tld|gift_title|gift_snippet|repeated_source|multi_source,MANUAL,gift_title_but_url_not_direct
100,karampidis.gr,Δωροκάρτα τύπου τραπεζών. 0002dor,https://karampidis.gr/en/home?page=shop.product_details&flypage=&product_id=3499&category_id=0,Δωροκάρτα τύπου τραπεζών. 0002dor,Φαρμακείο Αυτοκινήτου Car Pharmacy Kit · Είδη ... Δωροκάρτα τύπου τραπεζών. 0002dor. Κωδικός 0002dor ... ΔΩΡΟκάρτα. Πλαστική Κάρτα τύπου τραπεζών. Με ...,"site:.gr ""pharmacy"" ""δωροκάρτα""",6,data\discovery\mass-harvest-v5\clean-v5.1\review.csv | data\discovery\mass-harvest-v5\clean-v5.2\manual-review.csv | data\discovery\mass-harvest-v5\clean-v5.3\global-review.csv | data\discovery\mass-harvest-v5\clean-v5.4\review.csv | data\discovery\mass-harvest-v5\clean-v5.5\review.csv | data\discovery\mega-harvest-v6\clean-v6\review.csv,,REVIEW,greek_domain_brand_coherence_unclear,AUTO_SAFE,greek_tld|gift_title|gift_snippet|repeated_source|multi_source,MANUAL,gift_title_but_url_not_direct
100,keysforgames.gr,Gift Cards,https://www.keysforgames.gr/games/gamecards/,Gift Cards,Ace Racer Direct Top-Up Gift Card. € 2.04. Activitygift Gift Card. € 21.23. Adam Pharmacy Gift Card. € 31.87.,"site:.gr ""pharmacy"" ""gift card""",6,data\discovery\mass-harvest-v5\clean-v5.1\review.csv | data\discovery\mass-harvest-v5\clean-v5.2\manual-review.csv | data\discovery\mass-harvest-v5\clean-v5.3\global-review.csv | data\discovery\mass-harvest-v5\clean-v5.4\review.csv | data\discovery\mass-harvest-v5\clean-v5.5\review.csv | data\discovery\mega-harvest-v6\clean-v6\review.csv,,REVIEW,greek_domain_brand_coherence_unclear,AUTO_SAFE,greek_tld|gift_title|gift_snippet|repeated_source|multi_source,MANUAL,gift_title_but_url_not_direct
100,koelia.gr,Αρχεία,https://koelia.gr/product-category/%CE%B4%CF%89%CF%81%CE%BF%CE%BA%CE%AC%CF%81%CF%84%CE%B1/,δωροκάρτα Αρχεία,"Τώρα μπορείτε να του αγοράσετε μια δωροεπιταγή αξίας 30€, 50€, 70€ ή 100 ... Koelia Jewelry. info@koelia.gr. hours. Δευτέρα - Παρασκευή. 10.00 – 18.00.","site:.gr ""jewelry"" ""δωροεπιταγή""",8,data\discovery\focused-harvest-v7\clean-v7\review.csv | data\discovery\focused-harvest-v7-run1-backup\clean-v7\review.csv | data\discovery\mass-harvest-v5\clean-v5.1\review.csv | data\discovery\mass-harvest-v5\clean-v5.2\manual-review.csv | data\discovery\mass-harvest-v5\clean-v5.3\global-review.csv | data\discovery\mass-harvest-v5\clean-v5.4\review.csv | data\discovery\mass-harvest-v5\clean-v5.5\review.csv | data\discovery\mega-harvest-v6\clean-v6\review.csv,,REVIEW,greek_domain_brand_coherence_unclear,AUTO_SAFE,greek_tld|gift_title|gift_snippet|repeated_source|multi_source,MANUAL,gift_title_but_url_not_direct
100,kosmimaapomitrikogala.gr,Ηλεκτρονική Δωροκάρτα Bronze,https://www.kosmimaapomitrikogala.gr/test,Ηλεκτρονική Δωροκάρτα Bronze,"Με την Ηλεκτρονική Δωροκάρτα Bronze της Gardens Breastmilk and Keepsake Jewelry στέλνεις στην στιγμή εκτός από την εκτίμησή σου στον δωρολήπτη, την ...","site:.gr ""jewelry"" ""δωροκάρτα""",6,data\discovery\mass-harvest-v5\clean-v5.1\review.csv | data\discovery\mass-harvest-v5\clean-v5.2\manual-review.csv | data\discovery\mass-harvest-v5\clean-v5.3\global-review.csv | data\discovery\mass-harvest-v5\clean-v5.4\review.csv | data\discovery\mass-harvest-v5\clean-v5.5\review.csv | data\discovery\mega-harvest-v6\clean-v6\review.csv,,REVIEW,greek_domain_brand_coherence_unclear,AUTO_SAFE,greek_tld|gift_title|gift_snippet|repeated_source|multi_source,MANUAL,gift_title_but_url_not_direct
100,lavaron.com.gr,300 ευρώ σε Δωροεπιταγές για τις ανάγκες Συνανθρώπων μας ...,https://lavaron.com.gr/300-eyro-se-doroepitages-gia-tis-anagkes-synanthropon-mas-dorizei-akoma-mia-fora-i-syntaktiki-omada-toy-praktoreioy-ekklisiastikis-leitoyrgikis-politistikis-enimerosis-lavaron-com-gr/,300 ευρώ σε Δωροεπιταγές για τις ανάγκες Συνανθρώπων μας ...,300 ευρώ σε Δωροεπιταγές για τις ανάγκες Συνανθρώπων μας δωρίζει ακόμα μια φορά η Συντακτική ομάδα του Πρακτορείου Εκκλησιαστικής ...,"site:.com.gr ""δωροεπιταγές""",3,data\discovery\focused-harvest-v7\clean-v7\review.csv | data\discovery\focused-harvest-v7-run1-backup\clean-v7\review.csv | data\discovery\mega-harvest-v6\clean-v6\review.csv,,REVIEW,greek_domain_brand_coherence_unclear,AUTO_SAFE,greek_tld|gift_title|gift_snippet|repeated_source|multi_source,MANUAL,gift_title_but_url_not_direct
100,leathertwist.gr,Δωροκάρτα 100,https://leathertwist.gr/product/%CE%B4%CF%89%CF%81%CE%BF%CE%BA%CE%AC%CF%81%CF%84%CE%B1-100e/?srsltid=AfmBOorg3I0Se8EGLPN7L_UTAF858dqOKphBUtzB4p7dkngbuLis9L12,Δωροκάρτα 100,Δωροκάρτα 100€. €100.00. Διαθέσιμο σε 1 με 10 εργάσιμες. Διαθέσιμο σε 1 με 10 ... The new era in leather design. Νέες Αφίξεις · Τσάντες · Όλα · Βραδινές Τσάντες ...,"site:.gr ""leather"" ""δωροκάρτα""",5,data\discovery\mass-harvest-v5\clean-v5.1\review.csv | data\discovery\mass-harvest-v5\clean-v5.2\manual-review.csv | data\discovery\mass-harvest-v5\clean-v5.3\global-review.csv | data\discovery\mass-harvest-v5\clean-v5.4\review.csv | data\discovery\mass-harvest-v5\clean-v5.5\review.csv,,REVIEW,greek_domain_brand_coherence_unclear,AUTO_SAFE,greek_tld|gift_title|gift_snippet|repeated_source|multi_source,MANUAL,gift_title_but_url_not_direct
100,letoshop.gr,ΛΗΤΩ για όλους,https://www.letoshop.gr/el/p/home/59843-dwroepitagi-giaolous.html?srsltid,Δωροεπιταγή ΛΗΤΩ για όλους,Η παρούσα δωροεπιταγή ισχύει για (1) ένα έτος από την ημερομηνία αγοράς της από τα Βρεφικά Πολυκαταστήματα Λητώ. Δεν ανταλλάσσεται με χρήματα και μπορεί να ...,"site:.gr ""δωροεπιταγή""",8,data\discovery\focused-harvest-v7\clean-v7\review.csv | data\discovery\focused-harvest-v7-run1-backup\clean-v7\review.csv | data\discovery\mass-harvest-v5\clean-v5.1\review.csv | data\discovery\mass-harvest-v5\clean-v5.2\manual-review.csv | data\discovery\mass-harvest-v5\clean-v5.3\global-review.csv | data\discovery\mass-harvest-v5\clean-v5.4\review.csv | data\discovery\mass-harvest-v5\clean-v5.5\review.csv | data\discovery\mega-harvest-v6\clean-v6\review.csv,,REVIEW,greek_domain_brand_coherence_unclear,AUTO_SAFE,greek_tld|gift_title|gift_snippet|repeated_source|multi_source,MANUAL,gift_title_but_url_not_direct
100,lga.com.gr,Αγοράστε μία Δωροεπιταγή - Γραφικές Τέχνες Λήμνου,https://lga.com.gr/index.php?route,Αγοράστε μία Δωροεπιταγή - Γραφικές Τέχνες Λήμνου,Αγοράστε μία Δωροεπιταγή. Αυτή η δωροεπιταγή θα αποσταλεί μέ e-mail στον παραλήπτη αφού ολοκληρωθεί ή πληρωμή σας. Όνομα παραλήπτη. E-mail παραλήπτη. Το όνομα ...,"site:.com.gr ""δωροεπιταγή""",3,data\discovery\focused-harvest-v7\clean-v7\review.csv | data\discovery\focused-harvest-v7-run1-backup\clean-v7\review.csv | data\discovery\mega-harvest-v6\clean-v6\review.csv,,REVIEW,greek_domain_brand_coherence_unclear,AUTO_SAFE,greek_tld|gift_title|gift_snippet|repeated_source|multi_source,MANUAL,gift_title_but_url_not_direct
100,livingcrueltyfree.gr,online αγορών αξίας 35 Ευρώ,https://livingcrueltyfree.gr/%CF%80%CF%81%CE%BF%CF%8A%CF%8C%CE%BD/%CE%B4%CF%89%CF%81%CE%BF%CE%B5%CF%80%CE%B9%CF%84%CE%B1%CE%B3%CE%B7-living-35e/?srsltid,Δωροεπιταγή online αγορών αξίας 35 Ευρώ,"Δωροεπιταγή Living 35€. 35,00€. Δωροκάρτα 35 ευρώ για αγορές πιστοποιημένων cruelty free και vegan καλλυντικών, παπουτσιών ή αξεσουάρ από ...","site:.gr ""δωροεπιταγή""",8,data\discovery\focused-harvest-v7\clean-v7\review.csv | data\discovery\focused-harvest-v7-run1-backup\clean-v7\review.csv | data\discovery\mass-harvest-v5\clean-v5.1\review.csv | data\discovery\mass-harvest-v5\clean-v5.2\manual-review.csv | data\discovery\mass-harvest-v5\clean-v5.3\global-review.csv | data\discovery\mass-harvest-v5\clean-v5.4\review.csv | data\discovery\mass-harvest-v5\clean-v5.5\review.csv | data\discovery\mega-harvest-v6\clean-v6\review.csv,,REVIEW,greek_domain_brand_coherence_unclear,AUTO_SAFE,greek_tld|gift_title|gift_snippet|repeated_source|multi_source,MANUAL,gift_title_but_url_not_direct
100,melissourgos.com.gr,Αγοράστε μία Δωροεπιταγή - Σ. ΜΕΛΙΣΣΟΥΡΓΟΣ & ΣΙΑ Ο.Ε.,https://melissourgos.com.gr/index.php?route,Αγοράστε μία Δωροεπιταγή - Σ. ΜΕΛΙΣΣΟΥΡΓΟΣ & ΣΙΑ Ο.Ε.,Αγοράστε μία Δωροεπιταγή. Αυτή η δωροεπιταγή θα αποσταλεί μέ e-mail στον παραλήπτη αφού ολοκληρωθεί ή πληρωμή σας. Όνομα παραλήπτη. E-mail παραλήπτη.,"site:.com.gr ""δωροεπιταγή""",3,data\discovery\focused-harvest-v7\clean-v7\review.csv | data\discovery\focused-harvest-v7-run1-backup\clean-v7\review.csv | data\discovery\mega-harvest-v6\clean-v6\review.csv,,REVIEW,greek_domain_brand_coherence_unclear,AUTO_SAFE,greek_tld|gift_title|gift_snippet|repeated_source|multi_source,MANUAL,gift_title_but_url_not_direct
100,mycurls.gr,Gift Cards,https://mycurls.gr/products/mycurls-gr-gift-cart?srsltid=AfmBOoqJuGtZSoUi6rWaobkZq31Ztca1NJjonY56lbYj_0ePbWp82ag1,Gift Cards,Gift Cards ... Ο φόρος συμπεριλαμβάνεται. Τα έξοδα αποστολής υπολογίζονται κατά την ολοκλήρωση της αγοράς. Denominations. €10.00 €25.00,"site:.gr ""gift cards""",6,data\discovery\mass-harvest-v5\clean-v5.1\review.csv | data\discovery\mass-harvest-v5\clean-v5.2\manual-review.csv | data\discovery\mass-harvest-v5\clean-v5.3\global-review.csv | data\discovery\mass-harvest-v5\clean-v5.4\review.csv | data\discovery\mass-harvest-v5\clean-v5.5\review.csv | data\discovery\mega-harvest-v6\clean-v6\review.csv,,REVIEW,greek_domain_brand_coherence_unclear,AUTO_SAFE,greek_tld|gift_title|gift_snippet|repeated_source|multi_source,MANUAL,gift_title_but_url_not_direct
100,myikona.gr,", Δωροκάρτες & Gift Card",https://www.myikona.gr/proionta/deal-doroepitages-myikona/,"Δωροεπιταγές, Δωροκάρτες & Gift Card","Δωροκάρτες & δωροεπιταγές για κάθε περίσταση. Χαρίστε επιλογή με gift cards, κουπόνια δώρου & εκπτωτικές κάρτες από το myikona.gr. Άμεση αποστολή!","site:.gr ""δωροεπιταγές""",8,data\discovery\focused-harvest-v7\clean-v7\review.csv | data\discovery\focused-harvest-v7-run1-backup\clean-v7\review.csv | data\discovery\mass-harvest-v5\clean-v5.1\review.csv | data\discovery\mass-harvest-v5\clean-v5.2\manual-review.csv | data\discovery\mass-harvest-v5\clean-v5.3\global-review.csv | data\discovery\mass-harvest-v5\clean-v5.4\review.csv | data\discovery\mass-harvest-v5\clean-v5.5\review.csv | data\discovery\mega-harvest-v6\clean-v6\review.csv,,REVIEW,greek_domain_brand_coherence_unclear,AUTO_SAFE,greek_tld|gift_title|gift_snippet|repeated_source|multi_source,MANUAL,gift_title_but_url_not_direct
100,naildd.gr,Δωροκάρτα,https://www.naildd.gr/cat/%CE%B4%CF%89%CF%81%CE%BF%CE%BA%CE%AC%CF%81%CF%84%CE%B1/,Δωροκάρτα,Κάντε ένα αξέχαστο Δώρο στους αγαπημένους σας ή στον εαυτό σας! Αγοράστε την Δωροκάρτα από την ιστοσελίδα μας ή παραλάβετε την από το κατάστημα και δωρίστε την ...,"""Thessaloniki"" ""δωροκάρτα""",5,data\discovery\mass-harvest-v5\clean-v5.1\review.csv | data\discovery\mass-harvest-v5\clean-v5.2\manual-review.csv | data\discovery\mass-harvest-v5\clean-v5.3\global-review.csv | data\discovery\mass-harvest-v5\clean-v5.4\review.csv | data\discovery\mass-harvest-v5\clean-v5.5\review.csv,,REVIEW,greek_domain_brand_coherence_unclear,AUTO_SAFE,greek_tld|gift_title|gift_snippet|repeated_source|multi_source,MANUAL,gift_title_but_url_not_direct
100,nakas.com.gr,Αγοράστε μία Δωροεπιταγή,https://nakas.com.gr/index.php?route,Αγοράστε μία Δωροεπιταγή,O Λογαριασμός μου · Αγορά Δωροεπιταγής. Αγοράστε μία Δωροεπιταγή. Αυτή η δωροεπιταγή θα αποσταλεί μέ e-mail στον παραλήπτη αφού ολοκληρωθεί ή πληρωμή σας.,"site:.com.gr ""δωροεπιταγή""",3,data\discovery\focused-harvest-v7\clean-v7\review.csv | data\discovery\focused-harvest-v7-run1-backup\clean-v7\review.csv | data\discovery\mega-harvest-v6\clean-v6\review.csv,,REVIEW,greek_domain_brand_coherence_unclear,AUTO_SAFE,greek_tld|gift_title|gift_snippet|repeated_source|multi_source,MANUAL,gift_title_but_url_not_direct
100,ntng.gr,Δωροκάρτα Art Pass,https://www.ntng.gr/en/discover/virtual-museum-single?name=%CE%B4%CF%89%CF%81%CE%BF%CE%BA%CE%B1%CF%81%CF%84%CE%B1-art-pass&id=1046885,Δωροκάρτα Art Pass,Related files. Thumbnail Photo. Δωροκάρτα Art Pass - Media: PE0000P0054v03.jpg. Thumbnail Photo. Δωροκάρτα ... Aegean | Official Airline Sponsor ... The National ...,"""airline"" ""δωροκάρτα"" Greece",6,data\discovery\mass-harvest-v5\clean-v5.1\review.csv | data\discovery\mass-harvest-v5\clean-v5.2\manual-review.csv | data\discovery\mass-harvest-v5\clean-v5.3\global-review.csv | data\discovery\mass-harvest-v5\clean-v5.4\review.csv | data\discovery\mass-harvest-v5\clean-v5.5\review.csv | data\discovery\mega-harvest-v6\clean-v6\review.csv,,REVIEW,greek_domain_brand_coherence_unclear,AUTO_SAFE,greek_tld|gift_title|gift_snippet|repeated_source|multi_source,MANUAL,gift_title_but_url_not_direct
100,opticagaina.gr,Οπτικά Γεωργία Γκαϊνά. Δωροκάρτα 150€ - G. Gaina Optics,https://www.opticagaina.gr/%CE%B4%CF%89%CF%81%CE%BF%CE%BA%CE%AC%CF%81%CF%84%CE%B1-150,Οπτικά Γεωργία Γκαϊνά. Δωροκάρτα 150€ - G. Gaina Optics,Δωροκάρτα 150 ... Gaina Optics. All rights reserved. Powered by nopCommerce.,"site:.gr ""optics"" ""δωροκάρτα""",8,data\discovery\focused-harvest-v7\clean-v7\review.csv | data\discovery\focused-harvest-v7-run1-backup\clean-v7\review.csv | data\discovery\mass-harvest-v5\clean-v5.1\review.csv | data\discovery\mass-harvest-v5\clean-v5.2\manual-review.csv | data\discovery\mass-harvest-v5\clean-v5.3\global-review.csv | data\discovery\mass-harvest-v5\clean-v5.4\review.csv | data\discovery\mass-harvest-v5\clean-v5.5\review.csv | data\discovery\mega-harvest-v6\clean-v6\review.csv,,REVIEW,greek_domain_brand_coherence_unclear,AUTO_SAFE,greek_tld|gift_title|gift_snippet|repeated_source|multi_source,MANUAL,gift_title_but_url_not_direct
100,ottolina.gr,"Yoga Gift Cards Yoga Pop Up Card, 3D Yoga Birthday Card ...",https://ottolina.gr/?t=37401738051430,"Yoga Gift Cards Yoga Pop Up Card, 3D Yoga Birthday Card ...",Yoga Gift Cards One4all Retail Therapy Physical Gift Card $50. My Store Stock： 94. tax included. $ 1.,"""yoga"" ""gift card"" Greece",5,data\discovery\mass-harvest-v5\clean-v5.1\review.csv | data\discovery\mass-harvest-v5\clean-v5.2\manual-review.csv | data\discovery\mass-harvest-v5\clean-v5.3\global-review.csv | data\discovery\mass-harvest-v5\clean-v5.4\review.csv | data\discovery\mass-harvest-v5\clean-v5.5\review.csv,,REVIEW,greek_domain_brand_coherence_unclear,AUTO_SAFE,greek_tld|gift_title|gift_snippet|repeated_source|multi_source,MANUAL,gift_title_but_url_not_direct
100,pennie.gr,25,https://pennie.gr/%CE%94%CF%89%CF%81%CE%BF%CE%BA%CE%AC%CF%81%CF%84%CE%B1-25%E2%82%AC?srsltid,Δωροκάρτα 25,"Hotel, Spa & Yacht · Υπνοδωμάτιο · Σεντόνια - Hospitality · Παπλωματοθήκες ... Δωροκάρτα 25€. 1; 2. Δωροκαρτα 25€. 25.00 €. Κωδ.: 990000-02. Δωρεάν ...","site:.gr ""hotel"" ""δωροκάρτα""",8,data\discovery\focused-harvest-v7\clean-v7\review.csv | data\discovery\focused-harvest-v7-run1-backup\clean-v7\review.csv | data\discovery\mass-harvest-v5\clean-v5.1\review.csv | data\discovery\mass-harvest-v5\clean-v5.2\manual-review.csv | data\discovery\mass-harvest-v5\clean-v5.3\global-review.csv | data\discovery\mass-harvest-v5\clean-v5.4\review.csv | data\discovery\mass-harvest-v5\clean-v5.5\review.csv | data\discovery\mega-harvest-v6\clean-v6\review.csv,,REVIEW,greek_domain_brand_coherence_unclear,AUTO_SAFE,greek_tld|gift_title|gift_snippet|repeated_source|multi_source,MANUAL,gift_title_but_url_not_direct
100,pratyahara.gr,Gift Card,https://pratyahara.gr/services/yoga-offers/,Gift Card,Gift Card. ΠΑΡΕ ΤΗΝ ΚΑΡΤΑ ΣΟΥ. Gift Card. ΠΑΡΕ ΤΗΝ ΚΑΡΤΑ ΣΟΥ. yoga gift card. ✨ Προσφορές στο Pratyahara Yoga Center! Κάνε το πιο έξυπνο και ...,"""yoga"" ""gift card"" Greece",6,data\discovery\mass-harvest-v5\clean-v5.1\review.csv | data\discovery\mass-harvest-v5\clean-v5.2\manual-review.csv | data\discovery\mass-harvest-v5\clean-v5.3\global-review.csv | data\discovery\mass-harvest-v5\clean-v5.4\review.csv | data\discovery\mass-harvest-v5\clean-v5.5\review.csv | data\discovery\mega-harvest-v6\clean-v6\review.csv,,REVIEW,greek_domain_brand_coherence_unclear,AUTO_SAFE,greek_tld|gift_title|gift_snippet|repeated_source|multi_source,MANUAL,gift_title_but_url_not_direct
100,proteasbars.gr,Ashburn Va Shop Fitness The Shop Gym Giftly Beautiful Gift Card ...,https://proteasbars.gr/?x=43722436071480,Ashburn Va Shop Fitness The Shop Gym Giftly Beautiful Gift Card ...,HOT ! Ashburn Va Shop Fitness The Shop Gym Giftly Beautiful Gift Card Alternative · Pick up at the store (Free shipping) · Delivery.,"""fitness"" ""gift card"" Greece",6,data\discovery\mass-harvest-v5\clean-v5.1\review.csv | data\discovery\mass-harvest-v5\clean-v5.2\manual-review.csv | data\discovery\mass-harvest-v5\clean-v5.3\global-review.csv | data\discovery\mass-harvest-v5\clean-v5.4\review.csv | data\discovery\mass-harvest-v5\clean-v5.5\review.csv | data\discovery\mega-harvest-v6\clean-v6\review.csv,,REVIEW,greek_domain_brand_coherence_unclear,AUTO_SAFE,greek_tld|gift_title|gift_snippet|repeated_source|multi_source,MANUAL,gift_title_but_url_not_direct
100,psalidixarti.gr,Δωροκάρτα - Γιορτή,https://psalidixarti.gr/en/products/%CE%B4%CF%89%CF%81%CE%BF%CE%BA%CE%AC%CF%81%CF%84%CE%B1-%CE%B3%CE%B9%CE%BF%CF%81%CF%84%CE%AE?srsltid=AfmBOopNS69F1xT2_EwFIL1M7ZOf7Y__prSuV8ki1EOaMeerHwSE_NaR,Δωροκάρτα - Γιορτή,Δωροκάρτα - Γιορτή Δεν ξέρεις τι δώρο να ... δωροκάρτα: Διάλεξε τη δωροκάρτα που θέλεις να κάνε ... Technology · USB Stick - Memory Cards · Batteries ...,"site:.gr ""technology"" ""δωροκάρτα""",6,data\discovery\mass-harvest-v5\clean-v5.1\review.csv | data\discovery\mass-harvest-v5\clean-v5.2\manual-review.csv | data\discovery\mass-harvest-v5\clean-v5.3\global-review.csv | data\discovery\mass-harvest-v5\clean-v5.4\review.csv | data\discovery\mass-harvest-v5\clean-v5.5\review.csv | data\discovery\mega-harvest-v6\clean-v6\review.csv,,REVIEW,greek_domain_brand_coherence_unclear,AUTO_SAFE,greek_tld|gift_title|gift_snippet|repeated_source|multi_source,MANUAL,gift_title_but_url_not_direct
100,svs.com.gr,Αγοράστε μία Δωροεπιταγή,https://www.svs.com.gr/index.php?route,Αγοράστε μία Δωροεπιταγή,Αγοράστε μία Δωροεπιταγή. Αυτή η δωροεπιταγή θα αποσταλεί μέ e-mail στον παραλήπτη αφού ολοκληρωθεί ή πληρωμή σας. Όνομα παραλήπτη. E-mail παραλήπτη.,"site:.com.gr ""δωροεπιταγή""",3,data\discovery\focused-harvest-v7\clean-v7\review.csv | data\discovery\focused-harvest-v7-run1-backup\clean-v7\review.csv | data\discovery\mega-harvest-v6\clean-v6\review.csv,,REVIEW,greek_domain_brand_coherence_unclear,AUTO_SAFE,greek_tld|gift_title|gift_snippet|repeated_source|multi_source,MANUAL,gift_title_but_url_not_direct
100,viagogo.gr,Frameless Gift Card Redemption,https://www.viagogo.gr/E-161622634,Frameless Gift Card Redemption,"Frameless Gift Card Redemption. Πέμ, 19 Νοε • 12 ... Ricky Gervais. 7:00 PM Alexandra Palace Theatre at Alexandra Palace - Complex. Flag of GB London, GB, ΗΒ ...","site:.gr ""theatre"" ""gift card""",6,data\discovery\mass-harvest-v5\clean-v5.1\review.csv | data\discovery\mass-harvest-v5\clean-v5.2\manual-review.csv | data\discovery\mass-harvest-v5\clean-v5.3\global-review.csv | data\discovery\mass-harvest-v5\clean-v5.4\review.csv | data\discovery\mass-harvest-v5\clean-v5.5\review.csv | data\discovery\mega-harvest-v6\clean-v6\review.csv,,REVIEW,greek_domain_brand_coherence_unclear,AUTO_SAFE,greek_tld|gift_title|gift_snippet|repeated_source|multi_source,MANUAL,gift_title_but_url_not_direct
100,zipsterbaby.gr,Zipster,https://zipsterbaby.gr/products/%CE%B4%CF%89%CF%81%CE%BF%CE%BA%CE%AC%CF%81%CF%84%CE%B1,Δωροκάρτα - Zipster,"Ψωνίζετε για κάποιον άλλον αλλά δεν ξέρετε τι να του δώσετε; Δώστε το δώρο της επιλογής με μια δωροκάρτα ... Shop our bestselling zip-up baby suits, rompers, and ...","site:.gr ""baby"" ""δωροκάρτα""",8,data\discovery\focused-harvest-v7\clean-v7\review.csv | data\discovery\focused-harvest-v7-run1-backup\clean-v7\review.csv | data\discovery\mass-harvest-v5\clean-v5.1\review.csv | data\discovery\mass-harvest-v5\clean-v5.2\manual-review.csv | data\discovery\mass-harvest-v5\clean-v5.3\global-review.csv | data\discovery\mass-harvest-v5\clean-v5.4\review.csv | data\discovery\mass-harvest-v5\clean-v5.5\review.csv | data\discovery\mega-harvest-v6\clean-v6\review.csv,,REVIEW,greek_domain_brand_coherence_unclear,AUTO_SAFE,greek_tld|gift_title|gift_snippet|repeated_source|multi_source,MANUAL,gift_title_but_url_not_direct
95,afit.gr,Αγοράστε μία Δωροεπιταγή,https://afit.gr/index.php?route,Αγοράστε μία Δωροεπιταγή,Αυτή η δωροεπιταγή θα αποσταλεί μέ e-mail στον παραλήπτη αφού ... Το Afit.gr δημιουργήθηκε από την εμπειρία της Power Force στον χώρο του fitness ...,"site:.gr ""fitness"" ""δωροεπιταγή""",2,data\discovery\focused-harvest-v7\clean-v7\review.csv | data\discovery\focused-harvest-v7-run1-backup\clean-v7\review.csv,,REVIEW,greek_domain_brand_coherence_unclear,AUTO_SAFE,greek_tld|gift_title|gift_snippet|repeated_source,MANUAL,gift_title_but_url_not_direct
95,animapetshop.gr,Αγοράστε μία Δωροεπιταγή,https://www.animapetshop.gr/index.php?route,Αγοράστε μία Δωροεπιταγή,Anima Pet Shop. Καλάθι 0. O Λογαριασμός μου · Αγορά Δωροεπιταγής ... Αυτή η δωροεπιταγή θα αποσταλεί μέ e-mail στον παραλήπτη αφού ολοκληρωθεί ή πληρωμή σας.,"site:.gr ""pet shop"" ""δωροεπιταγή""",2,data\discovery\focused-harvest-v7\clean-v7\review.csv | data\discovery\focused-harvest-v7-run1-backup\clean-v7\review.csv,,REVIEW,greek_domain_brand_coherence_unclear,AUTO_SAFE,greek_tld|gift_title|gift_snippet|repeated_source,MANUAL,gift_title_but_url_not_direct
95,anthea.gr,Αγοράστε μία Δωροεπιταγή,https://www.anthea.gr/index.php?route,Αγοράστε μία Δωροεπιταγή,Το καλάθι αγορών είναι άδειο! Συνδεση; Εγγραφη. Anthea Cosmetics ... Αυτή η δωροεπιταγή θα αποσταλεί με e-mail στον παραλήπτη αφού ολοκληρωθεί η πληρωμή σας.,"site:.gr ""cosmetics"" ""δωροεπιταγή""",2,data\discovery\focused-harvest-v7\clean-v7\review.csv | data\discovery\focused-harvest-v7-run1-backup\clean-v7\review.csv,,REVIEW,greek_domain_brand_coherence_unclear,AUTO_SAFE,greek_tld|gift_title|gift_snippet|repeated_source,MANUAL,gift_title_but_url_not_direct
95,argo-ceramics-gifts.gr,Αγοράστε μία Δωροεπιταγή,https://www.argo-ceramics-gifts.gr/index.php?route,Αγοράστε μία Δωροεπιταγή,argo-ceramics-gifts.gr · 0. Όλες. Όλες; SHOP; ΑΝΤΙΚΕΙΜΕΝΑ ΤΕΧΝΗΣ ... Αυτή η δωροεπιταγή θα αποσταλεί μέ e-mail στον παραλήπτη αφού ολοκληρωθεί ή πληρωμή σας.,"site:.gr ""gifts"" ""δωροεπιταγή""",2,data\discovery\focused-harvest-v7\clean-v7\review.csv | data\discovery\focused-harvest-v7-run1-backup\clean-v7\review.csv,,REVIEW,greek_domain_brand_coherence_unclear,AUTO_SAFE,greek_tld|gift_title|gift_snippet|repeated_source,MANUAL,gift_title_but_url_not_direct
95,artandbeauty.gr,Αγοράστε μία Δωροεπιταγή,https://artandbeauty.gr/index.php?route,Αγοράστε μία Δωροεπιταγή,Αυτή η δωροεπιταγή θα αποσταλεί μέ e-mail στον παραλήπτη αφού ολοκληρωθεί ή πληρωμή σας. ... Art and beauty nails · art_and_beauty_nails_. Εξυπηρέτηση.,"site:.gr ""nails"" ""δωροεπιταγή""",2,data\discovery\focused-harvest-v7\clean-v7\review.csv | data\discovery\focused-harvest-v7-run1-backup\clean-v7\review.csv,,REVIEW,greek_domain_brand_coherence_unclear,AUTO_SAFE,greek_tld|gift_title|gift_snippet|repeated_source,MANUAL,gift_title_but_url_not_direct
95,avratoys.gr,Αγοράστε μία Δωροεπιταγή,https://avratoys.gr/index.php?route,Αγοράστε μία Δωροεπιταγή,Αγοράστε μία Δωροεπιταγή. Αυτή η δωροεπιταγή θα αποσταλεί μέ e-mail στον παραλήπτη αφού ολοκληρωθεί ή πληρωμή σας. ... Avra Toys © 2026.,"site:.gr ""toys"" ""δωροεπιταγή""",2,data\discovery\focused-harvest-v7\clean-v7\review.csv | data\discovery\focused-harvest-v7-run1-backup\clean-v7\review.csv,,REVIEW,greek_domain_brand_coherence_unclear,AUTO_SAFE,greek_tld|gift_title|gift_snippet|repeated_source,MANUAL,gift_title_but_url_not_direct
95,babyall.gr,Αγοράστε μία Δωροεπιταγή,https://www.babyall.gr/index.php?route,Αγοράστε μία Δωροεπιταγή,"Αυτή η δωροεπιταγή θα αποσταλεί μέ e-mail στον παραλήπτη αφού ολοκληρωθεί ή πληρωμή σας. ... Στο Baby All, βασικές μας αξίες είναι η Ποιότητα, η Ασφάλεια ...","site:.gr ""baby"" ""δωροεπιταγή""",2,data\discovery\focused-harvest-v7\clean-v7\review.csv | data\discovery\focused-harvest-v7-run1-backup\clean-v7\review.csv,,REVIEW,greek_domain_brand_coherence_unclear,AUTO_SAFE,greek_tld|gift_title|gift_snippet|repeated_source,MANUAL,gift_title_but_url_not_direct
95,babyplace.gr,Αγοράστε μία Δωροεπιταγή,https://babyplace.gr/index.php?route,Αγοράστε μία Δωροεπιταγή,Αγοράστε μία Δωροεπιταγή. Αυτή η δωροεπιταγή θα αποσταλεί μέ e-mail στον παραλήπτη αφού ολοκληρωθεί ή πληρωμή σας. Όνομα παραλήπτη. E-mail παραλήπτη.,"site:.gr ""baby"" ""δωροεπιταγή""",2,data\discovery\focused-harvest-v7\clean-v7\review.csv | data\discovery\focused-harvest-v7-run1-backup\clean-v7\review.csv,,REVIEW,greek_domain_brand_coherence_unclear,AUTO_SAFE,greek_tld|gift_title|gift_snippet|repeated_source,MANUAL,gift_title_but_url_not_direct
95,bags-accessories.gr,Αγοράστε μία Δωροεπιταγή,https://bags-accessories.gr/index.php?route,Αγοράστε μία Δωροεπιταγή,"Αυτή η δωροεπιταγή θα αποσταλεί μέ e-mail στον παραλήπτη αφού ολοκληρωθεί ή πληρωμή σας. ... bags-accessories , All Rights Reserved, Ανάπτυξη PcView.gr.","site:.gr ""bags"" ""δωροεπιταγή""",2,data\discovery\focused-harvest-v7\clean-v7\review.csv | data\discovery\focused-harvest-v7-run1-backup\clean-v7\review.csv,,REVIEW,greek_domain_brand_coherence_unclear,AUTO_SAFE,greek_tld|gift_title|gift_snippet|repeated_source,MANUAL,gift_title_but_url_not_direct
95,bakogiannakis.gr,Αγοράστε μία Δωροεπιταγή,https://bakogiannakis.gr/jewelry/index.php?route,Αγοράστε μία Δωροεπιταγή,Αγοράστε μία Δωροεπιταγή. Αυτή η δωροεπιταγή θα αποσταλεί μέ e-mail στον παραλήπτη αφού ολοκληρωθεί ή πληρωμή σας. Όνομα παραλήπτη. E-mail παραλήπτη.,"site:.gr ""jewelry"" ""δωροεπιταγή""",2,data\discovery\focused-harvest-v7\clean-v7\review.csv | data\discovery\focused-harvest-v7-run1-backup\clean-v7\review.csv,,REVIEW,greek_domain_brand_coherence_unclear,AUTO_SAFE,greek_tld|gift_title|gift_snippet|repeated_source,MANUAL,gift_title_but_url_not_direct
95,bakon-home.gr,Αγοράστε μία Δωροεπιταγή,https://bakon-home.gr/index.php?route,Αγοράστε μία Δωροεπιταγή,Αυτή η δωροεπιταγή θα αποσταλεί μέ e-mail στον παραλήπτη αφού ολοκληρωθεί ή πληρωμή σας. ... © Copyright 2000 - 2026 | Bakon-Home | All Rights Reserved | ...,"site:.gr ""home"" ""δωροεπιταγή""",2,data\discovery\focused-harvest-v7\clean-v7\review.csv | data\discovery\focused-harvest-v7-run1-backup\clean-v7\review.csv,,REVIEW,greek_domain_brand_coherence_unclear,AUTO_SAFE,greek_tld|gift_title|gift_snippet|repeated_source,MANUAL,gift_title_but_url_not_direct
95,bankofwine.gr,Αγοράστε μία Δωροεπιταγή - Οιναποθήκη / Τράπεζα Ελλ-Οίνων,http://www.bankofwine.gr/index.php?route,Αγοράστε μία Δωροεπιταγή - Οιναποθήκη / Τράπεζα Ελλ-Οίνων,Αγοράστε μία Δωροεπιταγή. Αυτή η δωροεπιταγή θα αποσταλεί μέ email στον παραλήπτη αφού ολοκληρωθεί ή πληρωμή σας. * Όνομα παραλήπτη: * Email παραλήπτη ...,"site:.gr ""wine"" ""δωροεπιταγή""",2,data\discovery\focused-harvest-v7\clean-v7\review.csv | data\discovery\focused-harvest-v7-run1-backup\clean-v7\review.csv,,REVIEW,greek_domain_brand_coherence_unclear,AUTO_SAFE,greek_tld|gift_title|gift_snippet|repeated_source,MANUAL,gift_title_but_url_not_direct
95,beautyinc.gr,Αγοράστε μία Δωροεπιταγή,https://www.beautyinc.gr/index.php?route,Αγοράστε μία Δωροεπιταγή,Beauty Inc. Revlon · O.P.I · Revolution Beauty · Technic · Bondi Sands · Rimmel London ... Αυτή η δωροεπιταγή θα αποσταλεί μέ e-mail στον παραλήπτη αφού ...,"site:.gr ""beauty"" ""δωροεπιταγή""",2,data\discovery\focused-harvest-v7\clean-v7\review.csv | data\discovery\focused-harvest-v7-run1-backup\clean-v7\review.csv,,REVIEW,greek_domain_brand_coherence_unclear,AUTO_SAFE,greek_tld|gift_title|gift_snippet|repeated_source,MANUAL,gift_title_but_url_not_direct
95,bestbattery.gr,Αγοράστε μία Δωροεπιταγή,https://www.bestbattery.gr/index.php?route,Αγοράστε μία Δωροεπιταγή,Flowers · Appliances · Appliances · Φωτοβολταϊκά · Εκκινητές - Φορτιστές · Αξεσουάρ ... Αυτή η δωροεπιταγή θα αποσταλεί μέ e-mail στον παραλήπτη αφού ολοκληρωθεί ...,"site:.gr ""flowers"" ""δωροεπιταγή""",2,data\discovery\focused-harvest-v7\clean-v7\review.csv | data\discovery\focused-harvest-v7-run1-backup\clean-v7\review.csv,,REVIEW,greek_domain_brand_coherence_unclear,AUTO_SAFE,greek_tld|gift_title|gift_snippet|repeated_source,MANUAL,gift_title_but_url_not_direct
95,biosophy.gr,Αγοράστε μία Δωροεπιταγή,https://www.biosophy.gr/index.php?route,Αγοράστε μία Δωροεπιταγή,We use cookies and other similar technologies to improve your browsing experience and the functionality of our site. ... Αυτή η δωροεπιταγή θα αποσταλεί μέ e-mail ...,"site:.gr ""experience"" ""δωροεπιταγή""",2,data\discovery\focused-harvest-v7\clean-v7\review.csv | data\discovery\focused-harvest-v7-run1-backup\clean-v7\review.csv,,REVIEW,greek_domain_brand_coherence_unclear,AUTO_SAFE,greek_tld|gift_title|gift_snippet|repeated_source,MANUAL,gift_title_but_url_not_direct
95,bokashoes.gr,Αγοράστε μία Δωροεπιταγή,https://www.bokashoes.gr/index.php?route,Αγοράστε μία Δωροεπιταγή,Αυτή η δωροεπιταγή θα αποσταλεί μέ e-mail στον παραλήπτη αφού ολοκληρωθεί ή πληρωμή σας. ... SHOES; Powered by MCLSOFT. Αποδοχή Cookies. Cookies.,"site:.gr ""shoes"" ""δωροεπιταγή""",2,data\discovery\focused-harvest-v7\clean-v7\review.csv | data\discovery\focused-harvest-v7-run1-backup\clean-v7\review.csv,,REVIEW,greek_domain_brand_coherence_unclear,AUTO_SAFE,greek_tld|gift_title|gift_snippet|repeated_source,MANUAL,gift_title_but_url_not_direct
95,cigarfashion.gr,Αγοράστε μία Δωροεπιταγή,https://www.cigarfashion.gr/index.php?route,Αγοράστε μία Δωροεπιταγή,Αυτή η δωροεπιταγή θα αποσταλεί μέ e-mail στον παραλήπτη αφού ολοκληρωθεί ή πληρωμή σας. ... CIGAR FASHION © 2026. Κατασκευή Eshop Κατασκευή Eshop.,"site:.gr ""fashion"" ""δωροεπιταγή""",2,data\discovery\focused-harvest-v7\clean-v7\review.csv | data\discovery\focused-harvest-v7-run1-backup\clean-v7\review.csv,,REVIEW,greek_domain_brand_coherence_unclear,AUTO_SAFE,greek_tld|gift_title|gift_snippet|repeated_source,MANUAL,gift_title_but_url_not_direct
95,e-athlopolis.gr,Αγοράστε μία Δωροεπιταγή,https://www.e-athlopolis.gr/index.php?route,Αγοράστε μία Δωροεπιταγή,TRAIL | OUTDOOR · ΣΑΝΔΑΛΙΑ · ΣΑΓΙΟΝΑΡΕΣ | ΠΑΝΤΟΦΛΕΣ · ΡΟΥΧΑ · ΜΠΛΟΥΖΑΚΙΑ ΚΟΝΤΟ ... Αυτή η δωροεπιταγή θα αποσταλεί μέ e-mail στον παραλήπτη αφού ολοκληρωθεί ή ...,"site:.gr ""outdoor"" ""δωροεπιταγή""",2,data\discovery\focused-harvest-v7\clean-v7\review.csv | data\discovery\focused-harvest-v7-run1-backup\clean-v7\review.csv,,REVIEW,greek_domain_brand_coherence_unclear,AUTO_SAFE,greek_tld|gift_title|gift_snippet|repeated_source,MANUAL,gift_title_but_url_not_direct
95,e-decor.gr,Αγοράστε μία Δωροεπιταγή,https://www.e-decor.gr/index.php?route,Αγοράστε μία Δωροεπιταγή,"Αυτή η δωροεπιταγή θα αποσταλεί μέ e-mail στον παραλήπτη αφού ολοκληρωθεί ή πληρωμή σας. ... decor.gr, τηλ: 2721027536. © 2020 e-decor.gr. Visa MasterCard ...","site:.gr ""decor"" ""δωροεπιταγή""",2,data\discovery\focused-harvest-v7\clean-v7\review.csv | data\discovery\focused-harvest-v7-run1-backup\clean-v7\review.csv,,REVIEW,greek_domain_brand_coherence_unclear,AUTO_SAFE,greek_tld|gift_title|gift_snippet|repeated_source,MANUAL,gift_title_but_url_not_direct
95,elcohellas.gr,Αγοράστε μία Δωροεπιταγή,https://www.elcohellas.gr/index.php?route,Αγοράστε μία Δωροεπιταγή,FLUSH BAGS · ΔΕΙΤΕ ΟΛΑ ΤΑ ΑΞΕΣΟΥΑΡ ΣΚΑΦΩΝ. +- ΑΞΕΣΟΥΑΡ ΑΥΤΟΚΙΝΗΤΩΝ ... Αυτή η δωροεπιταγή θα αποσταλεί μέ e-mail στον παραλήπτη αφού ολοκληρωθεί ή πληρωμή σας.,"site:.gr ""bags"" ""δωροεπιταγή""",2,data\discovery\focused-harvest-v7\clean-v7\review.csv | data\discovery\focused-harvest-v7-run1-backup\clean-v7\review.csv,,REVIEW,greek_domain_brand_coherence_unclear,AUTO_SAFE,greek_tld|gift_title|gift_snippet|repeated_source,MANUAL,gift_title_but_url_not_direct
95,elefsinahotel.gr,Ξενοδοχείο Ελευσίνα | Κάρτα δώρου,https://www.elefsinahotel.gr/el/karta-dorou.html,Ξενοδοχείο Ελευσίνα | Κάρτα δώρου,"Δωροεπιταγή Elefsina Hotel. Ένα δώρο πρακτικό, εύκολο και ευέλικτο! Δώστε ελευθερία επιλογών στους εορτάζοντες, να διαλέξουν το αγαπημένο τους προϊόν ή ...","site:.gr ""hotel"" ""δωροεπιταγή""",2,data\discovery\focused-harvest-v7\clean-v7\review.csv | data\discovery\focused-harvest-v7-run1-backup\clean-v7\review.csv,,REVIEW,greek_domain_brand_coherence_unclear,AUTO_SAFE,greek_tld|gift_title|gift_snippet|repeated_source,MANUAL,insufficient_direct_evidence
95,ergo-horeca.gr,Αγοράστε μία Δωροεπιταγή,https://ergo-horeca.gr/index.php?route,Αγοράστε μία Δωροεπιταγή,"Εξοπλισμοί Κουζίνας, Bar, Cafe, Πιτσαρίας, Ζαχαροπλαστείου, Κρεοπωλείου ... Αυτή η δωροεπιταγή θα αποσταλεί μέ e-mail στον παραλήπτη αφού ολοκληρωθεί ή πληρωμή ...","site:.gr ""cafe"" ""δωροεπιταγή""",2,data\discovery\focused-harvest-v7\clean-v7\review.csv | data\discovery\focused-harvest-v7-run1-backup\clean-v7\review.csv,,REVIEW,greek_domain_brand_coherence_unclear,AUTO_SAFE,greek_tld|gift_title|gift_snippet|repeated_source,MANUAL,gift_title_but_url_not_direct
95,evosmofood.gr,Αγοράστε μία Δωροεπιταγή,https://evosmofood.gr/index.php?route,Αγοράστε μία Δωροεπιταγή,Αγοράστε μία Δωροεπιταγή. Αυτή η δωροεπιταγή θα αποσταλεί μέ e-mail στον παραλήπτη αφού ολοκληρωθεί ή πληρωμή σας. Όνομα παραλήπτη. E-mail παραλήπτη. Το όνομα ...,"site:.gr ""food"" ""δωροεπιταγή""",2,data\discovery\focused-harvest-v7\clean-v7\review.csv | data\discovery\focused-harvest-v7-run1-backup\clean-v7\review.csv,,REVIEW,greek_domain_brand_coherence_unclear,AUTO_SAFE,greek_tld|gift_title|gift_snippet|repeated_source,MANUAL,gift_title_but_url_not_direct
95,flowers-balloons.gr,Αγοράστε μία Δωροεπιταγή,https://flowers-balloons.gr/index.php?route,Αγοράστε μία Δωροεπιταγή,"... Flowers Balloons · 0. 0,00€. Το καλάθι αγορών είναι ... Αυτή η δωροεπιταγή θα αποσταλεί μέ e-mail στον παραλήπτη αφού ολοκληρωθεί ή πληρωμή σας. ... flowers ...","site:.gr ""flowers"" ""δωροεπιταγή""",2,data\discovery\focused-harvest-v7\clean-v7\review.csv | data\discovery\focused-harvest-v7-run1-backup\clean-v7\review.csv,,REVIEW,greek_domain_brand_coherence_unclear,AUTO_SAFE,greek_tld|gift_title|gift_snippet|repeated_source,MANUAL,gift_title_but_url_not_direct
95,glamdoll.gr,Αγοράστε μία Δωροεπιταγή,https://glamdoll.gr/index.php?route,Αγοράστε μία Δωροεπιταγή,... SKINCARE · Μάσκες Προσώπου53 · Headbands7 · Serums19 · Ακμή6 · Αντιγήρανση13 · Απολέπιση ... Αυτή η δωροεπιταγή θα αποσταλεί μέ e-mail στον παραλήπτη αφού ...,"site:.gr ""skincare"" ""δωροεπιταγή""",2,data\discovery\focused-harvest-v7\clean-v7\review.csv | data\discovery\focused-harvest-v7-run1-backup\clean-v7\review.csv,,REVIEW,greek_domain_brand_coherence_unclear,AUTO_SAFE,greek_tld|gift_title|gift_snippet|repeated_source,MANUAL,gift_title_but_url_not_direct
95,glimmerbeauty.gr,Αγοράστε μία Δωροεπιταγή,https://glimmerbeauty.gr/index.php?route,Αγοράστε μία Δωροεπιταγή,... Beauty. Ο Λογαριασμός μου · Δημιουργία Λογαριασμού · Σύνδεση Λογαριασμού ... Αυτή η δωροεπιταγή θα αποσταλεί μέ e-mail στον παραλήπτη αφού ολοκληρωθεί ή πληρωμή ...,"site:.gr ""beauty"" ""δωροεπιταγή""",2,data\discovery\focused-harvest-v7\clean-v7\review.csv | data\discovery\focused-harvest-v7-run1-backup\clean-v7\review.csv,,REVIEW,greek_domain_brand_coherence_unclear,AUTO_SAFE,greek_tld|gift_title|gift_snippet|repeated_source,MANUAL,gift_title_but_url_not_direct
95,gruppodibambini.gr,Αγοράστε μία Δωροεπιταγή,https://gruppodibambini.gr/index.php?route,Αγοράστε μία Δωροεπιταγή,"GRUPPO DI BAMBINI-KIDS BOUTIQUE · 0 · 0 προϊόν(τα) - 0,00€ 0. Ψάχνω για ... Αυτή η δωροεπιταγή θα αποσταλεί μέ e-mail στον παραλήπτη αφού ολοκληρωθεί ή πληρωμή ...","site:.gr ""kids"" ""δωροεπιταγή""",2,data\discovery\focused-harvest-v7\clean-v7\review.csv | data\discovery\focused-harvest-v7-run1-backup\clean-v7\review.csv,,REVIEW,greek_domain_brand_coherence_unclear,AUTO_SAFE,greek_tld|gift_title|gift_snippet|repeated_source,MANUAL,gift_title_but_url_not_direct
95,gvshoes.gr,Αγοράστε μία Δωροεπιταγή,https://gvshoes.gr/index.php?route,Αγοράστε μία Δωροεπιταγή,Αυτή η δωροεπιταγή θα αποσταλεί μέ e-mail στον παραλήπτη αφού ολοκληρωθεί ή πληρωμή σας. ... G.V. Group of Shoes © 2026.,"site:.gr ""shoes"" ""δωροεπιταγή""",2,data\discovery\focused-harvest-v7\clean-v7\review.csv | data\discovery\focused-harvest-v7-run1-backup\clean-v7\review.csv,,REVIEW,greek_domain_brand_coherence_unclear,AUTO_SAFE,greek_tld|gift_title|gift_snippet|repeated_source,MANUAL,gift_title_but_url_not_direct
95,hali.gr,Αγοράστε μία Δωροεπιταγή,https://hali.gr/index.php?route,Αγοράστε μία Δωροεπιταγή,Αγοράστε μία Δωροεπιταγή. Αυτή η δωροεπιταγή θα αποσταλεί μέ email στον ... Home Decor · Παιδικά · Μοκέτες · Lorena Canals · Προσφορές · Διακοσμηση Παιδικου ...,"site:.gr ""decor"" ""δωροεπιταγή""",2,data\discovery\focused-harvest-v7\clean-v7\review.csv | data\discovery\focused-harvest-v7-run1-backup\clean-v7\review.csv,,REVIEW,greek_domain_brand_coherence_unclear,AUTO_SAFE,greek_tld|gift_title|gift_snippet|repeated_source,MANUAL,gift_title_but_url_not_direct
95,happyorganic.gr,Αγοράστε μία Δωροεπιταγή,https://www.happyorganic.gr/index.php?route,Αγοράστε μία Δωροεπιταγή,Αγοράστε μία Δωροεπιταγή ... Αυτή η δωροεπιταγή θα αποσταλεί μέ e-mail στον παραλήπτη αφού ολοκληρωθεί ή πληρωμή σας. Όνομα παραλήπτη. E-mail παραλήπτη.,"site:.gr ""cosmetics"" ""δωροεπιταγή""",2,data\discovery\focused-harvest-v7\clean-v7\review.csv | data\discovery\focused-harvest-v7-run1-backup\clean-v7\review.csv,,REVIEW,greek_domain_brand_coherence_unclear,AUTO_SAFE,greek_tld|gift_title|gift_snippet|repeated_source,MANUAL,gift_title_but_url_not_direct
95,heavenoftoys.gr,Αγοράστε μία Δωροεπιταγή,https://www.heavenoftoys.gr/index.php?route,Αγοράστε μία Δωροεπιταγή,Heaven of Toys. 0. Όλες οι κατηγορίες. Όλες οι κατηγορίες; Funko ... Αυτή η δωροεπιταγή θα αποσταλεί μέ e-mail στον παραλήπτη αφού ολοκληρωθεί ή πληρωμή σας.,"site:.gr ""toys"" ""δωροεπιταγή""",2,data\discovery\focused-harvest-v7\clean-v7\review.csv | data\discovery\focused-harvest-v7-run1-backup\clean-v7\review.csv,,REVIEW,greek_domain_brand_coherence_unclear,AUTO_SAFE,greek_tld|gift_title|gift_snippet|repeated_source,MANUAL,gift_title_but_url_not_direct
95,homeunique.gr,Αγοράστε μία Δωροεπιταγή,https://www.homeunique.gr/index.php?route,Αγοράστε μία Δωροεπιταγή,"Αυτή η δωροεπιταγή θα αποσταλεί μέ e-mail στον παραλήπτη αφού ολοκληρωθεί ή πληρωμή σας. ... Copyright © 2024, Home Unique, All Rights Reserved.","site:.gr ""home"" ""δωροεπιταγή""",2,data\discovery\focused-harvest-v7\clean-v7\review.csv | data\discovery\focused-harvest-v7-run1-backup\clean-v7\review.csv,,REVIEW,greek_domain_brand_coherence_unclear,AUTO_SAFE,greek_tld|gift_title|gift_snippet|repeated_source,MANUAL,gift_title_but_url_not_direct
95,inbeautyland.gr,Αγοράστε μία Δωροεπιταγή,https://www.inbeautyland.gr/index.php?route,Αγοράστε μία Δωροεπιταγή,NAILS · ΠΑΚΕΤΑ - ΚΙΤ · ΠΡΟΣΦΟΡΑ 25% · ΗΜΙΜΟΝΙΜΑ ΒΕΡΝΙΚΙΑ · BASE COAT · RUBBER BASE ... Αυτή η δωροεπιταγή θα αποσταλεί μέ e-mail στον παραλήπτη αφού ολοκληρωθεί ή ...,"site:.gr ""nails"" ""δωροεπιταγή""",2,data\discovery\focused-harvest-v7\clean-v7\review.csv | data\discovery\focused-harvest-v7-run1-backup\clean-v7\review.csv,,REVIEW,greek_domain_brand_coherence_unclear,AUTO_SAFE,greek_tld|gift_title|gift_snippet|repeated_source,MANUAL,gift_title_but_url_not_direct
95,interior365.gr,Αγοράστε μία Δωροεπιταγή,https://www.interior365.gr/index.php?route,Αγοράστε μία Δωροεπιταγή,Χειροποίητα κεριά & είδη decor18 · Τεχνητά Φυτά · Άνθη & Μπουκέτα0 · Αποξηραμένα43 ... Αυτή η δωροεπιταγή θα αποσταλεί μέ e-mail στον παραλήπτη αφού ολοκληρωθεί ή ...,"site:.gr ""decor"" ""δωροεπιταγή""",2,data\discovery\focused-harvest-v7\clean-v7\review.csv | data\discovery\focused-harvest-v7-run1-backup\clean-v7\review.csv,,REVIEW,greek_domain_brand_coherence_unclear,AUTO_SAFE,greek_tld|gift_title|gift_snippet|repeated_source,MANUAL,gift_title_but_url_not_direct
95,kalimeratzis.gr,Αγοράστε μία Δωροεπιταγή,https://www.kalimeratzis.gr/index.php?route,Αγοράστε μία Δωροεπιταγή,Το καλάθι αγορών είναι άδειο! ΓΥΝΑΙΚΕΙΑ · ΕΣΩΡΟΥΧΑ +. LUXURY LINGERIE · ΣΟΥΤΙΕΝ ... Αυτή η δωροεπιταγή θα αποσταλεί μέ e-mail στον παραλήπτη αφού ολοκληρωθεί ή ...,"site:.gr ""lingerie"" ""δωροεπιταγή""",2,data\discovery\focused-harvest-v7\clean-v7\review.csv | data\discovery\focused-harvest-v7-run1-backup\clean-v7\review.csv,,REVIEW,greek_domain_brand_coherence_unclear,AUTO_SAFE,greek_tld|gift_title|gift_snippet|repeated_source,MANUAL,gift_title_but_url_not_direct
95,kiss929.gr,Διεκδικήστε μία δωροεπιταγή αξίας 500 ευρώ από τη ...,https://www.kiss929.gr/article/arheio/8608/diekdikiste-mia-doroepitagi-axias-500-eyro-apo-ti-gotsopoulos-home,Διεκδικήστε μία δωροεπιταγή αξίας 500 ευρώ από τη ...,Διεκδικήστε μία δωροεπιταγή αξίας 500€ από τη Gotsopoulos Home! Μεγάλες ΧΕΙΜΕΡΙΝΕΣ εκπτώσεις στα έπιπλα GOTSOPOULOS HOME.,"site:.gr ""home"" ""δωροεπιταγή""",2,data\discovery\focused-harvest-v7\clean-v7\review.csv | data\discovery\focused-harvest-v7-run1-backup\clean-v7\review.csv,,REVIEW,greek_domain_brand_coherence_unclear,AUTO_SAFE,greek_tld|gift_title|gift_snippet|repeated_source,MANUAL,gift_title_but_url_not_direct
95,lepetit.gr,Αγοράστε μία Δωροεπιταγή,https://lepetit.gr/index.php?route,Αγοράστε μία Δωροεπιταγή,Gioseppo Kids · Gioseppo Kids · Hρα · Hρα. Igor · Igor · Kids-code · Kids-code. LATTAS ... Αυτή η δωροεπιταγή θα αποσταλεί μέ e-mail στον παραλήπτη αφού ...,"site:.gr ""kids"" ""δωροεπιταγή""",2,data\discovery\focused-harvest-v7\clean-v7\review.csv | data\discovery\focused-harvest-v7-run1-backup\clean-v7\review.csv,,REVIEW,greek_domain_brand_coherence_unclear,AUTO_SAFE,greek_tld|gift_title|gift_snippet|repeated_source,MANUAL,gift_title_but_url_not_direct
95,lilalokids.gr,Αγοράστε μία Δωροεπιταγή,https://lilalokids.gr/index.php?route,Αγοράστε μία Δωροεπιταγή,"Αυτή η δωροεπιταγή θα αποσταλεί μέ e-mail στον παραλήπτη αφού ολοκληρωθεί ή πληρωμή σας. ... Copyright © 2021, LILALO KIDS | Designed & Hosted by: costas.co ...","site:.gr ""kids"" ""δωροεπιταγή""",2,data\discovery\focused-harvest-v7\clean-v7\review.csv | data\discovery\focused-harvest-v7-run1-backup\clean-v7\review.csv,,REVIEW,greek_domain_brand_coherence_unclear,AUTO_SAFE,greek_tld|gift_title|gift_snippet|repeated_source,MANUAL,gift_title_but_url_not_direct
95,lingerieboutique.gr,Αγοράστε μία Δωροεπιταγή,https://www.lingerieboutique.gr/index.php?route,Αγοράστε μία Δωροεπιταγή,"Αυτή η δωροεπιταγή θα αποσταλεί μέ e-mail στον παραλήπτη αφού ολοκληρωθεί ή πληρωμή σας. ... Lingerie Boutique, στο Ίλιον. Επιλεγμένες ... Lingerie Boutique -","site:.gr ""lingerie"" ""δωροεπιταγή""",2,data\discovery\focused-harvest-v7\clean-v7\review.csv | data\discovery\focused-harvest-v7-run1-backup\clean-v7\review.csv,,REVIEW,greek_domain_brand_coherence_unclear,AUTO_SAFE,greek_tld|gift_title|gift_snippet|repeated_source,MANUAL,gift_title_but_url_not_direct
95,mattas-sports.gr,Αγοράστε μία Δωροεπιταγή,https://www.mattas-sports.gr/index.php?route,Αγοράστε μία Δωροεπιταγή,"Αυτή η δωροεπιταγή θα αποσταλεί μέ e-mail στον παραλήπτη αφού ολοκληρωθεί ή πληρωμή σας. ... info@mattas-sports.gr. Copyright © 2023, Mattas Sports. Αποδέχομαι.","site:.gr ""sports"" ""δωροεπιταγή""",2,data\discovery\focused-harvest-v7\clean-v7\review.csv | data\discovery\focused-harvest-v7-run1-backup\clean-v7\review.csv,,REVIEW,greek_domain_brand_coherence_unclear,AUTO_SAFE,greek_tld|gift_title|gift_snippet|repeated_source,MANUAL,gift_title_but_url_not_direct
95,max-kids.gr,Αγοράστε μία Δωροεπιταγή,https://www.max-kids.gr/index.php?route,Αγοράστε μία Δωροεπιταγή,"Αυτή η δωροεπιταγή θα αποσταλεί μέ e-mail στον παραλήπτη αφού ολοκληρωθεί ή πληρωμή σας. ... kids.gr, τηλ: 2721027536. © 2020 max-kids.gr. Visa MasterCard ...","site:.gr ""kids"" ""δωροεπιταγή""",2,data\discovery\focused-harvest-v7\clean-v7\review.csv | data\discovery\focused-harvest-v7-run1-backup\clean-v7\review.csv,,REVIEW,greek_domain_brand_coherence_unclear,AUTO_SAFE,greek_tld|gift_title|gift_snippet|repeated_source,MANUAL,gift_title_but_url_not_direct
95,minimokidsboutique.gr,Αγοράστε μία Δωροεπιταγή,https://minimokidsboutique.gr/index.php?route,Αγοράστε μία Δωροεπιταγή,Αυτή η δωροεπιταγή θα αποσταλεί μέ e-mail στον παραλήπτη αφού ολοκληρωθεί ή πληρωμή σας. ... © 2025 Βρεφική - Παιδική μόδα Minimo Kids Boutique | Κατασκευή eshop ...,"site:.gr ""kids"" ""δωροεπιταγή""",2,data\discovery\focused-harvest-v7\clean-v7\review.csv | data\discovery\focused-harvest-v7-run1-backup\clean-v7\review.csv,,REVIEW,greek_domain_brand_coherence_unclear,AUTO_SAFE,greek_tld|gift_title|gift_snippet|repeated_source,MANUAL,gift_title_but_url_not_direct
95,mylefkada.gr,Η Δωροεπιταγή του Τηλυκράτη,https://www.mylefkada.gr/eidhseis/74627-74627/,Η Δωροεπιταγή του Τηλυκράτη,Η Δωροεπιταγή του Τηλυκράτη. My Lefkada Team by My Lefkada Team ... Σε συνεργασία με το Oikos Decor center. Related posts ...,"site:.gr ""decor"" ""δωροεπιταγή""",2,data\discovery\focused-harvest-v7\clean-v7\review.csv | data\discovery\focused-harvest-v7-run1-backup\clean-v7\review.csv,,REVIEW,greek_domain_brand_coherence_unclear,AUTO_SAFE,greek_tld|gift_title|gift_snippet|repeated_source,MANUAL,gift_title_but_url_not_direct
95,mysatellite.gr,Αγοράστε μία Δωροεπιταγή,https://www.mysatellite.gr/index.php?route,Αγοράστε μία Δωροεπιταγή,Satellite Advertising Gifts. Menu. 0. Όλα. Όλα; Αρχική; Κατάλογοι Online. 0 προϊόν ... Αγοράστε μία Δωροεπιταγή. Αυτή η δωροεπιταγή θα αποσταλεί μέ e-mail στον ...,"site:.gr ""gifts"" ""δωροεπιταγή""",2,data\discovery\focused-harvest-v7\clean-v7\review.csv | data\discovery\focused-harvest-v7-run1-backup\clean-v7\review.csv,,REVIEW,greek_domain_brand_coherence_unclear,AUTO_SAFE,greek_tld|gift_title|gift_snippet|repeated_source,MANUAL,gift_title_but_url_not_direct
95,noemahome.gr,Αγοράστε μία Δωροεπιταγή,https://noemahome.gr/index.php?route,Αγοράστε μία Δωροεπιταγή,home · O Λογαριασμός μου · Αγορά Δωροεπιταγής. Αγοράστε μία Δωροεπιταγή. Αυτή η δωροεπιταγή θα αποσταλεί μέ e-mail στον παραλήπτη αφού ολοκληρωθεί ή πληρωμή σας ...,"site:.gr ""home"" ""δωροεπιταγή""",2,data\discovery\focused-harvest-v7\clean-v7\review.csv | data\discovery\focused-harvest-v7-run1-backup\clean-v7\review.csv,,REVIEW,greek_domain_brand_coherence_unclear,AUTO_SAFE,greek_tld|gift_title|gift_snippet|repeated_source,MANUAL,gift_title_but_url_not_direct
95,nova-travel.gr,Αγοράστε μία Δωροεπιταγή,https://nova-travel.gr/index.php?route,Αγοράστε μία Δωροεπιταγή,Nova Travel - Travel Agency Greece. All. All; Αρχείο Εκδρομών; Οργανωμένα ... Αυτή η δωροεπιταγή θα αποσταλεί μέ e-mail στον παραλήπτη αφού ολοκληρωθεί ή πληρωμή ...,"site:.gr ""travel"" ""δωροεπιταγή""",2,data\discovery\focused-harvest-v7\clean-v7\review.csv | data\discovery\focused-harvest-v7-run1-backup\clean-v7\review.csv,,REVIEW,greek_domain_brand_coherence_unclear,AUTO_SAFE,greek_tld|gift_title|gift_snippet|repeated_source,MANUAL,gift_title_but_url_not_direct
95,olympusport.gr,Αγοράστε μία Δωροεπιταγή,https://olympusport.gr/index.php?route,Αγοράστε μία Δωροεπιταγή,FITNESS ΡΟΥΧΑ · ΠΑΠΟΥΤΣΙΑ · ΠΑΠΟΥΤΣΙΑ ΠΡΟΠΟΝΗΣΗΣ · ΠΥΓΜΑΧΙΚΑ ΜΠΟΤΑΚΙΑ · ΠΑΠΟΥΤΣΙΑ ... Αυτή η δωροεπιταγή θα αποσταλεί μέ e-mail στον παραλήπτη αφού ολοκληρωθεί ή ...,"site:.gr ""fitness"" ""δωροεπιταγή""",2,data\discovery\focused-harvest-v7\clean-v7\review.csv | data\discovery\focused-harvest-v7-run1-backup\clean-v7\review.csv,,REVIEW,greek_domain_brand_coherence_unclear,AUTO_SAFE,greek_tld|gift_title|gift_snippet|repeated_source,MANUAL,gift_title_but_url_not_direct
95,orloffbeauty.gr,Αγοράστε μία Δωροεπιταγή,https://www.orloffbeauty.gr/index.php?route,Αγοράστε μία Δωροεπιταγή,Αγοράστε μία Δωροεπιταγή ... Οι περιποιήσεις spa πραγματοποιούνται μέσω γνήσιων πρωτοκόλλων και με προϊόντα φροντίδας του δέρματος από premium μάρκες Valmont και ...,"site:.gr ""beauty"" ""δωροεπιταγή""",2,data\discovery\focused-harvest-v7\clean-v7\review.csv | data\discovery\focused-harvest-v7-run1-backup\clean-v7\review.csv,,REVIEW,greek_domain_brand_coherence_unclear,AUTO_SAFE,greek_tld|gift_title|gift_snippet|repeated_source,MANUAL,gift_title_but_url_not_direct
95,otticacenter.gr,Αγοράστε μία Δωροεπιταγή,https://www.otticacenter.gr/index.php?route,Αγοράστε μία Δωροεπιταγή,Smith Optics · Solano · Speyes · Spektre. T. Tiffany Co · Timberland · Tom Ford · Tom's ... Αυτή η δωροεπιταγή θα αποσταλεί μέ e-mail στον παραλήπτη αφού ...,"site:.gr ""optics"" ""δωροεπιταγή""",2,data\discovery\focused-harvest-v7\clean-v7\review.csv | data\discovery\focused-harvest-v7-run1-backup\clean-v7\review.csv,,REVIEW,greek_domain_brand_coherence_unclear,AUTO_SAFE,greek_tld|gift_title|gift_snippet|repeated_source,MANUAL,gift_title_but_url_not_direct
95,owlaboutkids.gr,Αγοράστε μία Δωροεπιταγή,https://www.owlaboutkids.gr/index.php?route,Αγοράστε μία Δωροεπιταγή,Αγοράστε μία Δωροεπιταγή. Αυτή η δωροεπιταγή θα αποσταλεί μέ e-mail στον παραλήπτη αφού ολοκληρωθεί ή πληρωμή σας. Όνομα παραλήπτη. E-mail παραλήπτη.,"site:.gr ""kids"" ""δωροεπιταγή""",2,data\discovery\focused-harvest-v7\clean-v7\review.csv | data\discovery\focused-harvest-v7-run1-backup\clean-v7\review.csv,,REVIEW,greek_domain_brand_coherence_unclear,AUTO_SAFE,greek_tld|gift_title|gift_snippet|repeated_source,MANUAL,gift_title_but_url_not_direct
95,palbatt.gr,Αγοράστε μία Δωροεπιταγή,https://www.palbatt.gr/doroepitages?srsltid,Αγοράστε μία Δωροεπιταγή,Αυτή η δωροεπιταγή θα αποσταλεί μέ e-mail στον παραλήπτη αφού ολοκληρωθεί ή πληρωμή σας. ... Μπαταρίες για INDIAN MOTORCYCLE. Μπαταρίες για JINCHENG. Μπαταρίες ...,"site:.gr ""motorcycle"" ""δωροεπιταγή""",2,data\discovery\focused-harvest-v7\clean-v7\review.csv | data\discovery\focused-harvest-v7-run1-backup\clean-v7\review.csv,,REVIEW,greek_domain_brand_coherence_unclear,AUTO_SAFE,greek_tld|gift_title|gift_snippet|repeated_source,MANUAL,gift_title_but_url_not_direct
95,petpoint.gr,Αγορά Δωροεπιταγής,https://petpoint.gr/agora-doroepitagis/,Αγορά Δωροεπιταγής,... Wellness Core · Hill's Science Plan · Acana · Orijen · Κλινικές Ξηρές τροφές · AATU ... Η δωροεπιταγή Pet Point είναι ένας εύκολος και πρακτικός τρόπος να κάνετε ...,"site:.gr ""wellness"" ""δωροεπιταγή""",2,data\discovery\focused-harvest-v7\clean-v7\review.csv | data\discovery\focused-harvest-v7-run1-backup\clean-v7\review.csv,,REVIEW,greek_domain_brand_coherence_unclear,AUTO_SAFE,greek_tld|gift_title|gift_snippet|repeated_source,MANUAL,gift_title_but_url_not_direct
95,pro.makemeup.gr,Αγοράστε μία Δωροεπιταγή,https://pro.makemeup.gr/index.php?route,Αγοράστε μία Δωροεπιταγή,BAGS & ACCESSORIES. BAGS & ACCESSORIES. LIFESTYLE & MORE. Bags / Accessories ... Αυτή η δωροεπιταγή θα αποσταλεί μέ e-mail στον παραλήπτη αφού ολοκληρωθεί ή ...,"site:.gr ""bags"" ""δωροεπιταγή""",2,data\discovery\focused-harvest-v7\clean-v7\review.csv | data\discovery\focused-harvest-v7-run1-backup\clean-v7\review.csv,,REVIEW,greek_domain_brand_coherence_unclear,AUTO_SAFE,greek_tld|gift_title|gift_snippet|repeated_source,MANUAL,gift_title_but_url_not_direct
95,psichogiosmeat.gr,Αγοράστε μία Δωροεπιταγή,https://www.psichogiosmeat.gr/b2b/index.php?route,Αγοράστε μία Δωροεπιταγή,ΨΥΧΟΓΥΙΟΣ DELICATESSEN FOOD SERVICES. Τηλεφωνικές Παραγγελίες 210 2829759 ... Αγοράστε μία Δωροεπιταγή. Αυτή η δωροεπιταγή θα αποσταλεί μέ e-mail στον παραλήπτη ...,"site:.gr ""food"" ""δωροεπιταγή""",2,data\discovery\focused-harvest-v7\clean-v7\review.csv | data\discovery\focused-harvest-v7-run1-backup\clean-v7\review.csv,,REVIEW,greek_domain_brand_coherence_unclear,AUTO_SAFE,greek_tld|gift_title|gift_snippet|repeated_source,MANUAL,gift_title_but_url_not_direct
95,roumeliotis-sm.gr,Μην το χάσετε! Κερδίστε δωροεπιταγή 6 € με αγορές άνω ...,https://roumeliotis-sm.gr/el/2025/03/22/doroepitagi-6euro-mhn-to-xasete/,Μην το χάσετε! Κερδίστε δωροεπιταγή 6 € με αγορές άνω ...,"Με κάθε 50€ αγορών σε μία απόδειξη, αγορές στα καταστήματα Toys & More και Super Market Ρουμελιώτης Γαστούνης, ο πελάτης λαμβάνει δωροεπιταγή ...","site:.gr ""toys"" ""δωροεπιταγή""",2,data\discovery\focused-harvest-v7\clean-v7\review.csv | data\discovery\focused-harvest-v7-run1-backup\clean-v7\review.csv,,REVIEW,greek_domain_brand_coherence_unclear,AUTO_SAFE,greek_tld|gift_title|gift_snippet|repeated_source,MANUAL,gift_title_but_url_not_direct
95,rowit.gr,1 δωροεπιταγή αξίας 30€ Fitness Nutrition – Στάμκος Βαγγέλης ...,https://rowit.gr/tag/1-%CE%B4%CF%89%CF%81%CE%BF%CE%B5%CF%80%CE%B9%CF%84%CE%B1%CE%B3%CE%AE-%CE%B1%CE%BE%CE%AF%CE%B1%CF%82-30e-fitness-nutrition-%CF%83%CF%84%CE%AC%CE%BC%CE%BA%CE%BF%CF%82-%CE%B2%CE%B1%CE%B3%CE%B3/,1 δωροεπιταγή αξίας 30€ Fitness Nutrition – Στάμκος Βαγγέλης ...,1 δωροεπιταγή αξίας 30€ Fitness Nutrition – Στάμκος Βαγγέλης. Rowit Τελευταία Νέα 1 δωροεπιταγή αξίας 30€ Fitness Nutrition – Στάμκος Βαγγέλης. Όμιλοι · Οι ...,"site:.gr ""fitness"" ""δωροεπιταγή""",2,data\discovery\focused-harvest-v7\clean-v7\review.csv | data\discovery\focused-harvest-v7-run1-backup\clean-v7\review.csv,,REVIEW,greek_domain_brand_coherence_unclear,AUTO_SAFE,greek_tld|gift_title|gift_snippet|repeated_source,MANUAL,gift_title_but_url_not_direct
95,samosbooks.gr,Αγοράστε μία Δωροεπιταγή,https://www.samosbooks.gr/index.php?route,Αγοράστε μία Δωροεπιταγή,Αγοράστε μία Δωροεπιταγή. O Λογαριασμός μου · Αγορά Δωροεπιταγής. Αυτή η δωροεπιταγή θα αποσταλεί μέ e-mail στον παραλήπτη αφού ολοκληρωθεί ή πληρωμή σας.,"site:.gr ""books"" ""δωροεπιταγή""",2,data\discovery\focused-harvest-v7\clean-v7\review.csv | data\discovery\focused-harvest-v7-run1-backup\clean-v7\review.csv,,REVIEW,greek_domain_brand_coherence_unclear,AUTO_SAFE,greek_tld|gift_title|gift_snippet|repeated_source,MANUAL,gift_title_but_url_not_direct
95,sergionails.gr,Αγορά Δωροεπιταγής,https://sergionails.gr/agora-dwroepitaghs/,Αγορά Δωροεπιταγής,Τα καταστήματα Star Nails – Sergio ανταλλάσσουν την προσκομισθησόμενη δωροεπιταγή παραδίδοντας στον κομιστή εμπορεύματα τουλάχιστον ίσης ή μεγαλύτερης αξίας ...,"site:.gr ""nails"" ""δωροεπιταγή""",2,data\discovery\focused-harvest-v7\clean-v7\review.csv | data\discovery\focused-harvest-v7-run1-backup\clean-v7\review.csv,,REVIEW,greek_domain_brand_coherence_unclear,AUTO_SAFE,greek_tld|gift_title|gift_snippet|repeated_source,MANUAL,gift_title_but_url_not_direct
95,shera.gr,Αγοράστε μία Δωροεπιταγή,https://shera.gr/index.php?route,Αγοράστε μία Δωροεπιταγή,"... Clothing Shop · 0 · 0 προϊόν(τα) - 0,00€ 0 · O Λογαριασμός μου · Αγορά Δωροεπιταγής. Αγοράστε μία Δωροεπιταγή. Αυτή η δωροεπιταγή θα αποσταλεί μέ e-mail στον ...","site:.gr ""clothing"" ""δωροεπιταγή""",2,data\discovery\focused-harvest-v7\clean-v7\review.csv | data\discovery\focused-harvest-v7-run1-backup\clean-v7\review.csv,,REVIEW,greek_domain_brand_coherence_unclear,AUTO_SAFE,greek_tld|gift_title|gift_snippet|repeated_source,MANUAL,gift_title_but_url_not_direct
95,shopofpc.gr,Αγοράστε μία Δωροεπιταγή,https://shopofpc.gr/index.php?route,Αγοράστε μία Δωροεπιταγή,Αυτή η δωροεπιταγή θα αποσταλεί μέ e-mail στον παραλήπτη αφού ολοκληρωθεί ή πληρωμή σας. ... Close We use cookies to offer you the best experience on our site. By ...,"site:.gr ""experience"" ""δωροεπιταγή""",2,data\discovery\focused-harvest-v7\clean-v7\review.csv | data\discovery\focused-harvest-v7-run1-backup\clean-v7\review.csv,,REVIEW,greek_domain_brand_coherence_unclear,AUTO_SAFE,greek_tld|gift_title|gift_snippet|repeated_source,MANUAL,gift_title_but_url_not_direct
95,sparagouay.gr,Αγοράστε μία Δωροεπιταγή,https://sparagouay.gr/index.php?route,Αγοράστε μία Δωροεπιταγή,Bags - Handbags · Καπέλα · Σκούφοι Sparagouay · Κάλτσες · Κοσμήματα · Αλυσίδες ... Αυτή η δωροεπιταγή θα αποσταλεί μέ e-mail στον παραλήπτη αφού ολοκληρωθεί ή ...,"site:.gr ""bags"" ""δωροεπιταγή""",2,data\discovery\focused-harvest-v7\clean-v7\review.csv | data\discovery\focused-harvest-v7-run1-backup\clean-v7\review.csv,,REVIEW,greek_domain_brand_coherence_unclear,AUTO_SAFE,greek_tld|gift_title|gift_snippet|repeated_source,MANUAL,gift_title_but_url_not_direct
95,stigkabooks.gr,στίγκα,https://stigkabooks.gr/products/%CE%B4%CF%89%CF%81%CE%BF%CE%B5%CF%80%CE%B9%CF%84%CE%B1%CE%B3%CE%AE-%CF%83%CF%84%CE%AF%CE%B3%CE%BA%CE%B1?srsltid,Δωροεπιταγή στίγκα,"Δωροεπιταγή στίγκα. Καμία κριτική. Δωροεπιταγή στίγκα. 10,00€. από Stigka Books. Stigka Books logo. Κωδικός Προϊόντος:.","site:.gr ""books"" ""δωροεπιταγή""",2,data\discovery\focused-harvest-v7\clean-v7\review.csv | data\discovery\focused-harvest-v7-run1-backup\clean-v7\review.csv,,REVIEW,greek_domain_brand_coherence_unclear,AUTO_SAFE,greek_tld|gift_title|gift_snippet|repeated_source,MANUAL,gift_title_but_url_not_direct
95,svc-cosmetics.gr,Αγοράστε μία Δωροεπιταγή,https://www.svc-cosmetics.gr/index.php?route,Αγοράστε μία Δωροεπιταγή,Αυτή η δωροεπιταγή θα αποσταλεί μέ e-mail στον παραλήπτη αφού ολοκληρωθεί ή πληρωμή σας. ... SVC Cosmetics. ΒΑΣΙΛΕΙΑΔΗΣ ΣΩΤΗΡΙΟΣ. Νέα Πέραμο Καβάλας. 28ης ...,"site:.gr ""cosmetics"" ""δωροεπιταγή""",2,data\discovery\focused-harvest-v7\clean-v7\review.csv | data\discovery\focused-harvest-v7-run1-backup\clean-v7\review.csv,,REVIEW,greek_domain_brand_coherence_unclear,AUTO_SAFE,greek_tld|gift_title|gift_snippet|repeated_source,MANUAL,gift_title_but_url_not_direct
95,syrostoday.gr,Φέτος χαρίστε μια Δωροεπιταγή σαν Χριστουγεννιάτικο Δώρo ...,https://www.syrostoday.gr/News/154657-Fetos-xariste-mia-Doroepitagi-san-Xristoygenniatiko-Doro-apo-ta-Kois-Optics.aspx,Φέτος χαρίστε μια Δωροεπιταγή σαν Χριστουγεννιάτικο Δώρo ...,Φέτος τα Χριστούγεννα χαρίστε στα αγαπημένα σας πρόσωπα μια Δωροεπιταγή από τα καταστήματα Kois Optics. Τα Kois Optics σας εύχονται Καλές Γιορτές.,"site:.gr ""optics"" ""δωροεπιταγή""",2,data\discovery\focused-harvest-v7\clean-v7\review.csv | data\discovery\focused-harvest-v7-run1-backup\clean-v7\review.csv,,REVIEW,greek_domain_brand_coherence_unclear,AUTO_SAFE,greek_tld|gift_title|gift_snippet|repeated_source,MANUAL,gift_title_but_url_not_direct
95,takka.gr,Αγοράστε μία Δωροεπιταγή,https://takka.gr/index.php?route,Αγοράστε μία Δωροεπιταγή,Αγοράστε μία Δωροεπιταγή ... Αυτή η δωροεπιταγή θα αποσταλεί μέ e-mail στον παραλήπτη αφού ολοκληρωθεί ή πληρωμή σας. Όνομα παραλήπτη. E-mail παραλήπτη.,"site:.gr ""toys"" ""δωροεπιταγή""",2,data\discovery\focused-harvest-v7\clean-v7\review.csv | data\discovery\focused-harvest-v7-run1-backup\clean-v7\review.csv,,REVIEW,greek_domain_brand_coherence_unclear,AUTO_SAFE,greek_tld|gift_title|gift_snippet|repeated_source,MANUAL,gift_title_but_url_not_direct
95,tesae.gr,Ενεργοποίηση δυνατότητας δωροεπιταγών (Gift Cards) στο ...,https://www.tesae.gr/articles/protipes-meletes-i-efarmoges-(pegasus-globality)/pegasus-erp-,Ενεργοποίηση δυνατότητας δωροεπιταγών (Gift Cards) στο ...,Οι δώροεπιταγές μπορούν να παίξουν με δύο σενάρια: O πελάτης να αγοράζει μια δωροεπιταγή με συγκεκριμένο πόσο ή συμπληρώνοντας αυτός το ποσό που ...,"site:.gr ""experience"" ""δωροεπιταγή""",2,data\discovery\focused-harvest-v7\clean-v7\review.csv | data\discovery\focused-harvest-v7-run1-backup\clean-v7\review.csv,,REVIEW,greek_domain_brand_coherence_unclear,AUTO_SAFE,greek_tld|gift_title|gift_snippet|repeated_source,MANUAL,gift_title_but_url_not_direct
95,theboxgallery.gr,Αγοράστε μία Δωροεπιταγή,https://theboxgallery.gr/index.php?route,Αγοράστε μία Δωροεπιταγή,Coloring Books · Τρενάκια Ζωγραφικής · Tag Stickers · Καμβάδες Ζωγραφικής · Εργαλεία ... Αυτή η δωροεπιταγή θα αποσταλεί μέ e-mail στον παραλήπτη αφού ολοκληρωθεί ...,"site:.gr ""books"" ""δωροεπιταγή""",2,data\discovery\focused-harvest-v7\clean-v7\review.csv | data\discovery\focused-harvest-v7-run1-backup\clean-v7\review.csv,,REVIEW,greek_domain_brand_coherence_unclear,AUTO_SAFE,greek_tld|gift_title|gift_snippet|repeated_source,MANUAL,gift_title_but_url_not_direct
95,thespisjewellery.gr,Αγοράστε μία Δωροεπιταγή,https://thespisjewellery.gr/index.php?route,Αγοράστε μία Δωροεπιταγή,Menu. Κατηγορίες. ΕΚΠΤΩΣΕΙΣ PANDORA; PANDORA · NOMINATION · DIMITRIOS EXCLUSIVE · GEROCHRISTO JEWELRY ... Αυτή η δωροεπιταγή θα αποσταλεί μέ e-mail στον παραλήπτη ...,"site:.gr ""jewelry"" ""δωροεπιταγή""",2,data\discovery\focused-harvest-v7\clean-v7\review.csv | data\discovery\focused-harvest-v7-run1-backup\clean-v7\review.csv,,REVIEW,greek_domain_brand_coherence_unclear,AUTO_SAFE,greek_tld|gift_title|gift_snippet|repeated_source,MANUAL,gift_title_but_url_not_direct
95,thessaroma.gr,Αγοράστε μία Δωροεπιταγή,https://thessaroma.gr/index.php?route,Αγοράστε μία Δωροεπιταγή,... Perfume For Home; Candles; Home Refresher; Reed Diffuser; Εποχιακά; AUTUMN; SPRING ... Αυτή η δωροεπιταγή θα αποσταλεί μέ e-mail στον παραλήπτη αφού ολοκληρωθεί ή ...,"site:.gr ""perfume"" ""δωροεπιταγή""",2,data\discovery\focused-harvest-v7\clean-v7\review.csv | data\discovery\focused-harvest-v7-run1-backup\clean-v7\review.csv,,REVIEW,greek_domain_brand_coherence_unclear,AUTO_SAFE,greek_tld|gift_title|gift_snippet|repeated_source,MANUAL,gift_title_but_url_not_direct
95,time2shop.gr,Αγοράστε μία Δωροεπιταγή,https://time2shop.gr/index.php?route,Αγοράστε μία Δωροεπιταγή,Αγοράστε μία Δωροεπιταγή. Αυτή η δωροεπιταγή θα αποσταλεί μέ e-mail στον παραλήπτη αφού ολοκληρωθεί ή πληρωμή σας. ... Outdoor Multifuction. Quickview. North Edge ...,"site:.gr ""outdoor"" ""δωροεπιταγή""",2,data\discovery\focused-harvest-v7\clean-v7\review.csv | data\discovery\focused-harvest-v7-run1-backup\clean-v7\review.csv,,REVIEW,greek_domain_brand_coherence_unclear,AUTO_SAFE,greek_tld|gift_title|gift_snippet|repeated_source,MANUAL,gift_title_but_url_not_direct
95,to-farmakion.gr,Αγοράστε μία Δωροεπιταγή,https://www.to-farmakion.gr/index.php?route,Αγοράστε μία Δωροεπιταγή,Australian BUSH FLOWERS Essences33 · Μεμονωμένα Ανθοϊάματα Australian Bush ... Αυτή η δωροεπιταγή θα αποσταλεί μέ e-mail στον παραλήπτη αφού ολοκληρωθεί ή πληρωμή ...,"site:.gr ""flowers"" ""δωροεπιταγή""",2,data\discovery\focused-harvest-v7\clean-v7\review.csv | data\discovery\focused-harvest-v7-run1-backup\clean-v7\review.csv,,REVIEW,greek_domain_brand_coherence_unclear,AUTO_SAFE,greek_tld|gift_title|gift_snippet|repeated_source,MANUAL,gift_title_but_url_not_direct
95,toysflix.gr,Αγοράστε μία Δωροεπιταγή,https://toysflix.gr/index.php?route,Αγοράστε μία Δωροεπιταγή,Kids hits toys13 · Βρεφικά Παιχνίδια Μπάνιου5 · Γιο Γιο1 · Γυμναστήρια Για Μωρά7 ... Αυτή η δωροεπιταγή θα αποσταλεί μέ e-mail στον παραλήπτη αφού ολοκληρωθεί ή ...,"site:.gr ""toys"" ""δωροεπιταγή""",2,data\discovery\focused-harvest-v7\clean-v7\review.csv | data\discovery\focused-harvest-v7-run1-backup\clean-v7\review.csv,,REVIEW,greek_domain_brand_coherence_unclear,AUTO_SAFE,greek_tld|gift_title|gift_snippet|repeated_source,MANUAL,gift_title_but_url_not_direct
95,trace-shoes.gr,Αγοράστε μία Δωροεπιταγή,https://www.trace-shoes.gr/dwroepitages.html?srsltid,Αγοράστε μία Δωροεπιταγή,"Αυτή η δωροεπιταγή θα αποσταλεί μέ e-mail στον παραλήπτη αφού ολοκληρωθεί ή πληρωμή σας. ... Trace Shoes. Φυσικά καταστήματα: 1. Κορίνθου 224, Πάτρα 2. Αγ ...","site:.gr ""shoes"" ""δωροεπιταγή""",2,data\discovery\focused-harvest-v7\clean-v7\review.csv | data\discovery\focused-harvest-v7-run1-backup\clean-v7\review.csv,,REVIEW,greek_domain_brand_coherence_unclear,AUTO_SAFE,greek_tld|gift_title|gift_snippet|repeated_source,MANUAL,gift_title_but_url_not_direct
95,tsigkos-plakakia.gr,eco by sonya Eco by Sonya Gift Cards Online | Cosmetics,https://tsigkos-plakakia.gr/?t,eco by sonya Eco by Sonya Gift Cards Online | Cosmetics,Spoil someone you love with an Eco Tan Gift Voucher so they can treat themselves to our Certified Organic goodies! Note: This is an email gift voucher.,"site:.gr ""skincare"" ""gift voucher""",2,data\discovery\focused-harvest-v7-run1-backup\clean-v7\review.csv | data\discovery\mega-harvest-v6\clean-v6\review.csv,,REVIEW,greek_domain_brand_coherence_unclear,AUTO_SAFE,greek_tld|gift_title|gift_snippet|repeated_source,MANUAL,gift_title_but_url_not_direct
95,turquoiseshop.gr,Κάρτα Δώρου,https://turquoiseshop.gr/karta-dorou/,Κάρτα Δώρου,"Αναρωτιέστε τι δώρο να κάνετε στο αγαπημένο σας προσωπο; Μπορείτε απλά να προμηθευτείτε την Δωροκάρτα Τυρκουάζ απο το κατάστημά μας στην οδό Τζανακάκη 21, Χανιά ...","""Chania"" ""kids"" ""δωροκάρτα""",2,data\discovery\focused-harvest-v7\clean-v7\review.csv | data\discovery\focused-harvest-v7-run1-backup\clean-v7\review.csv,,REVIEW,greek_domain_brand_coherence_unclear,AUTO_SAFE,greek_tld|gift_title|gift_snippet|repeated_source,MANUAL,gift_title_but_url_not_direct
95,vamvakashoes.gr,Αγοράστε μία Δωροεπιταγή - Βαμβακά Shoes & Accessories,https://vamvakashoes.gr/index.php?route,Αγοράστε μία Δωροεπιταγή - Βαμβακά Shoes & Accessories,Αυτή η δωροεπιταγή θα αποσταλεί μέ e-mail στον παραλήπτη αφού ολοκληρωθεί ή πληρωμή σας. ... © 2021 Vamvaka Shoes. All Rights Reserved. Created by CLC Web ...,"site:.gr ""shoes"" ""δωροεπιταγή""",2,data\discovery\focused-harvest-v7\clean-v7\review.csv | data\discovery\focused-harvest-v7-run1-backup\clean-v7\review.csv,,REVIEW,greek_domain_brand_coherence_unclear,AUTO_SAFE,greek_tld|gift_title|gift_snippet|repeated_source,MANUAL,gift_title_but_url_not_direct
95,watches24.gr,Αγοράστε μία Δωροεπιταγή,https://www.watches24.gr/index.php?route,Αγοράστε μία Δωροεπιταγή,Αγοράστε μία Δωροεπιταγή. Αυτή η δωροεπιταγή θα αποσταλεί μέ e-mail στον παραλήπτη αφού ολοκληρωθεί ή πληρωμή σας. Όνομα παραλήπτη. E-mail παραλήπτη. Το όνομα ...,"site:.gr ""watches"" ""δωροεπιταγή""",2,data\discovery\focused-harvest-v7\clean-v7\review.csv | data\discovery\focused-harvest-v7-run1-backup\clean-v7\review.csv,,REVIEW,greek_domain_brand_coherence_unclear,AUTO_SAFE,greek_tld|gift_title|gift_snippet|repeated_source,MANUAL,gift_title_but_url_not_direct
85,airbnb.gr,Παράδεισος. Μοντέρνο. Θέα στη λίμνη. Δωρεάν δωροκάρτα 200,https://www.airbnb.gr/rooms/34914351,Παράδεισος. Μοντέρνο. Θέα στη λίμνη. Δωρεάν δωροκάρτα 200,"Δωρεάν δωροκάρτα 200 $. Διαμερίσματα σε ... Ό,τι κι αν προτιμάτε, έχουν κάτι για όλους!! *Περιλαμβάνεται - δωροκάρτα 200 $ για θαλάσσια σπορ στη λίμνη του Λας ...","site:.gr ""water sports"" ""δωροκάρτα""",1,data\discovery\mega-harvest-v6\clean-v6\review.csv,,REVIEW,greek_domain_brand_coherence_unclear,AUTO_SAFE,greek_tld|gift_title|gift_snippet,MANUAL,gift_title_but_url_not_direct
85,apostolouepiplo.gr,Αγοράστε μία Δωροεπιταγή,https://www.apostolouepiplo.gr/index.php?route,Αγοράστε μία Δωροεπιταγή,Τα καλάθι αγορών σας είναι άδειο! close. Apostolou Furniture - Έπιπλο Αποστόλου ... Αυτή η δωροεπιταγή θα αποσταλεί μέ e-mail στον παραλήπτη αφού ολοκληρωθεί ή ...,"site:.gr ""furniture"" ""δωροεπιταγή""",1,data\discovery\focused-harvest-v7\clean-v7\review.csv,,REVIEW,greek_domain_brand_coherence_unclear,AUTO_SAFE,greek_tld|gift_title|gift_snippet,MANUAL,gift_title_but_url_not_direct
85,aureliathebrand.gr,Δωροκάρτα,https://aureliathebrand.gr/shop/accessories/%CE%B4%CF%89%CF%81%CE%BF%CE%BA%CE%AC%CF%81%CF%84%CE%B1/,Δωροκάρτα,"Δωροκάρτα ; Price range · 10,00€ through 250,00€ ; Προσθέστε 50,00€ ; Κωδικός προϊόντος: Μ/Δ ; Κατηγορία: Accessories ; ΔΩΡΕΑΝ ΜΕΤΑΦΟΡΙΚΑ. Για όλες τις παραγγελίες ...","site:.gr ""accessories"" ""δωροκάρτα""",1,data\discovery\mega-harvest-v6\clean-v6\review.csv,,REVIEW,greek_domain_brand_coherence_unclear,AUTO_SAFE,greek_tld|gift_title|gift_snippet,MANUAL,gift_title_but_url_not_direct
85,beautybeauty.gr,Αγοράστε μία Δωροεπιταγή,https://beautybeauty.gr/index.php?route,Αγοράστε μία Δωροεπιταγή,Το καλάθι αγορών είναι άδειο! Menu. ΠΡΟΣΦΟΡΕΣ · Θεραπεία Κερατίνης · Beauty ... Beauty Vacum Slim · Είδη Κομμωτηρίου · Βαφή 10 λεπτών ... Αυτή η δωροεπιταγή θα ...,"site:.gr ""beauty"" ""δωροεπιταγή""",1,data\discovery\focused-harvest-v7-run1-backup\clean-v7\review.csv,,REVIEW,greek_domain_brand_coherence_unclear,AUTO_SAFE,greek_tld|gift_title|gift_snippet,MANUAL,gift_title_but_url_not_direct
85,charizma.gr,Δωροκάρτες,https://www.charizma.gr/pages/%CE%B4%CF%89%CF%81%CE%BF%CE%BA%CE%AC%CF%81%CF%84%CE%B1?srsltid=AfmBOooWE0Da_tvQlv220iorhLhcyst60VbuMRucQ1zdhPSizkRNhMR5,Δωροκάρτες,Ψάχνετε το τέλειο δώρο αλλά δεν μπορείτε να αποφασίσετε; H λύση είναι απλή: επιλέξτε μια δωροκάρτα από το Charizma Concept Store!,"site:.gr ""concept store"" ""δωροκάρτα""",1,data\discovery\mega-harvest-v6\clean-v6\review.csv,,REVIEW,greek_domain_brand_coherence_unclear,AUTO_SAFE,greek_tld|gift_title|gift_snippet,MANUAL,gift_title_but_url_not_direct
85,coconutkids.gr,Προσωποποιημένες Δωροκάρτες,https://coconutkids.gr/de/%CF%80%CF%81%CE%BF%CF%83%CF%89%CF%80%CE%BF%CF%80%CE%BF%CE%B9%CE%B7%CE%BC%CE%AD%CE%BD%CE%B5%CF%82-%CE%B4%CF%89%CF%81%CE%BF%CE%BA%CE%AC%CF%81%CF%84%CE%B5%CF%82/?srsltid=AfmBOoovPEvAy1kzevdLC7PQn16H97_kczc0q4Jxfy4dqQrvKVd4Ykkq,Προσωποποιημένες Δωροκάρτες,Δωροκάρτα Coconut Baby Boy με προσωποποιημένο μήνυμα. €50.00 – €200.00 ... Δωροκάρτα Coconut Baby Girl με προσωποποιημένο μήνυμα. €50.00 – €200.00 ...,"site:.gr ""baby"" ""δωροκάρτα""",1,data\discovery\mega-harvest-v6\clean-v6\review.csv,,REVIEW,greek_domain_brand_coherence_unclear,AUTO_SAFE,greek_tld|gift_title|gift_snippet,MANUAL,gift_title_but_url_not_direct
85,corfuland.gr,Κερδίστε δωροεπιταγή αξίας 100€ από τα Οπτικά Μαριλένα ...,https://www.corfuland.gr/el/diagonismoi/kerkyra/diagonismoi/kerdiste-doroepitagi-aksias-100-apo-ta-optika-marilena-chondrogianni.html,Κερδίστε δωροεπιταγή αξίας 100€ από τα Οπτικά Μαριλένα ...,Κερδίστε δωροεπιταγή αξίας 100€ από τα Οπτικά Μαριλένα Χονδρογιάννη ... Optics · eos-villas · Metallinos 07062018. Previous Next Play Pause ...,"site:.gr ""optics"" ""δωροεπιταγή""",1,data\discovery\focused-harvest-v7\clean-v7\review.csv,,REVIEW,greek_domain_brand_coherence_unclear,AUTO_SAFE,greek_tld|gift_title|gift_snippet,MANUAL,gift_title_but_url_not_direct
85,daydreamevents.gr,Δωροκάρτα,https://daydreamevents.gr/%CE%B4%CF%89%CF%81%CE%BF%CE%BA%CE%AC%CF%81%CF%84%CE%B1?srsltid=AfmBOopa62DV3ntSlNx77_D8FbNEFlUxzK4oza7FsEtdIoMLaPcZBj8w,Δωροκάρτα,You have no items in your shopping cart. Σύνδεση · DayDream Events ... Δωροκάρτα. Ταξινόμηση ανά. Κορυφαίες επιλογές πρώτα ... © 2026 DayDream Events.,"site:.gr ""events"" ""δωροκάρτα""",1,data\discovery\mega-harvest-v6\clean-v6\review.csv,,REVIEW,greek_domain_brand_coherence_unclear,AUTO_SAFE,greek_tld|gift_title|gift_snippet,MANUAL,gift_title_but_url_not_direct
85,demes-economy.gr,Αγοράστε μία Δωροεπιταγή,https://demes-economy.gr/index.php?route,Αγοράστε μία Δωροεπιταγή,Watches · IPHONE (0) · SAMSUNG (0) · XIAOMI (0) · WATCH (0) · Εμφάνιση όλων Watches ... Αυτή η δωροεπιταγή θα αποσταλεί μέ e-mail στον παραλήπτη αφού ολοκληρωθεί ...,"site:.gr ""watches"" ""δωροεπιταγή""",1,data\discovery\focused-harvest-v7-run1-backup\clean-v7\review.csv,,REVIEW,greek_domain_brand_coherence_unclear,AUTO_SAFE,greek_tld|gift_title|gift_snippet,MANUAL,gift_title_but_url_not_direct
85,elenianna.gr,Δωροκάρτες Ελληνικών Γκουρμέ & Πολυτελών Προϊόντων,https://www.elenianna.gr/%CE%BA%CE%AC%CF%81%CF%84%CE%B5%CF%82-%CE%B4%CF%8E%CF%81%CE%BF%CF%85?srsltid=AfmBOopXLSGAayPo9_VjgntRoS9hENy_i12zhnHEnafWlW5HSmr7b-RY,Δωροκάρτες Ελληνικών Γκουρμέ & Πολυτελών Προϊόντων,"Δωροκάρτες Elenianna Luxury Gourmet. Το τέλειο δώρο είναι η ελευθερία της επιλογής. Με μια δωροκάρτα elenianna , σας προσφέρουμε πρόσβαση στα καλύτερα ...","site:.gr ""gourmet"" ""δωροκάρτα""",1,data\discovery\mega-harvest-v6\clean-v6\review.csv,,REVIEW,greek_domain_brand_coherence_unclear,AUTO_SAFE,greek_tld|gift_title|gift_snippet,MANUAL,gift_title_but_url_not_direct
85,epivatesproastiakou.gr,Adelaide Zero Latency Gift Voucher ...,https://www.epivatesproastiakou.gr/product-similar-image/?7784769011110,Adelaide Zero Latency Gift Voucher ...,... Gift Voucher Overview ... adelaide zero latency gift voucher ... tech fleece shorts nike men&#039;s sportswear shorts ...,"site:.gr ""sportswear"" ""gift voucher""",1,data\discovery\mega-harvest-v6\clean-v6\review.csv,,REVIEW,greek_domain_brand_coherence_unclear,AUTO_SAFE,greek_tld|gift_title|gift_snippet,MANUAL,gift_title_but_url_not_direct
85,guruelectrics.gr,Χρήση Κουπονιού,https://guruelectrics.gr/index.php?route=information/information&information_id=11&lng=en,Χρήση Κουπονιού – Δωροεπιταγής,"Gaming Telephony & GPS House ... In the electronic order form, when completing your order, fill in the code of the gift voucher ...","site:.gr ""gaming"" ""gift voucher""",1,data\discovery\mega-harvest-v6\clean-v6\review.csv,,REVIEW,greek_domain_brand_coherence_unclear,AUTO_SAFE,greek_tld|gift_title|gift_snippet,MANUAL,gift_title_but_url_not_direct
85,herbsnbeauty.gr,Αγοράστε μία Δωροεπιταγή,https://www.herbsnbeauty.gr/index.php?route,Αγοράστε μία Δωροεπιταγή,"2310744968. Menu. Herbs and Beauty · 0 · 0 προϊόν(τα) - 0,00€ 0 · O ... Αυτή η δωροεπιταγή θα αποσταλεί μέ e-mail στον παραλήπτη αφού ολοκληρωθεί ή πληρωμή σας.","site:.gr ""beauty"" ""δωροεπιταγή""",1,data\discovery\focused-harvest-v7-run1-backup\clean-v7\review.csv,,REVIEW,greek_domain_brand_coherence_unclear,AUTO_SAFE,greek_tld|gift_title|gift_snippet,MANUAL,gift_title_but_url_not_direct
85,homeandyou.gr,Αγοράστε μία Δωροεπιταγή,https://homeandyou.gr/index.php?route,Αγοράστε μία Δωροεπιταγή,Home and you. Search. Checkout 0. Το καλάθι αγορών είναι άδειο! Home and you ... Αυτή η δωροεπιταγή θα αποσταλεί μέ e-mail στον παραλήπτη αφού ολοκληρωθεί ή ...,"site:.gr ""home"" ""δωροεπιταγή""",1,data\discovery\focused-harvest-v7-run1-backup\clean-v7\review.csv,,REVIEW,greek_domain_brand_coherence_unclear,AUTO_SAFE,greek_tld|gift_title|gift_snippet,MANUAL,gift_title_but_url_not_direct
85,hydracaptainsclub.gr,Egift Cards Skechers Shoes Skechers Gift Voucher Step Into ...,https://hydracaptainsclub.gr/product-similar-image/?24283519010870,Egift Cards Skechers Shoes Skechers Gift Voucher Step Into ...,Egift Cards Skechers Shoes Skechers Gift Voucher Step Into Comfort And Style With Our Skechers Shoes Fest At Zak. Write a review.,"site:.gr ""sportswear"" ""gift voucher""",1,data\discovery\mega-harvest-v6\clean-v6\review.csv,,REVIEW,greek_domain_brand_coherence_unclear,AUTO_SAFE,greek_tld|gift_title|gift_snippet,MANUAL,gift_title_but_url_not_direct
85,jesm.gr,Δωροκάρτα 25,https://jesm.gr/product/%CE%B4%CF%89%CF%81%CE%BF%CE%BA%CE%AC%CF%81%CF%84%CE%B1-25e/,Δωροκάρτα 25,"Category Δωροκάρτα. Δωροκάρτα 25€. €25.00 ... Με αυτήν τη δωροκάρτα, οι αγαπημένοι σας ... Jesm Concept Store. όπου η δημιουργικότητα συναντά ...","site:.gr ""concept store"" ""δωροκάρτα""",1,data\discovery\mega-harvest-v6\clean-v6\review.csv,,REVIEW,greek_domain_brand_coherence_unclear,AUTO_SAFE,greek_tld|gift_title|gift_snippet,MANUAL,gift_title_but_url_not_direct
85,kanzohome.gr,Αγοράστε μία Δωροεπιταγή,https://kanzohome.gr/index.php?route,Αγοράστε μία Δωροεπιταγή,Θέμα Δωροεπιταγής. Απλή δωροεπιταγή Kanzohome. Δωροεπιταγή Χριστουγέννων ... Copyright © 2022 Kanzo Home ...,"site:.gr ""home"" ""δωροεπιταγή""",1,data\discovery\focused-harvest-v7-run1-backup\clean-v7\review.csv,,REVIEW,greek_domain_brand_coherence_unclear,AUTO_SAFE,greek_tld|gift_title|gift_snippet,MANUAL,gift_title_but_url_not_direct
85,kentro-sindesi.gr,Cosmetics Perfume Gift Voucher Gift Cards For Services Pure ...,https://kentro-sindesi.gr/product-similar-image/?17490332031760,Cosmetics Perfume Gift Voucher Gift Cards For Services Pure ...,cosmetics perfume gift voucher · zwilling twin gourmet zwilling knife block ...,"site:.gr ""gourmet"" ""gift voucher""",1,data\discovery\mega-harvest-v6\clean-v6\review.csv,,REVIEW,greek_domain_brand_coherence_unclear,AUTO_SAFE,greek_tld|gift_title|gift_snippet,MANUAL,gift_title_but_url_not_direct
85,ktima-logos.gr,tattoo gift card,https://ktima-logos.gr/?b,tattoo gift card,South Shore Tattoo Co display picture 1. Tattoo Gift Voucher Editable | Tattoo Gift Card | Tattoo display picture 1. leelootattoo | gift ...,"site:.gr ""tattoo"" ""gift card""",1,data\discovery\mega-harvest-v6\clean-v6\review.csv,,REVIEW,greek_domain_brand_coherence_unclear,AUTO_SAFE,greek_tld|gift_title|gift_snippet,MANUAL,gift_title_but_url_not_direct
85,moanasunglasses.gr,"Δωροκάρτα | Woman, Man Accessories, eshop for sunglasses",https://moanasunglasses.gr/product/%CE%B4%CF%89%CF%81%CE%BF%CE%BA%CE%AC%CF%81%CF%84%CE%B1/,"Δωροκάρτα | Woman, Man Accessories, eshop for sunglasses","Moana Sunglasses | Woman, Man Accessories, eshop for sunglasses. ΓΥΝΑΙΚΑ ... Δωροκάρτα. 30.00 € 120.00 €. Οι Δωροεπιταγές (Gift Cards) ισχύουν μόνο για ...","site:.gr ""accessories"" ""δωροκάρτα""",1,data\discovery\mega-harvest-v6\clean-v6\review.csv,,REVIEW,greek_domain_brand_coherence_unclear,AUTO_SAFE,greek_tld|gift_title|gift_snippet,MANUAL,gift_title_but_url_not_direct
85,morehome.gr,25,https://www.morehome.gr/index.php?route,Δωροεπιταγή 25,MORE HOME. 0 · 0 τεμάχιο (-α) - 0.00€ 0 · Δωροεπιταγή 25€. Δωροεπιταγή 25 ... Δωροεπιταγή 50€ .. 50.00€. Προσθήκη στο καλάθι. Πρoσθήκη στη ...,"site:.gr ""home"" ""δωροεπιταγή""",1,data\discovery\focused-harvest-v7-run1-backup\clean-v7\review.csv,,REVIEW,greek_domain_brand_coherence_unclear,AUTO_SAFE,greek_tld|gift_title|gift_snippet,MANUAL,gift_title_but_url_not_direct
85,noukouconceptstore.gr,Δωροκάρτα,https://noukouconceptstore.gr/products/%CE%B4%CF%89%CF%81%CE%BF%CE%BA%CE%AC%CF%81%CF%84%CE%B1?srsltid=AfmBOoo85WXMLzLbUic2H3ThThOdcnTAlEEzri6F9bDCi1AYzdkU50V1,Δωροκάρτα,"Δωροκάρτα. Brand: Noukou Concept Store. Κανονική τιμή 25,00 €. Τιμή προσφοράς ... Δωροκάρτα.","site:.gr ""concept store"" ""δωροκάρτα""",1,data\discovery\mega-harvest-v6\clean-v6\review.csv,,REVIEW,greek_domain_brand_coherence_unclear,AUTO_SAFE,greek_tld|gift_title|gift_snippet,MANUAL,gift_title_but_url_not_direct
85,polaroids.gr,ηλεκτρονική δωροκάρτα,https://www.polaroids.gr/p/%CE%B7%CE%BB%CE%B5%CE%BA%CF%84%CF%81%CE%BF%CE%BD%CE%B9%CE%BA%CE%AE-%CE%B4%CF%89%CF%81%CE%BF%CE%BA%CE%AC%CF%81%CF%84%CE%B1/,ηλεκτρονική δωροκάρτα,"... Έκδοση MoMA · Κασέτα χαρτιού Polaroid Hi·Print 2×3, γενιά 2 – 20 φύλλα · Αρχική σελίδαPolaroid Accessoriesηλεκτρονική δωροκάρτα. ‹ › ηλεκτρονική δωροκάρτα.","""accessories"" ""δωροκάρτα"" Greece",1,data\discovery\mega-harvest-v6\clean-v6\review.csv,,REVIEW,greek_domain_brand_coherence_unclear,AUTO_SAFE,greek_tld|gift_title|gift_snippet,MANUAL,gift_title_but_url_not_direct
85,reppas-kon.gr,Αγοράστε μία Δωροεπιταγή,https://www.reppas-kon.gr/index.php?route,Αγοράστε μία Δωροεπιταγή,Decor Ζαχαροπλαστικής; Είδη Σφολιάτας & Μπισκότου; Εργαλεία Ζαχαροπλαστικής ... Αυτή η δωροεπιταγή θα αποσταλεί μέ e-mail στον παραλήπτη αφού ολοκληρωθεί ή ...,"site:.gr ""decor"" ""δωροεπιταγή""",1,data\discovery\focused-harvest-v7\clean-v7\review.csv,,REVIEW,greek_domain_brand_coherence_unclear,AUTO_SAFE,greek_tld|gift_title|gift_snippet,MANUAL,gift_title_but_url_not_direct
85,vodafonecu.gr,10€ δωροεπιταγή στα Factory Outlet!,https://www.vodafonecu.gr/cu-around/offer/10-doroepitagi-sta-factory-outlet-2025/,10€ δωροεπιταγή στα Factory Outlet!,FOOD & DRINK. BEAUTY & STYLE. TRAVEL & EXPERIENCES. HOME SWEET HOME. BETTER YOU ... Πάρε την προσφορά και έχεις δωροεπιταγή αξίας 10 ευρώ για αγορές άνω των 50€.,"site:.gr ""food"" ""δωροεπιταγή""",1,data\discovery\focused-harvest-v7\clean-v7\review.csv,,REVIEW,greek_domain_brand_coherence_unclear,AUTO_SAFE,greek_tld|gift_title|gift_snippet,MANUAL,gift_title_but_url_not_direct
