id,status,merchant_name,title,source_type,source_name,source_url,source_domain,possible_official_url,possible_official_domain,confidence,recommended_action,notes
cmt9y1dwv002ppwiyo2jeg9lj,DISCOVERED,Powerpharm,Δωροεπιταγή 30,SEARCH_ENGINE,Google Serper Wave2 Clean v1,https://powerpharm.gr/shop/gift-for-you-30/,powerpharm.gr,https://powerpharm.gr,powerpharm.gr,,REVIEW_THEN_ACCEPT,"Wave2Bucket=HIGH_SAFE | Wave2Score=70 | Wave2Reasons=GIFT_TITLE | PURCHASE_SIGNAL | GREEK_DOMAIN | MULTI_HIT | Queries=site:.gr φαρμακείο ""gift card"" | Imported to DISCOVERED only; requires verification before production."
cmt9y1dlt002mpwiyylmncqhf,DISCOVERED,Oikosepipla,Αγοράστε μία Δωροεπιταγή,SEARCH_ENGINE,Google Serper Wave2 Clean v1,https://oikosepipla.gr/index.php?route=account/voucher,oikosepipla.gr,https://oikosepipla.gr,oikosepipla.gr,,REVIEW_THEN_ACCEPT,"Wave2Bucket=HIGH_SAFE | Wave2Score=70 | Wave2Reasons=GIFT_TITLE | PURCHASE_SIGNAL | GREEK_DOMAIN | MULTI_HIT | Queries=site:.gr ""δωροεπιταγή"" αγορά | Imported to DISCOVERED only; requires verification before production."
cmt9y1di3002lpwiy1rsedmhj,DISCOVERED,Martin Tailored,Αγοράστε μια Δωροκάρτα - Martin & Co - Ανδρική Ένδυση,SEARCH_ENGINE,Google Serper Wave2 Clean v1,https://martin-tailored.gr/agoraste-mia-dwrokarta/?srsltid=AfmBOop_xLecyDWEqEui0M8CsZLeI8FGwCml_RyQqRBhK6_nBj7DXaS6,martin-tailored.gr,https://martin-tailored.gr,martin-tailored.gr,,REVIEW_THEN_ACCEPT,"Wave2Bucket=HIGH_SAFE | Wave2Score=70 | Wave2Reasons=GIFT_TITLE | PURCHASE_SIGNAL | GREEK_DOMAIN | MULTI_HIT | Queries=site:.gr intitle:""δωροκάρτα"" shop | Imported to DISCOVERED only; requires verification before production."
cmt9y1d3v002hpwiykbjwtfip,DISCOVERED,Kaizen Shop,Δωροκάρτα Silver,SEARCH_ENGINE,Google Serper Wave2 Clean v1,https://kaizen-shop.gr/product/%CE%B4%CF%89%CF%81%CE%BF%CE%BA%CE%AC%CF%81%CF%84%CE%B1-silver/,kaizen-shop.gr,https://kaizen-shop.gr,kaizen-shop.gr,,REVIEW_THEN_ACCEPT,"Wave2Bucket=HIGH_SAFE | Wave2Score=70 | Wave2Reasons=GIFT_TITLE | PURCHASE_SIGNAL | GREEK_DOMAIN | MULTI_HIT | Queries=site:.gr intitle:""δωροκάρτα"" shop | Imported to DISCOVERED only; requires verification before production."
cmt9y1c540028pwiyg5wuh1eo,DISCOVERED,Cakeart,Αγοράστε μία Δωροεπιταγή,SEARCH_ENGINE,Google Serper Wave2 Clean v1,https://cakeart.gr/4/index.php?route=account/voucher&srsltid=AfmBOooaoOhSThXYBhEJzXWhgiyTL94z5TOpQRgAf8eaL2MWUTurqVuS,cakeart.gr,https://cakeart.gr,cakeart.gr,,REVIEW_THEN_ACCEPT,"Wave2Bucket=HIGH_SAFE | Wave2Score=70 | Wave2Reasons=GIFT_TITLE | PURCHASE_SIGNAL | GREEK_DOMAIN | MULTI_HIT | Queries=site:.gr ""δωροεπιταγή"" αγορά | Imported to DISCOVERED only; requires verification before production."
cmt9y1bew0021pwiy057t0qna,DISCOVERED,Taverna Ionio,Microsoft Xbox Game Pass Buy Xbox Gift Xbox Gift Card [Digital],SEARCH_ENGINE,Google Serper Wave2 Clean v1,https://www.taverna-ionio.gr/?r=31205015021200,taverna-ionio.gr,https://taverna-ionio.gr,taverna-ionio.gr,,REVIEW_THEN_ACCEPT,"Wave2Bucket=HIGH_SAFE | Wave2Score=80 | Wave2Reasons=GIFT_TITLE | PURCHASE_SIGNAL | GREEK_DOMAIN | MULTI_QUERY | MULTI_HIT | Queries=site:.gr gaming ""gift card"" | site:.gr games ""gift card"" | Imported to DISCOVERED only; requires verification before production."
cmt9y1b0k001xpwiyq0b7twmv,DISCOVERED,Regroup,"Νηρηίδες Spa, Πλάκα | Προσφορά Gift Card για Όλες τις ...",SEARCH_ENGINE,Google Serper Wave2 Clean v1,https://www.regroup.gr/prosfores/deal/niriides-spa-gift-card-1,regroup.gr,https://regroup.gr,regroup.gr,,REVIEW_THEN_ACCEPT,"Wave2Bucket=HIGH_SAFE | Wave2Score=70 | Wave2Reasons=GIFT_TITLE | GREEK_DOMAIN | MULTI_QUERY | MULTI_HIT | Queries=site:.gr spa ""gift card"" | ""gift card"" Greece spa | Imported to DISCOVERED only; requires verification before production."
cmt9y1am0001tpwiy53gdr9jk,DISCOVERED,Morfi Hydraulics,HOT ! Blown Away Hair Salon Blown Away Salon Gift Card,SEARCH_ENGINE,Google Serper Wave2 Clean v1,https://www.morfi-hydraulics.gr/?f,morfi-hydraulics.gr,https://morfi-hydraulics.gr,morfi-hydraulics.gr,,REVIEW_THEN_ACCEPT,"Wave2Bucket=HIGH_SAFE | Wave2Score=70 | Wave2Reasons=GIFT_TITLE | GREEK_DOMAIN | MULTI_QUERY | MULTI_HIT | Queries=site:.gr barber ""gift card"" | site:.gr bar ""gift card"" | Imported to DISCOVERED only; requires verification before production."
cmt9y1a70001ppwiyfiso1eoj,DISCOVERED,Maeliacosmetics,Maelia cosmetics gift card,SEARCH_ENGINE,Google Serper Wave2 Clean v1,https://maeliacosmetics.gr/products/maelia-cosmetics-gift-card?srsltid=AfmBOorO6n07avSscQfTSViGcbW8UYU7Lk1RFAkdzXyscfkVyVWSUpGu,maeliacosmetics.gr,https://maeliacosmetics.gr,maeliacosmetics.gr,,REVIEW_THEN_ACCEPT,"Wave2Bucket=HIGH_SAFE | Wave2Score=70 | Wave2Reasons=GIFT_TITLE | GREEK_DOMAIN | MULTI_QUERY | MULTI_HIT | Queries=site:.gr skincare ""gift card"" | site:.gr καλλυντικά ""gift card"" | Imported to DISCOVERED only; requires verification before production."
cmt9y19oq001kpwiy8n5nv3s1,DISCOVERED,Lasertouch,Laser Touch Gift Card | Αισθητική Πλαστική Χειρουργική και ...,SEARCH_ENGINE,Google Serper Wave2 Clean v1,https://www.lasertouch.gr/laser-touch-gift-card/,lasertouch.gr,https://lasertouch.gr,lasertouch.gr,,REVIEW_THEN_ACCEPT,"Wave2Bucket=HIGH_SAFE | Wave2Score=70 | Wave2Reasons=GIFT_TITLE | GREEK_DOMAIN | MULTI_QUERY | MULTI_HIT | Queries=site:.gr μουσικά ""gift card"" | site:.gr φαρμακείο ""gift card"" | Imported to DISCOVERED only; requires verification before production."
cmt9y19hj001ipwiyzeutndvy,DISCOVERED,Ktiniatriokifissia,Gift Card Psn Network Sale PlayStation ...,SEARCH_ENGINE,Google Serper Wave2 Clean v1,https://ktiniatriokifissia.gr/shop/manufacturer-site?,ktiniatriokifissia.gr,https://ktiniatriokifissia.gr,ktiniatriokifissia.gr,,REVIEW_THEN_ACCEPT,"Wave2Bucket=HIGH_SAFE | Wave2Score=80 | Wave2Reasons=GIFT_TITLE | PURCHASE_SIGNAL | GREEK_DOMAIN | MULTI_QUERY | MULTI_HIT | Queries=site:.gr gaming ""gift card"" | site:.gr hobby ""gift card"" | Imported to DISCOVERED only; requires verification before production."
cmt9y192s001epwiytuqz6p5z,DISCOVERED,Fivefashion,Υπόλοιπο δωροκάρτας,SEARCH_ENGINE,Google Serper Wave2 Clean v1,https://fivefashion.gr/balance/?srsltid=AfmBOoqC_pcHm2k1a4SACMnsyWLCymN4ueEldQWy7d0tlQxjs0FXvy55,fivefashion.gr,https://fivefashion.gr,fivefashion.gr,,REVIEW_THEN_ACCEPT,"Wave2Bucket=HIGH_SAFE | Wave2Score=70 | Wave2Reasons=GIFT_TITLE | GREEK_DOMAIN | MULTI_QUERY | MULTI_HIT | Queries=site:.gr fashion ""gift card"" | ""gift card"" Greece fashion | Imported to DISCOVERED only; requires verification before production."
cmt9y18s2001bpwiyevpxavze,DISCOVERED,Elenisgiftbox,Αγοράστε μία Δωροεπιταγή - Elenisgiftbox.gr,SEARCH_ENGINE,Google Serper Wave2 Clean v1,https://www.elenisgiftbox.gr/index.php?route=account/voucher&srsltid=AfmBOoruf1yyR_KLC5gEr_LOb0j6CyplDmMA71hS6nkFYZMEiAKSNk4C,elenisgiftbox.gr,https://elenisgiftbox.gr,elenisgiftbox.gr,,REVIEW_THEN_ACCEPT,"Wave2Bucket=HIGH_SAFE | Wave2Score=80 | Wave2Reasons=GIFT_TITLE | PURCHASE_SIGNAL | GREEK_DOMAIN | MULTI_QUERY | MULTI_HIT | Queries=site:.gr hobby ""gift card"" | site:.gr ""δωροεπιταγή"" αγορά | Imported to DISCOVERED only; requires verification before production."
cmt9y18oj001apwiy6tsoznrn,DISCOVERED,Dimitragoula,Printed Gift Card - Dimitra Goula,SEARCH_ENGINE,Google Serper Wave2 Clean v1,https://dimitragoula.gr/en/product/printed-gift-card/,dimitragoula.gr,https://dimitragoula.gr,dimitragoula.gr,,REVIEW_THEN_ACCEPT,"Wave2Bucket=HIGH_SAFE | Wave2Score=70 | Wave2Reasons=GIFT_TITLE | GREEK_DOMAIN | MULTI_QUERY | MULTI_HIT | Queries=site:.gr nail salon ""gift card"" | site:.gr cosmetics ""gift card"" | Imported to DISCOVERED only; requires verification before production."
cmt9y18l80019pwiy1921ey9j,DISCOVERED,Didi,Κάρτα Δώρου – MrsDiDi CraftShop - didi.gr,SEARCH_ENGINE,Google Serper Wave2 Clean v1,https://www.didi.gr/products/gift-card?srsltid=AfmBOooQWTTw_s-HII8lH7B6rshOuyCMYqV_Q32V4KvPAvsoW9zEeNhi,didi.gr,https://didi.gr,didi.gr,,REVIEW_THEN_ACCEPT,"Wave2Bucket=HIGH_SAFE | Wave2Score=70 | Wave2Reasons=GIFT_URL | PURCHASE_SIGNAL | GREEK_DOMAIN | MULTI_QUERY | MULTI_HIT | Queries=site:.gr gifts ""gift card"" | site:.gr ""κάρτα δώρου"" | Imported to DISCOVERED only; requires verification before production."
cmt9y18ae0016pwiyhfvmzy5y,DISCOVERED,Butlers,Όροι Χρήσης Giftcard,SEARCH_ENGINE,Google Serper Wave2 Clean v1,https://butlers.gr/oroi-chrisis-giftcard/,butlers.gr,https://butlers.gr,butlers.gr,,REVIEW_THEN_ACCEPT,"Wave2Bucket=HIGH_SAFE | Wave2Score=70 | Wave2Reasons=GIFT_TITLE | GREEK_DOMAIN | MULTI_QUERY | MULTI_HIT | Queries=site:.gr patisserie ""gift card"" | site:.gr έπιπλα ""gift card"" | Imported to DISCOVERED only; requires verification before production."
cmt9y18360014pwiycvpmve8v,DISCOVERED,Bilero,Virtual Gift Card Αρχεία,SEARCH_ENGINE,Google Serper Wave2 Clean v1,https://bilero.gr/product-category/virtual-gift-card/?srsltid=AfmBOorNF5u13Au4tFLGFKB6mcPVMMiFG0-g7p1VaXS_JGO6WudRqf5w,bilero.gr,https://bilero.gr,bilero.gr,,REVIEW_THEN_ACCEPT,"Wave2Bucket=HIGH_SAFE | Wave2Score=70 | Wave2Reasons=GIFT_TITLE | GREEK_DOMAIN | MULTI_QUERY | MULTI_HIT | Queries=site:.gr παπούτσια ""gift card"" | site:.gr ανθοπωλείο ""gift card"" | Imported to DISCOVERED only; requires verification before production."
cmt9y17sa0011pwiy8p3skqs7,DISCOVERED,Articraft,Διάλεξε το ποσό που θες ακριβώς με τη Δωροκάρτα ArtiCraft,SEARCH_ENGINE,Google Serper Wave2 Clean v1,https://articraft.gr/74-dorokartes?srsltid=AfmBOoqVvPuzF8HIat8UFqPs3RdYEb5h8NtmL5gTRFNrjgrb2abEH2Kp,articraft.gr,https://articraft.gr,articraft.gr,,REVIEW_THEN_ACCEPT,"Wave2Bucket=HIGH_SAFE | Wave2Score=70 | Wave2Reasons=GIFT_TITLE | GREEK_DOMAIN | MULTI_QUERY | MULTI_HIT | Queries=site:.gr hobby ""gift card"" | ""gift card"" Greece jewelry | Imported to DISCOVERED only; requires verification before production."
cmt9y17d3000xpwiy7dzqs8u2,DISCOVERED,Aggelonanthi,European Holiday - Trio Candle Set Gift Card smoky woods,SEARCH_ENGINE,Google Serper Wave2 Clean v1,https://aggelonanthi.gr/?q=34971654040,aggelonanthi.gr,https://aggelonanthi.gr,aggelonanthi.gr,,REVIEW_THEN_ACCEPT,"Wave2Bucket=HIGH_SAFE | Wave2Score=80 | Wave2Reasons=GIFT_TITLE | PURCHASE_SIGNAL | GREEK_DOMAIN | MULTI_QUERY | MULTI_HIT | Queries=site:.gr candles ""gift card"" | site:.gr flowers ""gift card"" | Imported to DISCOVERED only; requires verification before production."
cmt9y171i000upwiy28kazcog,DISCOVERED,Pharmassistglyfada,Pharmassist Gift Card,SEARCH_ENGINE,Google Serper Wave2 Clean v1,https://pharmassistglyfada.gr/products/pharmassist-gift-card?srsltid=AfmBOoql_Kv9DVxi90a9J8QwuTMNDlvZyunKzhat8laviBcqHAyRRsad,pharmassistglyfada.gr,https://pharmassistglyfada.gr,pharmassistglyfada.gr,,REVIEW_THEN_ACCEPT,"Wave2Bucket=HIGH_SAFE | Wave2Score=70 | Wave2Reasons=GIFT_TITLE | GREEK_DOMAIN | MULTI_QUERY | MULTI_HIT | Queries=site:.gr pharmacy ""gift card"" | site:.gr φαρμακείο ""gift card"" | Imported to DISCOVERED only; requires verification before production."
cmt9y15y3000jpwiyx3pb5zn0,DISCOVERED,Hemithea,Hemithea Gift Card 50,SEARCH_ENGINE,Google Serper Wave2 Clean v1,https://hemithea.gr/products/hemithea-gift-card?srsltid=AfmBOopHnujf16Yi1gMr1w2OExc2Q02S3H_5NyXNoplPZiX4aYBZBEWz,hemithea.gr,https://hemithea.gr,hemithea.gr,,REVIEW_THEN_ACCEPT,"Wave2Bucket=HIGH_SAFE | Wave2Score=70 | Wave2Reasons=GIFT_TITLE | GREEK_DOMAIN | MULTI_QUERY | MULTI_HIT | Queries=site:.gr clothing ""gift card"" | site:.gr pet ""gift card"" | site:.gr ""gift card"" ""€"" | Imported to DISCOVERED only; requires verification before production."
cmt9y15uh000ipwiycaqh9fck,DISCOVERED,Europosters,"Poster Team Gerry Calligraphy Illustration for Gift Card, Label ...",SEARCH_ENGINE,Google Serper Wave2 Clean v1,https://www.europosters.gr/team-gerry-calligraphy-illustration-for-gift-card-label-stationery-poster-f590367976?srsltid=AfmBOoq0TmISE6MXfXYsbU74s0gfIltZC5ExYozXBTz03e3Z7gxKfbYf,europosters.gr,https://europosters.gr,europosters.gr,,REVIEW_THEN_ACCEPT,"Wave2Bucket=HIGH_SAFE | Wave2Score=80 | Wave2Reasons=GIFT_TITLE | PURCHASE_SIGNAL | GREEK_DOMAIN | MULTI_QUERY | MULTI_HIT | Queries=site:.gr stationery ""gift card"" | site:.gr photography ""gift card"" | site:.gr λουλούδια ""gift card"" | Imported to DISCOVERED only; requires verification before production."
cmt9y15qs000hpwiywvd05jk3,DISCOVERED,Car,Razer Gold Gift Card 10 EURO,SEARCH_ENGINE,Google Serper Wave2 Clean v1,https://www.car.gr/335934881,car.gr,https://car.gr,car.gr,,REVIEW_THEN_ACCEPT,"Wave2Bucket=HIGH_SAFE | Wave2Score=80 | Wave2Reasons=GIFT_TITLE | PURCHASE_SIGNAL | GREEK_DOMAIN | MULTI_QUERY | MULTI_HIT | Queries=site:.gr jewelry ""gift card"" | site:.gr jewellery ""gift card"" | site:.gr gaming ""gift card"" | Imported to DISCOVERED only; requires verification before production."
cmt9y1562000bpwiy2k3loz8o,DISCOVERED,Pickabooshop,Gift Card – PICK A BOO,SEARCH_ENGINE,Google Serper Wave2 Clean v1,https://pickabooshop.gr/en/collections/%CE%B4%CE%BF%CF%81%CE%BF%CE%B5%CF%80%CE%B9%CF%84%CE%B1%CE%B3%CE%B7?srsltid=AfmBOor2mnCq8RZkjubBYe7VNjdXlGQByuimT5hicOlqWPpIpwW5wlX7,pickabooshop.gr,https://pickabooshop.gr,pickabooshop.gr,,REVIEW_THEN_ACCEPT,"Wave2Bucket=HIGH_SAFE | Wave2Score=80 | Wave2Reasons=GIFT_TITLE | PURCHASE_SIGNAL | GREEK_DOMAIN | MULTI_QUERY | MULTI_HIT | Queries=site:.gr baby ""gift card"" | site:.gr toys ""gift card"" | site:.gr ""gift certificate"" | Imported to DISCOVERED only; requires verification before production."
cmt9y14v20008pwiyad3ijyvr,DISCOVERED,Mformama,Gift Card,SEARCH_ENGINE,Google Serper Wave2 Clean v1,https://mformama.gr/product-category/mwb_wgm_giftcard/?srsltid=AfmBOoq4_D4vQhGi9gRy0N4kVB5pWIsi_27VrUpOnOoTsHgm-9bG8KaC,mformama.gr,https://mformama.gr,mformama.gr,,REVIEW_THEN_ACCEPT,"Wave2Bucket=HIGH_SAFE | Wave2Score=70 | Wave2Reasons=GIFT_TITLE | GREEK_DOMAIN | MULTI_QUERY | MULTI_HIT | Queries=site:.gr εμπειρίες ""gift card"" | site:.gr books ""gift card"" | site:.gr βιβλία ""gift card"" | site:.gr φαρμακείο ""gift card"" | Imported to DISCOVERED only; requires verification before production."
cmt9y14oe0006pwiy8871wk1k,DISCOVERED,Roundtravel,Όροι Χρήσης Δωροκάρτας Round Travel,SEARCH_ENGINE,Google Serper Wave2 Clean v1,https://www.roundtravel.gr/round-gift-card/,roundtravel.gr,https://roundtravel.gr,roundtravel.gr,,REVIEW_THEN_ACCEPT,"Wave2Bucket=HIGH_SAFE | Wave2Score=70 | Wave2Reasons=GIFT_TITLE | GREEK_DOMAIN | MULTI_QUERY | MULTI_HIT | Queries=site:.gr ταξίδια ""gift card"" | site:.gr travel agency ""gift card"" | site:.gr tours ""gift card"" | site:.gr cruise ""gift card"" | Imported to DISCOVERED only; requires verification before production."
cmt9y14h70004pwiyhy5mjymq,DISCOVERED,Interka,Cup Card Holder Coffee Cup Gift Card Holder - interka.gr,SEARCH_ENGINE,Google Serper Wave2 Clean v1,https://interka.gr/?z=3389036121800,interka.gr,https://interka.gr,interka.gr,,REVIEW_THEN_ACCEPT,"Wave2Bucket=HIGH_SAFE | Wave2Score=70 | Wave2Reasons=GIFT_TITLE | GREEK_DOMAIN | MULTI_QUERY | MULTI_HIT | Queries=site:.gr cafe ""gift card"" | site:.gr travel agency ""gift card"" | site:.gr books ""gift card"" | site:.gr flowers ""gift card"" | site:.gr ""gift certificate"" | Imported to DISCOVERED only; requires verification before production."
cmt9x4k2f0077t0iy0bzlm3dx,DISCOVERED,Cinque,Cinque Experience Gift Card €100,SEARCH_ENGINE,Google Serper Strict v2,https://cinque.gr/product/cinque-experience-gift-card-e100/,cinque.gr,https://cinque.gr,cinque.gr,,REVIEW_THEN_ACCEPT,"StrictBucket=HIGH_SAFE | StrictScore=70 | StrictReasons=STRONG_GIFT_TITLE | PURCHASE_SIGNAL | GREEK_DOMAIN | MULTI_QUERY | OriginalQualityScore=70 | Queries=site:.gr bar ""gift card"" | site:.gr κρασί ""gift card"" | ""gift card"" Greece restaurant | Auto-imported to DISCOVERED only; still requires normal verification before production."
cmt9s0lgd000ekciyoosn3o07,QUEUED,Netflix,Δωροκάρτα Netflix!,AGGREGATOR,Kouponia365 Gift Cards,https://kouponia365.gr/kouponia-katigories/dorokartes/page/2/,kouponia365.gr,,,,FIND_OFFICIAL_URL,Aggregator source page: https://kouponia365.gr/kouponia-katigories/dorokartes/page/2/ | Official URL not exposed by source; resolve from merchant name before verification. | Source evidence: Δωροκάρτα Netflix Prepaid Card δωροεπιταγή με τιμή 15€ 25€ και 50€! | [BESTPRICE_V1]; issuer=Netflix; issuerType=THIRD_PARTY; listings=3; values=; cardTypes=THIRD_PARTY_PREPAID; domain=angrynerd.gr; sample=https://www.bestprice.gr/to/203992791/netflix-gift-box-countdown.html?seq=120
cmt9s0m5d000lkciylz9pbo56,QUEUED,Laura Ashley,Laura Ashley Δωροκάρτα – Gift Card,AGGREGATOR,Kouponia365 Gift Cards,https://kouponia365.gr/kouponia-katigories/dorokartes/page/3/,kouponia365.gr,,,,FIND_OFFICIAL_URL,"Aggregator source page: https://kouponia365.gr/kouponia-katigories/dorokartes/page/3/ | Official URL not exposed by source; resolve from merchant name before verification. | Source evidence: Laura Ashley δωροκάρτα – gift card για άμεση αποστολή στο e-mail! Η ιδανική επιλογή για δώρο. Διαθέσιμη με τιμές 25€, 50€, 100€ και 150€."
cmt9s0m13000kkciy9c0mt2b7,QUEUED,Myikona,Myikona Δωροκάρτα – Δωροεπιταγή,AGGREGATOR,Kouponia365 Gift Cards,https://kouponia365.gr/kouponia-katigories/dorokartes/page/3/,kouponia365.gr,,,,FIND_OFFICIAL_URL,"Aggregator source page: https://kouponia365.gr/kouponia-katigories/dorokartes/page/3/ | Official URL not exposed by source; resolve from merchant name before verification. | Source evidence: Myikona δωροκάρτα, δωροεπιταγή για άμεσο δώρο!"
cmt9s0lxv000jkciyvvmxc54c,QUEUED,E-string,E-string Δωροεπιταγή,AGGREGATOR,Kouponia365 Gift Cards,https://kouponia365.gr/kouponia-katigories/dorokartes/page/2/,kouponia365.gr,,,,FIND_OFFICIAL_URL,Aggregator source page: https://kouponia365.gr/kouponia-katigories/dorokartes/page/2/ | Official URL not exposed by source; resolve from merchant name before verification. | Source evidence: E-string δωροεπιταγή – δωροκάρτα για αγορές μέσω του ηλεκτρονικού καταστήματος! Αποστολή δωροκάρτας με ηλεκτρονική μορφή με δυνατότητα προσωπικού μηνύματος. Ιδανική επιλογή για δώρο!
cmt9s0lr3000hkciyomsgk1jf,QUEUED,La Millou,La Millou Δωροκάρτα!,AGGREGATOR,Kouponia365 Gift Cards,https://kouponia365.gr/kouponia-katigories/dorokartes/page/2/,kouponia365.gr,,,,FIND_OFFICIAL_URL,Aggregator source page: https://kouponia365.gr/kouponia-katigories/dorokartes/page/2/ | Official URL not exposed by source; resolve from merchant name before verification. | Source evidence: La Millou δωροκάρτα για άμεση αποστολή στο e-mail! Η ιδανική επιλογή για δώρο. Διαθέσιμη με τιμή που ξεκινά από 30€.
cmt9s0ln2000gkciyl4fp05qv,QUEUED,FunkyBuddha,FunkyBuddha Δωροκάρτα – Δωροεπιταγή!,AGGREGATOR,Kouponia365 Gift Cards,https://kouponia365.gr/kouponia-katigories/dorokartes/page/2/,kouponia365.gr,,,,FIND_OFFICIAL_URL,Aggregator source page: https://kouponia365.gr/kouponia-katigories/dorokartes/page/2/ | Official URL not exposed by source; resolve from merchant name before verification. | Source evidence: FunkyBuddha δωροκάρτα – egiftcard – δωροεπιταγή ηλεκτρονικής μορφής για αγορές με τιμή που ξεκινά από 20€!
cmt9s0l9c000ckciywpza87j6,QUEUED,SportsPoint,SportsPoint Δωροκάρτα Gift Card!,AGGREGATOR,Kouponia365 Gift Cards,https://kouponia365.gr/kouponia-katigories/dorokartes/page/2/,kouponia365.gr,,,,FIND_OFFICIAL_URL,Aggregator source page: https://kouponia365.gr/kouponia-katigories/dorokartes/page/2/ | Official URL not exposed by source; resolve from merchant name before verification. | Source evidence: SportsPoint δωροκάρτα Gift Card για άμεση αποστολή στο e-mail! Η ιδανική επιλογή για δώρο. Διαθέσιμη με τιμή από 50€ έως και 500€.
cmt9s0krs0007kciyj5q804us,QUEUED,Battery Park,Battery Park – Δωροκάρτα – Δωροεπιταγή – Gift Card,AGGREGATOR,Kouponia365 Gift Cards,https://kouponia365.gr/kouponia-katigories/dorokartes/page/2/,kouponia365.gr,,,,FIND_OFFICIAL_URL,"Aggregator source page: https://kouponia365.gr/kouponia-katigories/dorokartes/page/2/ | Official URL not exposed by source; resolve from merchant name before verification. | Source evidence: Battery Park δωροπεπιταγή – e gift card για ένα ξεχωριστό δώρο. Στείλτε την μέσω e-mail σε κάποιο αγαπημένο σας πρόσωπο. Τιμές 50€,60€,70€,80€,90€,100€,150€ άλλο."
cmt9s0ko60006kciyy7h7gxow,QUEUED,ΙΑΝΟΣ,ΙΑΝΟΣ Δωροκάρτα Gift Card,AGGREGATOR,Kouponia365 Gift Cards,https://kouponia365.gr/kouponia-katigories/dorokartes/page/2/,kouponia365.gr,,,,FIND_OFFICIAL_URL,"Aggregator source page: https://kouponia365.gr/kouponia-katigories/dorokartes/page/2/ | Official URL not exposed by source; resolve from merchant name before verification. | Source evidence: ΙΑΝΟΣ δωροκάρτα Gift Card για άμεση αποστολή στο e-mail! Η ιδανική επιλογή για δώρο. Διαθέσιμη με τιμή από 0,10€ έως 550€."
cmt9s0kkc0005kciyksogqosl,QUEUED,Theros Jewels,Theros Jewels Δωροκάρτα Gift Card,AGGREGATOR,Kouponia365 Gift Cards,https://kouponia365.gr/kouponia-katigories/dorokartes/page/2/,kouponia365.gr,,,,FIND_OFFICIAL_URL,"Aggregator source page: https://kouponia365.gr/kouponia-katigories/dorokartes/page/2/ | Official URL not exposed by source; resolve from merchant name before verification. | Source evidence: Theros Jewels δωροκάρτα Gift Card για άμεση αποστολή στο e-mail! Η ιδανική επιλογή για δώρο. Διαθέσιμη με τιμή 20€, 30€, 40€, 50€ και 100€."
cmt9s0kgj0004kciyu047mn2y,QUEUED,New Cult,New Cult Δωροκάρτα E-gift Card,AGGREGATOR,Kouponia365 Gift Cards,https://kouponia365.gr/kouponia-katigories/dorokartes/page/2/,kouponia365.gr,,,,FIND_OFFICIAL_URL,Aggregator source page: https://kouponia365.gr/kouponia-katigories/dorokartes/page/2/ | Official URL not exposed by source; resolve from merchant name before verification. | Source evidence: Θέλεις να κάνεις ένα δώρο αλλά δεν ξέρεις τι να διαλέξεις και αν θα κάνεις την σωστή επιλογή; Για αυτό τον λόγο το New Cult δημιούργησε και παρέχει την δωροκάρτα για αποστολή άμεσα στο e-mail του παραλάπτη έστι ώστε να αγοράσει ότι θέλει για το δικό τους/της στυλ! Διαθέσιμη με ποσά από 10€!
cmt9rr2yh000hzkiyraoi1fit,QUEUED,Carpetlinen,Carpetlinen Δωροκάρτα,AGGREGATOR,Kouponia365 Gift Cards,https://kouponia365.gr/kouponia-katigories/dorokartes/,kouponia365.gr,,,,FIND_OFFICIAL_URL,Aggregator category: https://kouponia365.gr/kouponia-katigories/dorokartes/ | Official URL not exposed by source; resolve from merchant name before verification. | Source evidence: Προσφέρετε ένα δώρο στα αγαπημένα σας πρόσωπα με τη δωροκάρτα Carpetlinen. Αποκτήστε την με αρχική τιμή 20€!
