score,domain,merchant_name,possible_official_url,title,snippet,query,occurrences,source_files,discovery_statuses,result_bucket,result_reason,v2_bucket,v2_reason,v3_bucket,v3_reason
80,5star-travel.gr,5star Travel,https://www.5star-travel.gr/B137AE32.el.aspx,Gift Voucher,"Το 5 STAR TRAVEL GIFT VOUCHER, είναι μια δωροκάρτα μέσα από την οποία έχετε την δυνατότητα να καταθέσετε στο γραφείο μας ένα ποσό (50 ευρώ και άνω) το οποίο ...","site:.gr ""travel"" ""gift voucher""",8,data\discovery\focused-harvest-v7\clean-v7\review.csv | data\discovery\focused-harvest-v7-run1-backup\clean-v7\review.csv | data\discovery\mass-harvest-v5\clean-v5.1\review.csv | data\discovery\mass-harvest-v5\clean-v5.2\manual-review.csv | data\discovery\mass-harvest-v5\clean-v5.3\global-review.csv | data\discovery\mass-harvest-v5\clean-v5.4\review.csv | data\discovery\mass-harvest-v5\clean-v5.5\review.csv | data\discovery\mega-harvest-v6\clean-v6\review.csv,,SECOND_PASS_SAFE,greek_brand_coherent_direct_gift_card,GREEK_SAFE,greek_domain_second_pass_safe,AUTO_SAFE_GREECE,greek_tld_direct_title
80,abajourmonamour.gr,Abajourmonamour,https://www.abajourmonamour.gr/en/product-category/dorokartes/,Gift cards,Kids-Baby · Ceiling light shade for kids · Wall sconce for children's room · Victorian ... Δωροκάρτα Abajourmonamour 40€-Abajourmonamour. Gift Cards. Gift Card ...,"""Chania"" ""kids"" ""δωροκάρτα""",3,data\discovery\focused-harvest-v7\clean-v7\review.csv | data\discovery\focused-harvest-v7-run1-backup\clean-v7\review.csv | data\discovery\mega-harvest-v6\clean-v6\review.csv,,SECOND_PASS_SAFE,greek_brand_coherent_direct_gift_card,GREEK_SAFE,greek_domain_second_pass_safe,AUTO_SAFE_GREECE,greek_tld_direct_title
85,adelco-eshop.gr,Adelco Eshop,https://adelco-eshop.gr/index.php?route,Gift Cards,Υπάρχει η Εύκολη Λύση – αγοράστε εύκολα και γρήγορα Ηλεκτρονική Δωροκάρτα με ... experience targeted ads for your interests. Marketing and Retargeting.,"site:.gr ""experience"" ""δωροκάρτα""",8,data\discovery\focused-harvest-v7\clean-v7\review.csv | data\discovery\focused-harvest-v7-run1-backup\clean-v7\review.csv | data\discovery\mass-harvest-v5\clean-v5.1\review.csv | data\discovery\mass-harvest-v5\clean-v5.2\manual-review.csv | data\discovery\mass-harvest-v5\clean-v5.3\global-review.csv | data\discovery\mass-harvest-v5\clean-v5.4\review.csv | data\discovery\mass-harvest-v5\clean-v5.5\review.csv | data\discovery\mega-harvest-v6\clean-v6\review.csv,,SECOND_PASS_SAFE,greek_brand_coherent_direct_gift_card,GREEK_SAFE,greek_domain_second_pass_safe,AUTO_SAFE_GREECE,greek_tld_direct_title
80,adventurejunkies.gr,Δωροκάρτα 90€ - Adventure Junkies | Ride - Hike - Camp,https://www.adventurejunkies.gr/product/%CE%B4%CF%89%CF%81%CE%BF%CE%BA%CE%AC%CF%81%CF%84%CE%B1-90e/?srsltid=AfmBOooP4o3COPGY61u2V9iXNihOJXGF_hMLUvIWDbO6JOLFzv2kIsDH,Δωροκάρτα 90€ - Adventure Junkies | Ride - Hike - Camp,Adventure Junkies | Ride ... Adventure Junkies | Ride - Hike - Camp ... Δωροκάρτα 90€. Home. /. Κατάστημα. /. Δωροκάρτα 90€ ...,"site:.gr ""adventure"" ""δωροκάρτα""",1,data\discovery\mega-harvest-v6\clean-v6\review.csv,,SECOND_PASS_SAFE,greek_brand_coherent_direct_gift_card,GREEK_SAFE,greek_domain_second_pass_safe,AUTO_SAFE_GREECE,greek_tld_direct_title
85,aleboutique.gr,Δωροκάρτα - Aleboutique.gr,https://aleboutique.gr/%CE%B4%CF%89%CF%81%CE%BF%CE%BA%CE%AC%CF%81%CF%84%CE%B1-aleboutique,Δωροκάρτα - Aleboutique.gr,Αγοράστε μία Δωροκάρτα αξίας από 10€ έως 200€ | Το Aleboutique.gr σου ... BAGS · SHOULDER BAGS · STRAW BAGS · CLUTCH BAGS · PHONE BAGS · BACKPACK · WALLETS ...,"""bags"" ""δωροκάρτα"" Greece",8,data\discovery\focused-harvest-v7\clean-v7\review.csv | data\discovery\focused-harvest-v7-run1-backup\clean-v7\review.csv | data\discovery\mass-harvest-v5\clean-v5.1\review.csv | data\discovery\mass-harvest-v5\clean-v5.2\manual-review.csv | data\discovery\mass-harvest-v5\clean-v5.3\global-review.csv | data\discovery\mass-harvest-v5\clean-v5.4\review.csv | data\discovery\mass-harvest-v5\clean-v5.5\review.csv | data\discovery\mega-harvest-v6\clean-v6\review.csv,,SECOND_PASS_SAFE,greek_brand_coherent_direct_gift_card,GREEK_SAFE,greek_domain_second_pass_safe,AUTO_SAFE_GREECE,greek_tld_direct_title
85,alfafood.gr,Αγοράστε μία Δωροεπιταγή - ALFA FOOD,https://www.alfafood.gr/index.php?route,Αγοράστε μία Δωροεπιταγή - ALFA FOOD,Αγοράστε μία Δωροεπιταγή ... Αυτή η δωροεπιταγή θα αποσταλεί μέ e-mail στον παραλήπτη αφού ολοκληρωθεί ή πληρωμή σας. Όνομα παραλήπτη. E-mail παραλήπτη.,"site:.gr ""food"" ""δωροεπιταγή""",2,data\discovery\focused-harvest-v7\clean-v7\review.csv | data\discovery\focused-harvest-v7-run1-backup\clean-v7\review.csv,,SECOND_PASS_SAFE,greek_brand_coherent_direct_gift_card,GREEK_SAFE,greek_domain_second_pass_safe,AUTO_SAFE_GREECE,greek_tld_direct_title
80,alhimistisbags.gr,Alhimistis Bags,https://alhimistisbags.gr/product/dwroepitagh-alhimistis-bags/?srsltid,Δωροεπιταγή Alhimistis Bags,"Δωροεπιταγή Alhimistis Bags. 50,00 € ; From: To: ; Θα μας βρείτε. Διεύθυνση καταστήματος: Λεωφ. Ελευθερίου Βενιζέλου 57 (Πανεπιστημίου 57) Τ.Κ. 10564, Αθήνα. E- ...","site:.gr ""bags"" ""δωροεπιταγή""",2,data\discovery\focused-harvest-v7\clean-v7\review.csv | data\discovery\focused-harvest-v7-run1-backup\clean-v7\review.csv,,SECOND_PASS_SAFE,greek_brand_coherent_direct_gift_card,GREEK_SAFE,greek_domain_second_pass_safe,AUTO_SAFE_GREECE,greek_tld_direct_title
80,angelopouloshair.gr,Gift Card | AngelopoulosHair,https://www.angelopouloshair.gr/en/dorokartes?srsltid=AfmBOopSrCMnfE7kswjWktDCrTT6aSFoi5VjZx_G2eM9i0Hu-h69_FoG,Gift Card | AngelopoulosHair,Barber Chairs · Pets · Barber Corner. Back; View all products · Mens Cologne · Shampoo ... Gift Card. gift-first. MAKE A NICE GIFT. gift-sect-one. Give a gift ...,"""barber"" ""gift card"" Greece",6,data\discovery\mass-harvest-v5\clean-v5.1\review.csv | data\discovery\mass-harvest-v5\clean-v5.2\manual-review.csv | data\discovery\mass-harvest-v5\clean-v5.3\global-review.csv | data\discovery\mass-harvest-v5\clean-v5.4\review.csv | data\discovery\mass-harvest-v5\clean-v5.5\review.csv | data\discovery\mega-harvest-v6\clean-v6\review.csv,,SECOND_PASS_SAFE,greek_brand_coherent_direct_gift_card,GREEK_SAFE,greek_domain_second_pass_safe,AUTO_SAFE_GREECE,greek_tld_direct_title
80,angelsflowers.gr,Angelsflowers,https://angelsflowers.gr/product/dwrokarta/,Δωροκάρτα,Δωροκάρτα. Πληροφορίες Παράδοσης. Παράδοση παντού στη ... Βρείτε μας στα: Instagram Facebook. © Copyright 2023. All Rights Reserved by Angel's Flowers.,"site:.gr ""flowers"" ""δωροκάρτα""",8,data\discovery\focused-harvest-v7\clean-v7\review.csv | data\discovery\focused-harvest-v7-run1-backup\clean-v7\review.csv | data\discovery\mass-harvest-v5\clean-v5.1\review.csv | data\discovery\mass-harvest-v5\clean-v5.2\manual-review.csv | data\discovery\mass-harvest-v5\clean-v5.3\global-review.csv | data\discovery\mass-harvest-v5\clean-v5.4\review.csv | data\discovery\mass-harvest-v5\clean-v5.5\review.csv | data\discovery\mega-harvest-v6\clean-v6\review.csv,,SECOND_PASS_SAFE,greek_brand_coherent_direct_gift_card,GREEK_SAFE,greek_domain_second_pass_safe,AUTO_SAFE_GREECE,greek_tld_direct_title
80,art-center.com.gr,Art Center,https://www.art-center.com.gr/categories/4565/dora-doroepitages-/,Δωροεπιταγές,Δωροεπιταγές · Προϊόντα · ΕΥΡΟΣ ΤΙΜΗΣ · Δωροεπιταγή 10 euro · Δωροεπιταγή 20 euro · Δωροεπιταγή 30 euro · Δωροεπιταγή 50 euro · Δωροεπιταγή 100 euro · Η εταιρία.,"site:.com.gr ""δωροεπιταγές""",3,data\discovery\focused-harvest-v7\clean-v7\review.csv | data\discovery\focused-harvest-v7-run1-backup\clean-v7\review.csv | data\discovery\mega-harvest-v6\clean-v6\review.csv,,SECOND_PASS_SAFE,greek_brand_coherent_direct_gift_card,GREEK_SAFE,greek_domain_second_pass_safe,AUTO_SAFE_GREECE,greek_tld_direct_title
80,asianforall.gr,Δωροκάρτα Asian For All 50ε,https://asianforall.gr/books/vivlia-kinezikwn/%CE%B4%CF%89%CF%81%CE%BF%CE%BA%CE%AC%CF%81%CF%84%CE%B1-asianforall/,Δωροκάρτα Asian For All 50ε,50.00€. Προσθήκη στο καλάθι. Προϊόν. Δωροκάρτα Asian ... AUDIO 33.00€.,"site:.gr ""audio"" ""δωροκάρτα""",1,data\discovery\mega-harvest-v6\clean-v6\review.csv,,SECOND_PASS_SAFE,greek_brand_coherent_direct_gift_card,GREEK_SAFE,greek_domain_second_pass_safe,AUTO_SAFE_GREECE,greek_tld_direct_title
85,babyhug.gr,Αγοράστε μία Δωροεπιταγή - Baby Hug,https://babyhug.gr/index.php?route,Αγοράστε μία Δωροεπιταγή - Baby Hug,"Baby Hug · 0 · Καλάθι0 προϊόν(τα) 0,00€ 0. Αναζήτηση... Αγοράστε μία Δωροεπιταγή. home · O Λογαριασμός μου · Αγορά Δωροεπιταγής. Αυτή η δωροεπιταγή θα ...","site:.gr ""baby"" ""δωροεπιταγή""",2,data\discovery\focused-harvest-v7\clean-v7\review.csv | data\discovery\focused-harvest-v7-run1-backup\clean-v7\review.csv,,SECOND_PASS_SAFE,greek_brand_coherent_direct_gift_card,GREEK_SAFE,greek_domain_second_pass_safe,AUTO_SAFE_GREECE,greek_tld_direct_title
80,beautyqueens.gr,Beauty Queens,https://www.beautyqueens.gr/%CE%B4%CF%89%CF%81%CE%BF%CE%BA%CE%AC%CF%81%CF%84%CE%B1/,Δωροκάρτα - Beauty Queens,Δωροκάρτα Η δωροκάρτα μας είναι η ιδανική επιλογή για να κάνετε δώρο ... © 2013 - 2026 • Beauty Queens • All Rights Reserved. Page load ...,"site:.gr ""beauty"" ""δωροκάρτα""",8,data\discovery\focused-harvest-v7\clean-v7\review.csv | data\discovery\focused-harvest-v7-run1-backup\clean-v7\review.csv | data\discovery\mass-harvest-v5\clean-v5.1\review.csv | data\discovery\mass-harvest-v5\clean-v5.2\manual-review.csv | data\discovery\mass-harvest-v5\clean-v5.3\global-review.csv | data\discovery\mass-harvest-v5\clean-v5.4\review.csv | data\discovery\mass-harvest-v5\clean-v5.5\review.csv | data\discovery\mega-harvest-v6\clean-v6\review.csv,,SECOND_PASS_SAFE,greek_brand_coherent_direct_gift_card,GREEK_SAFE,greek_domain_second_pass_safe,AUTO_SAFE_GREECE,greek_tld_direct_title
85,bellekids.gr,Αγοράστε μία Δωροεπιταγή - Bellekids,https://bellekids.gr/index.php?route,Αγοράστε μία Δωροεπιταγή - Bellekids,Αγοράστε μία Δωροεπιταγή. Αυτή η δωροεπιταγή θα αποσταλεί μέ e-mail στον παραλήπτη αφού ολοκληρωθεί ή πληρωμή σας. Όνομα παραλήπτη. E-mail παραλήπτη.,"site:.gr ""kids"" ""δωροεπιταγή""",2,data\discovery\focused-harvest-v7\clean-v7\review.csv | data\discovery\focused-harvest-v7-run1-backup\clean-v7\review.csv,,SECOND_PASS_SAFE,greek_brand_coherent_direct_gift_card,GREEK_SAFE,greek_domain_second_pass_safe,AUTO_SAFE_GREECE,greek_tld_direct_title
85,bestwestern.gr,Best Western Gift Card,https://www.bestwestern.gr/ro/travel-card,Best Western Gift Card,"Best Western Gift Card (numit și „Travel Card”) este un card cadou preplătit care poate fi achiziționat și reîncărcat (în anumite cazuri) online în USD, CAD, ...","site:.gr ""technology"" ""gift card""",8,data\discovery\focused-harvest-v7\clean-v7\review.csv | data\discovery\focused-harvest-v7-run1-backup\clean-v7\review.csv | data\discovery\mass-harvest-v5\clean-v5.1\review.csv | data\discovery\mass-harvest-v5\clean-v5.2\manual-review.csv | data\discovery\mass-harvest-v5\clean-v5.3\global-review.csv | data\discovery\mass-harvest-v5\clean-v5.4\review.csv | data\discovery\mass-harvest-v5\clean-v5.5\review.csv | data\discovery\mega-harvest-v6\clean-v6\review.csv,,SECOND_PASS_SAFE,greek_brand_coherent_direct_gift_card,GREEK_SAFE,greek_domain_second_pass_safe,AUTO_SAFE_GREECE,greek_tld_direct_title
85,biano.gr,Δωροκάρτα 30€ | BIANO,https://www.biano.gr/proion/v/258790556-dorokarta-30eur,Δωροκάρτα 30€ | BIANO,Δωροκάρτα 30€ · Παρόμοια προϊόντα · Τα καλύτερα προϊόντα από Mom&Me Family Concept Store · Σχετικά με το Biano · Για χρήστες · Για καταστήματα · Φροντίστε να ...,"site:.gr ""concept store"" ""δωροκάρτα""",1,data\discovery\mega-harvest-v6\clean-v6\review.csv,,SECOND_PASS_SAFE,greek_brand_coherent_direct_gift_card,GREEK_SAFE,greek_domain_second_pass_safe,AUTO_SAFE_GREECE,greek_tld_direct_title
80,blacklotusmassage.gr,Black Lotus Massage Δωροκάρτα 30 Ευρώ,https://blacklotusmassage.gr/product/%CE%B4%CF%89%CF%81%CE%BF%CE%BA%CE%AC%CF%81%CF%84%CE%B1-40-%CE%B5%CF%85%CF%81%CF%8E/,Black Lotus Massage Δωροκάρτα 30 Ευρώ,"Μασάζ στην Γλυφάδα Massage Glyfada Επαγγελματικό Χαλαρωτικό Μασάζ Το καλύτερο Massage Γλυφάδα Γλυφάδα. ... Δωροκάρτα 50 Ευρώ. 50,00 €. Από. Μήνυμα δώρου. Black ...","site:.gr ""massage"" ""δωροκάρτα""",1,data\discovery\focused-harvest-v7\clean-v7\review.csv,,SECOND_PASS_SAFE,greek_brand_coherent_direct_gift_card,GREEK_SAFE,greek_domain_second_pass_safe,AUTO_SAFE_GREECE,greek_tld_direct_title
80,blackswan-lbs.gr,Δωροκάρτα - Blackswan-lbs.gr,https://www.blackswan-lbs.gr/index.php?route=product/product&product_id=849,Δωροκάρτα - Blackswan-lbs.gr,"Δώστε τους τη δυνατότητα να επιλέξουν αυτό που πραγματικά επιθυμούν, ανάμεσα σε αμέτρητες επιλογές,. προσφέροντάς τους μια Δωροκάρτα Black Swan Luxury Beauty ...","site:.gr ""luxury"" ""δωροκάρτα""",1,data\discovery\mega-harvest-v6\clean-v6\review.csv,,SECOND_PASS_SAFE,greek_brand_coherent_direct_gift_card,GREEK_SAFE,greek_domain_second_pass_safe,AUTO_SAFE_GREECE,greek_tld_direct_title
80,bodywise.gr,Δωροκάρτα - Bodywise Studio στη Θεσσαλονίκη,https://bodywise.gr/dorokarta/,Δωροκάρτα - Bodywise Studio στη Θεσσαλονίκη,Outdoor Training · Ελεύθερα Βάρη και Μηχανήματα Δύναμης · Λάστιχα Ενδυνάμωσης ... Δωροκάρτα. Home; Δωροκαρτα. Διαλέξτε από τη μεγάλη γκάμα ολιστικών θεραπειών ...,"site:.gr ""outdoor"" ""δωροκάρτα""",6,data\discovery\mass-harvest-v5\clean-v5.1\review.csv | data\discovery\mass-harvest-v5\clean-v5.2\manual-review.csv | data\discovery\mass-harvest-v5\clean-v5.3\global-review.csv | data\discovery\mass-harvest-v5\clean-v5.4\review.csv | data\discovery\mass-harvest-v5\clean-v5.5\review.csv | data\discovery\mega-harvest-v6\clean-v6\review.csv,,SECOND_PASS_SAFE,greek_brand_coherent_direct_gift_card,GREEK_SAFE,greek_domain_second_pass_safe,AUTO_SAFE_GREECE,greek_tld_direct_title
80,borsanuova.gr,Borsanuova,https://borsanuova.gr/product-category/dorokartes/,Δωροκάρτες,Δωροκάρτα Borsanuova 100€ | Borsa Nuova | Δωροκάρτες | Borsa Nuova ... Έλεγξε και τα ανεπιθύμητα αν δεν το βρεις. Borsa Nuova Leather · Bags · Travel. Η ...,"site:.gr ""bags"" ""δωροκάρτα""",7,data\discovery\focused-harvest-v7\clean-v7\review.csv | data\discovery\mass-harvest-v5\clean-v5.1\review.csv | data\discovery\mass-harvest-v5\clean-v5.2\manual-review.csv | data\discovery\mass-harvest-v5\clean-v5.3\global-review.csv | data\discovery\mass-harvest-v5\clean-v5.4\review.csv | data\discovery\mass-harvest-v5\clean-v5.5\review.csv | data\discovery\mega-harvest-v6\clean-v6\review.csv,,SECOND_PASS_SAFE,greek_brand_coherent_direct_gift_card,GREEK_SAFE,greek_domain_second_pass_safe,AUTO_SAFE_GREECE,greek_tld_direct_title
85,boss-shoes.gr,Αγοράστε μία Δωροεπιταγή - Boss Shoes!,https://www.boss-shoes.gr/index.php?route,Αγοράστε μία Δωροεπιταγή - Boss Shoes!,Αυτή η δωροεπιταγή θα αποσταλεί μέ e-mail στον παραλήπτη αφού ολοκληρωθεί ή πληρωμή σας. ... Γίνε μέλος στο Newsletter της Boss Shoes και κέρδισε εκπτωτικό ...,"site:.gr ""shoes"" ""δωροεπιταγή""",2,data\discovery\focused-harvest-v7\clean-v7\review.csv | data\discovery\focused-harvest-v7-run1-backup\clean-v7\review.csv,,SECOND_PASS_SAFE,greek_brand_coherent_direct_gift_card,GREEK_SAFE,greek_domain_second_pass_safe,AUTO_SAFE_GREECE,greek_tld_direct_title
80,cafemanteio.gr,Cafe Manteio - Ψυχικοί Σύμβουλοι,https://cafemanteio.gr/product/%CE%B4%CF%89%CF%81%CE%BF%CE%BA%CE%AC%CF%81%CF%84%CE%B1/,Δωροκάρτα - Cafe Manteio - Ψυχικοί Σύμβουλοι,Cafe Manteio – Ψυχικοί Σύμβουλοι. Προηγούνται τα ... Αρχική σελίδα / Χωρίς κατηγορία / Δωροκάρτα.,"site:.gr ""cafe"" ""δωροκάρτα""",8,data\discovery\focused-harvest-v7\clean-v7\review.csv | data\discovery\focused-harvest-v7-run1-backup\clean-v7\review.csv | data\discovery\mass-harvest-v5\clean-v5.1\review.csv | data\discovery\mass-harvest-v5\clean-v5.2\manual-review.csv | data\discovery\mass-harvest-v5\clean-v5.3\global-review.csv | data\discovery\mass-harvest-v5\clean-v5.4\review.csv | data\discovery\mass-harvest-v5\clean-v5.5\review.csv | data\discovery\mega-harvest-v6\clean-v6\review.csv,,SECOND_PASS_SAFE,greek_brand_coherent_direct_gift_card,GREEK_SAFE,greek_domain_second_pass_safe,AUTO_SAFE_GREECE,greek_tld_direct_title
80,calza.gr,Calza,https://www.calza.gr/proion/dorokarta/,Δωροκάρτα - Calza,Kids · Αθλητικές · Αστραγάλου · Μεσαίου Μεγέθους · Packs · GREEKSTEPS · Gift Card ... #ilovesocks #calza ##socks #jimmylionsocks #thessaloniki. ##ilovesocks # ...,"""Thessaloniki"" ""kids"" ""δωροκάρτα""",2,data\discovery\focused-harvest-v7\clean-v7\review.csv | data\discovery\focused-harvest-v7-run1-backup\clean-v7\review.csv,,SECOND_PASS_SAFE,greek_brand_coherent_direct_gift_card,GREEK_SAFE,greek_domain_second_pass_safe,AUTO_SAFE_GREECE,greek_tld_direct_title
85,catrinbeaute.gr,Αγοράστε μία Δωροεπιταγή - Catrinbeaute,https://www.catrinbeaute.gr/index.php?route,Αγοράστε μία Δωροεπιταγή - Catrinbeaute,Eolia Cosmetics · Ardell Professional ... Αγοράστε μία Δωροεπιταγή. Αυτή η δωροεπιταγή θα αποσταλεί μέ e-mail στον παραλήπτη αφού ολοκληρωθεί ή πληρωμή σας.,"site:.gr ""cosmetics"" ""δωροεπιταγή""",2,data\discovery\focused-harvest-v7\clean-v7\review.csv | data\discovery\focused-harvest-v7-run1-backup\clean-v7\review.csv,,SECOND_PASS_SAFE,greek_brand_coherent_direct_gift_card,GREEK_SAFE,greek_domain_second_pass_safe,AUTO_SAFE_GREECE,greek_tld_direct_title
80,cestino.gr,Δωροκάρτα – Cestino,https://cestino.gr/product-category/%CE%B4%CF%89%CF%81%CE%BF%CE%BA%CE%AC%CF%81%CF%84%CE%B1/,Δωροκάρτα – Cestino,Δωροκάρτα · Σπίτι · Κουζίνα · Hobby · Περιποίηση · Παιδί · Κατοικίδια · Προσφορές Έως και 18/05 · Δωροκάρτα.,"site:.gr ""hobby"" ""δωροκάρτα""",6,data\discovery\mass-harvest-v5\clean-v5.1\review.csv | data\discovery\mass-harvest-v5\clean-v5.2\manual-review.csv | data\discovery\mass-harvest-v5\clean-v5.3\global-review.csv | data\discovery\mass-harvest-v5\clean-v5.4\review.csv | data\discovery\mass-harvest-v5\clean-v5.5\review.csv | data\discovery\mega-harvest-v6\clean-v6\review.csv,,SECOND_PASS_SAFE,greek_brand_coherent_direct_gift_card,GREEK_SAFE,greek_domain_second_pass_safe,AUTO_SAFE_GREECE,greek_tld_direct_title
55,coffeelovers.gr,Coffeelovers Giftcard,https://coffeelovers.gr/product/coffeelovers-giftcard/,Coffeelovers Giftcard,Δωροκάρτα (Giftcard) · Αρχική · Επαγγελματικός Εξοπλισμός Cafe – Bar · Το αντικείμενο μας · Οι Υπηρεσίες μας · SCA Coffee Skills Diploma · SCA Coffee Skills ...,"site:.gr ""cafe"" ""δωροκάρτα""",1,data\discovery\mega-harvest-v6\clean-v6\review.csv,,SECOND_PASS_SAFE,greek_brand_coherent_direct_gift_card,GREEK_SAFE,greek_domain_second_pass_safe,AUTO_SAFE_GREECE,greek_tld_direct_title
55,colordrop.gr,Giftcard - ColorDrop,https://colordrop.gr/giftcard/,Giftcard - ColorDrop,Δωροκάρτα μέσω e-mail. Κάντε ένα ξεχωριστό δώρο στα αγαπημένα σας πρόσωπα ... BUSINESS DECOR · Google reviews · IRIS Card · NFC Business Card · Social Links ...,"site:.gr ""decor"" ""δωροκάρτα""",1,data\discovery\mega-harvest-v6\clean-v6\review.csv,,SECOND_PASS_SAFE,greek_brand_coherent_direct_gift_card,GREEK_SAFE,greek_domain_second_pass_safe,AUTO_SAFE_GREECE,greek_tld_direct_title
80,confetti-gifts.gr,Δωροκάρτα - Confetti - Gifts,https://confetti-gifts.gr/product/dwrokarta-confetti-gifts/,Δωροκάρτα - Confetti - Gifts,"Χάρισε απόλυτη ευελιξία με τη δωροκάρτα Confetti Gifts! Ιδανική για κάθε περίσταση, με άμεση ηλεκτρονική αποστολή και επιλογή ποσού.","site:.gr ""gifts"" ""δωροκάρτα""",1,data\discovery\mega-harvest-v6\clean-v6\review.csv,,SECOND_PASS_SAFE,greek_brand_coherent_direct_gift_card,GREEK_SAFE,greek_domain_second_pass_safe,AUTO_SAFE_GREECE,greek_tld_direct_title
80,decomagia.gr,Decomagia,https://www.decomagia.gr/product/%CE%B4%CF%89%CF%81%CE%BF%CE%B5%CF%80%CE%B9%CF%84%CE%B1%CE%B3%CE%AE/?srsltid,Δωροεπιταγή,"INKA SILK VIVA DECOR 62,5ML · PERLEN PEN 25ML VIVA DECOR · ΑΚΡΥΛΙΚΑ ΧΡΩΜΑΤΑ ... Δωροεπιταγή. Κωδικός προϊόντος: 245253. Κωδικός Κατασκευαστή: gft1. BOX NOW ...","site:.gr ""decor"" ""δωροεπιταγή""",2,data\discovery\focused-harvest-v7\clean-v7\review.csv | data\discovery\focused-harvest-v7-run1-backup\clean-v7\review.csv,,SECOND_PASS_SAFE,greek_brand_coherent_direct_gift_card,GREEK_SAFE,greek_domain_second_pass_safe,AUTO_SAFE_GREECE,greek_tld_direct_title
85,designerclothes.gr,Αγοράστε μία Δωροεπιταγή - Designer Clothes,https://designerclothes.gr/index.php?route,Αγοράστε μία Δωροεπιταγή - Designer Clothes,"Αυτή η δωροεπιταγή θα αποσταλεί μέ e-mail στον παραλήπτη αφού ... Copyright © 2021, Designer Clothes Fashion Store - Σχεδίαση και φιλοξενία AWE.gr.","site:.gr ""fashion"" ""δωροεπιταγή""",2,data\discovery\focused-harvest-v7\clean-v7\review.csv | data\discovery\focused-harvest-v7-run1-backup\clean-v7\review.csv,,SECOND_PASS_SAFE,greek_brand_coherent_direct_gift_card,GREEK_SAFE,greek_domain_second_pass_safe,AUTO_SAFE_GREECE,greek_tld_direct_title
80,district75.gr,Χάρισε μια Δωροκάρτα - District75,https://www.district75.gr/doro-karta,Χάρισε μια Δωροκάρτα - District75,e-Gift Card · All For You. Επιστροφές. Χάρισε μια Δωροκάρτα ... Η Δωροκάρτα εξαργυρώνεται στο district75.gr & σε όλα τα φυσικά καταστήματα ZAKCRET Sports.,"site:.gr ""sports"" ""gift card""",7,data\discovery\focused-harvest-v7\clean-v7\review.csv | data\discovery\focused-harvest-v7-run1-backup\clean-v7\review.csv | data\discovery\mass-harvest-v5\clean-v5.1\review.csv | data\discovery\mass-harvest-v5\clean-v5.2\manual-review.csv | data\discovery\mass-harvest-v5\clean-v5.3\global-review.csv | data\discovery\mass-harvest-v5\clean-v5.4\review.csv | data\discovery\mass-harvest-v5\clean-v5.5\review.csv,,SECOND_PASS_SAFE,greek_brand_coherent_direct_gift_card,GREEK_SAFE,greek_domain_second_pass_safe,AUTO_SAFE_GREECE,greek_tld_direct_title
80,dmktools.gr,Δωροκάρτα - Dmktools.gr,https://dmktools.gr/product/organa-metrisis/trochi-odikis-metrisis/%CE%B4%CF%89%CF%81%CE%BF%CE%BA%CE%AC%CF%81%CF%84%CE%B1/,Δωροκάρτα - Dmktools.gr,Δωροκάρτα. 32.00€. Δωροκάρτα ποσότητα. Προσθήκη στο καλάθι. Προσθήκη στην λίστα επιθυμιών. Κατηγορία: Τροχοί Οδικής Μέτρησης. Κοινοποίηση. Facebook Email ...,"site:.gr ""tools"" ""δωροκάρτα""",5,data\discovery\mass-harvest-v5\clean-v5.1\review.csv | data\discovery\mass-harvest-v5\clean-v5.2\manual-review.csv | data\discovery\mass-harvest-v5\clean-v5.3\global-review.csv | data\discovery\mass-harvest-v5\clean-v5.4\review.csv | data\discovery\mass-harvest-v5\clean-v5.5\review.csv,,SECOND_PASS_SAFE,greek_brand_coherent_direct_gift_card,GREEK_SAFE,greek_domain_second_pass_safe,AUTO_SAFE_GREECE,greek_tld_direct_title
80,eboxing.gr,eboxing,https://www.eboxing.gr/%CF%80%CF%81%CE%BF%CF%8A%CF%8C%CE%BD%CF%84%CE%B1/gift/,Δωροκάρτα eboxing,"... Δωροκάρτα eboxing. / Προϊόν.. Δωροκάρτα eboxing. 10,00 € - 500,00 €. Σε ... fitness, ακόμη και όργανα γυμναστικής. Εύκολα Βήματα για να χαρίσεις eGift ...","site:.gr ""fitness"" ""δωροκάρτα""",8,data\discovery\focused-harvest-v7\clean-v7\review.csv | data\discovery\focused-harvest-v7-run1-backup\clean-v7\review.csv | data\discovery\mass-harvest-v5\clean-v5.1\review.csv | data\discovery\mass-harvest-v5\clean-v5.2\manual-review.csv | data\discovery\mass-harvest-v5\clean-v5.3\global-review.csv | data\discovery\mass-harvest-v5\clean-v5.4\review.csv | data\discovery\mass-harvest-v5\clean-v5.5\review.csv | data\discovery\mega-harvest-v6\clean-v6\review.csv,,SECOND_PASS_SAFE,greek_brand_coherent_direct_gift_card,GREEK_SAFE,greek_domain_second_pass_safe,AUTO_SAFE_GREECE,greek_tld_direct_title
85,efeeth.gr,Αγοράστε μία Δωροεπιταγή - Efeeth.gr,https://efeeth.gr/index.php?route,Αγοράστε μία Δωροεπιταγή - Efeeth.gr,"Αγοράστε μία Δωροεπιταγή ; Δίκλινο Δωμάτιο με Τζάκι στο κτίριο ""Prespa Resort"", 80,00 €, 30,00% ; Δίκλινο Δωμάτιο με Τζάκι στο κτίριο ""Prespa Resort"", 80,00 €, 30 ...","site:.gr ""resort"" ""δωροεπιταγή""",2,data\discovery\focused-harvest-v7\clean-v7\review.csv | data\discovery\focused-harvest-v7-run1-backup\clean-v7\review.csv,,SECOND_PASS_SAFE,greek_brand_coherent_direct_gift_card,GREEK_SAFE,greek_domain_second_pass_safe,AUTO_SAFE_GREECE,greek_tld_direct_title
80,energiers.gr,Energiers,https://energiers.gr/index.php?route,Δωροκάρτες,Δωροκάρτες Energiers. Πόσες φορές δεν αναρωτηθήκατε εάν επιλέξατε το σωστό μέγεθος ή στυλ ρούχου που ταιριάζει στον μικρό σας παραλήπτη; Μην προβληματίζεστε ...,"site:.gr ""δωροκάρτες""",8,data\discovery\focused-harvest-v7\clean-v7\review.csv | data\discovery\focused-harvest-v7-run1-backup\clean-v7\review.csv | data\discovery\mass-harvest-v5\clean-v5.1\review.csv | data\discovery\mass-harvest-v5\clean-v5.2\manual-review.csv | data\discovery\mass-harvest-v5\clean-v5.3\global-review.csv | data\discovery\mass-harvest-v5\clean-v5.4\review.csv | data\discovery\mass-harvest-v5\clean-v5.5\review.csv | data\discovery\mega-harvest-v6\clean-v6\review.csv,,SECOND_PASS_SAFE,greek_brand_coherent_direct_gift_card,GREEK_SAFE,greek_domain_second_pass_safe,AUTO_SAFE_GREECE,greek_tld_direct_title
85,espressoshop.gr,Espressoshop.gr Νο 1 Κατάστημα πώλησης ...,https://espressoshop.gr/dorokarta/,Δωροκάρτα - Espressoshop.gr Νο 1 Κατάστημα πώλησης ...,"Intenso Cafe · Caffe Parana · Golden Brazil · Gran Salvador · Tonino Lamborghini ... Δωροκάρτα. Αγοράστε μια δωροκάρτα, και δώστε την δυνατότητα σε φίλους και ...","site:.gr ""cafe"" ""δωροκάρτα""",8,data\discovery\focused-harvest-v7\clean-v7\review.csv | data\discovery\focused-harvest-v7-run1-backup\clean-v7\review.csv | data\discovery\mass-harvest-v5\clean-v5.1\review.csv | data\discovery\mass-harvest-v5\clean-v5.2\manual-review.csv | data\discovery\mass-harvest-v5\clean-v5.3\global-review.csv | data\discovery\mass-harvest-v5\clean-v5.4\review.csv | data\discovery\mass-harvest-v5\clean-v5.5\review.csv | data\discovery\mega-harvest-v6\clean-v6\review.csv,,SECOND_PASS_SAFE,greek_brand_coherent_direct_gift_card,GREEK_SAFE,greek_domain_second_pass_safe,AUTO_SAFE_GREECE,greek_tld_direct_title
85,fanpharmacy.gr,Δωροκάρτα - fanpharmacy.gr,https://fanpharmacy.gr/product/dorokarta/,Δωροκάρτα - fanpharmacy.gr,"Δωροκάρτα ... Κάντε το καλύτερο δώρο στους αγαπημένους σας. Εσείς κάνετε την αγορά της δωροκάρτας fanpharmacy και ο παραλήπτης μπορεί να διαλέξει ό,τι θέλει από ...","site:.gr ""pharmacy"" ""δωροκάρτα""",6,data\discovery\mass-harvest-v5\clean-v5.1\review.csv | data\discovery\mass-harvest-v5\clean-v5.2\manual-review.csv | data\discovery\mass-harvest-v5\clean-v5.3\global-review.csv | data\discovery\mass-harvest-v5\clean-v5.4\review.csv | data\discovery\mass-harvest-v5\clean-v5.5\review.csv | data\discovery\mega-harvest-v6\clean-v6\review.csv,,SECOND_PASS_SAFE,greek_brand_coherent_direct_gift_card,GREEK_SAFE,greek_domain_second_pass_safe,AUTO_SAFE_GREECE,greek_tld_direct_title
85,femmefashion.gr,Αγοράστε μία Δωροεπιταγή - FemmeFashion,https://www.femmefashion.gr/index.php?route,Αγοράστε μία Δωροεπιταγή - FemmeFashion,Αγοράστε μία Δωροεπιταγή. Αυτή η δωροεπιταγή θα αποσταλεί μέ e-mail στον παραλήπτη αφού ολοκληρωθεί ή πληρωμή σας. Όνομα παραλήπτη.,"site:.gr ""fashion"" ""δωροεπιταγή""",2,data\discovery\focused-harvest-v7\clean-v7\review.csv | data\discovery\focused-harvest-v7-run1-backup\clean-v7\review.csv,,SECOND_PASS_SAFE,greek_brand_coherent_direct_gift_card,GREEK_SAFE,greek_domain_second_pass_safe,AUTO_SAFE_GREECE,greek_tld_direct_title
65,floraplant.gr,GIFT CARD,https://floraplant.gr/gift-card/,GIFT CARD - Δωροκάρτα - Floraplant & Garden Center,Ανθοκομικές & Γεωπονικές Επιχειρήσεις Ανθοπωλείο Garden Center Γεωπονικό Κατάστημα Φυτώριο Παραγωγής Έργα Πρασίνου ... Garden Center. Please leave this field ...,"site:.gr ""garden"" ""δωροκάρτα""",1,data\discovery\mega-harvest-v6\clean-v6\review.csv,,SECOND_PASS_SAFE,greek_brand_coherent_direct_gift_card,GREEK_SAFE,greek_domain_second_pass_safe,AUTO_SAFE_GREECE,greek_tld_direct_title
80,fortyboutique.gr,F.O.R.T.Y. Boutique Gift Card - The Perfect Gift for Every Occasion,https://www.fortyboutique.gr/en/products/%CE%B4%CF%89%CF%81%CE%BF%CE%BA%CE%AC%CF%81%CF%84%CE%B1-f-o-r-t-y-boutique?srsltid,F.O.R.T.Y. Boutique Gift Card - The Perfect Gift for Every Occasion,Clothing · T-shirts & Tops · Shirts · Knitwear ... Δωροκάρτα F.O.R.T.Y. Boutique - Final. Close. Δωροκάρτα F.O.R.T.Y. Boutique - Final. F.O.R.T.Y. Boutique Gift ...,"site:.gr ""clothing"" ""δωροκάρτα""",8,data\discovery\focused-harvest-v7\clean-v7\review.csv | data\discovery\focused-harvest-v7-run1-backup\clean-v7\review.csv | data\discovery\mass-harvest-v5\clean-v5.1\review.csv | data\discovery\mass-harvest-v5\clean-v5.2\manual-review.csv | data\discovery\mass-harvest-v5\clean-v5.3\global-review.csv | data\discovery\mass-harvest-v5\clean-v5.4\review.csv | data\discovery\mass-harvest-v5\clean-v5.5\review.csv | data\discovery\mega-harvest-v6\clean-v6\review.csv,,SECOND_PASS_SAFE,greek_brand_coherent_direct_gift_card,GREEK_SAFE,greek_domain_second_pass_safe,AUTO_SAFE_GREECE,greek_tld_direct_title
65,francesca.gr,Gift Card | francesca,https://www.francesca.gr/gift-card?lang=en,Gift Card | francesca,"Shipping to every part of the world. Pay securely with credit card/Paypal. Francesca Jewels - Tsamadou 33, Piraeus, Greece tel.+30 210 4132478. Facebook Page ...","""Piraeus"" ""home"" ""gift card""",1,data\discovery\mega-harvest-v6\clean-v6\review.csv,,SECOND_PASS_SAFE,greek_brand_coherent_direct_gift_card,GREEK_SAFE,greek_domain_second_pass_safe,AUTO_SAFE_GREECE,greek_tld_direct_title
80,galanthus-cosmetics.gr,Galanthus Cosmetics,https://galanthus-cosmetics.gr/product/dorokarta/?srsltid,Δωροκάρτα,Δωροκάρτα. ... © Galanthus Cosmetics. All Rights Reserved. Όροι Χρήσης και Πολιτική Απορρήτου. toggle icon. gr en de es fr it pl se fi pt ro si sk nl dk cz hu ...,"site:.gr ""cosmetics"" ""δωροκάρτα""",8,data\discovery\focused-harvest-v7\clean-v7\review.csv | data\discovery\focused-harvest-v7-run1-backup\clean-v7\review.csv | data\discovery\mass-harvest-v5\clean-v5.1\review.csv | data\discovery\mass-harvest-v5\clean-v5.2\manual-review.csv | data\discovery\mass-harvest-v5\clean-v5.3\global-review.csv | data\discovery\mass-harvest-v5\clean-v5.4\review.csv | data\discovery\mass-harvest-v5\clean-v5.5\review.csv | data\discovery\mega-harvest-v6\clean-v6\review.csv,,SECOND_PASS_SAFE,greek_brand_coherent_direct_gift_card,GREEK_SAFE,greek_domain_second_pass_safe,AUTO_SAFE_GREECE,greek_tld_direct_title
80,geliajewelry.gr,Gelia Jewelry & Creations,https://geliajewelry.gr/products/dorokarta,Δωροκάρτα - Gelia Jewelry & Creations,"Άνοιγμα μέσου 6 στο βοηθητικό παράθυρο. 1 / από 1. Gelia Jewelry & Creations. Δωροκάρτα. Δωροκάρτα. Κανονική τιμή €20,00 EUR. Κανονική τιμή Τιμή έκπτωσης €20,00 ...","site:.gr ""jewelry"" ""δωροκάρτα""",3,data\discovery\focused-harvest-v7\clean-v7\review.csv | data\discovery\focused-harvest-v7-run1-backup\clean-v7\review.csv | data\discovery\mega-harvest-v6\clean-v6\review.csv,,SECOND_PASS_SAFE,greek_brand_coherent_direct_gift_card,GREEK_SAFE,greek_domain_second_pass_safe,AUTO_SAFE_GREECE,greek_tld_direct_title
85,gifts4all.com.gr,Αγοράστε μία Δωροεπιταγή - Gifts 4 All,https://www.gifts4all.com.gr/account/voucher,Αγοράστε μία Δωροεπιταγή - Gifts 4 All,Αγοράστε μία Δωροεπιταγή ... Αυτή η δωροεπιταγή θα αποσταλεί μέ e-mail στον παραλήπτη αφού ολοκληρωθεί ή πληρωμή σας. Όνομα παραλήπτη. E-mail παραλήπτη.,"site:.com.gr ""δωροεπιταγή""",3,data\discovery\focused-harvest-v7\clean-v7\review.csv | data\discovery\focused-harvest-v7-run1-backup\clean-v7\review.csv | data\discovery\mega-harvest-v6\clean-v6\review.csv,,SECOND_PASS_SAFE,greek_brand_coherent_direct_gift_card,GREEK_SAFE,greek_domain_second_pass_safe,AUTO_SAFE_GREECE,greek_tld_direct_title
80,giftspot.gr,Giftspot,https://giftspot.gr/gallery/botrinis-en.html,Gift Cards - Giftspot,Offer an experience ... Chef Table + Wine pairing premium International. 890 €. Chef Table + Wine pairing premium International890 €. Offer a gift card ...,"site:.gr ""experience"" ""gift card""",8,data\discovery\focused-harvest-v7\clean-v7\review.csv | data\discovery\focused-harvest-v7-run1-backup\clean-v7\review.csv | data\discovery\mass-harvest-v5\clean-v5.1\review.csv | data\discovery\mass-harvest-v5\clean-v5.2\manual-review.csv | data\discovery\mass-harvest-v5\clean-v5.3\global-review.csv | data\discovery\mass-harvest-v5\clean-v5.4\review.csv | data\discovery\mass-harvest-v5\clean-v5.5\review.csv | data\discovery\mega-harvest-v6\clean-v6\review.csv,,SECOND_PASS_SAFE,greek_brand_coherent_direct_gift_card,GREEK_SAFE,greek_domain_second_pass_safe,AUTO_SAFE_GREECE,greek_tld_direct_title
85,glamorousbeauty.gr,Αγοράστε μία Δωροεπιταγή - Glamorous Beauty Salon,https://glamorousbeauty.gr/index.php?route,Αγοράστε μία Δωροεπιταγή - Glamorous Beauty Salon,GLAMOROUS BEAUTY SALON · SERVICES | ΥΠΗΡΕΣΙΕΣ · BOOK ONLINE ... Glamorous Beauty Salon. Cart 0. O Λογαριασμός μου · Αγορά Δωροεπιταγής. Αγοράστε μία Δωροεπιταγή.,"site:.gr ""beauty"" ""δωροεπιταγή""",2,data\discovery\focused-harvest-v7\clean-v7\review.csv | data\discovery\focused-harvest-v7-run1-backup\clean-v7\review.csv,,SECOND_PASS_SAFE,greek_brand_coherent_direct_gift_card,GREEK_SAFE,greek_domain_second_pass_safe,AUTO_SAFE_GREECE,greek_tld_direct_title
85,globi.gr,Globi Digital Gift Card,https://globi.gr/product/dwrokarta/,Globi Digital Gift Card | Δωροκάρτα Τεχνολογίας Online,Αγόρασε δωροκάρτα τεχνολογίας Online από το Globi. Digital Gift Card με άμεση ... SteelSeries Gaming Keyboard Apex Pro TKL Wireless 2023 US-Layout (64865).,"site:.gr ""gaming"" ""δωροκάρτα""",6,data\discovery\mass-harvest-v5\clean-v5.1\review.csv | data\discovery\mass-harvest-v5\clean-v5.2\manual-review.csv | data\discovery\mass-harvest-v5\clean-v5.3\global-review.csv | data\discovery\mass-harvest-v5\clean-v5.4\review.csv | data\discovery\mass-harvest-v5\clean-v5.5\review.csv | data\discovery\mega-harvest-v6\clean-v6\review.csv,,SECOND_PASS_SAFE,greek_brand_coherent_direct_gift_card,GREEK_SAFE,greek_domain_second_pass_safe,AUTO_SAFE_GREECE,greek_tld_direct_title
85,goalsports.gr,Αγοράστε μία Δωροεπιταγή - goalsports.gr,https://www.goalsports.gr/index.php?route,Αγοράστε μία Δωροεπιταγή - goalsports.gr,Αυτή η δωροεπιταγή θα αποσταλεί μέ e-mail στον παραλήπτη αφού ολοκληρωθεί ή πληρωμή σας. Όνομα παραλήπτη. E-mail παραλήπτη. Το όνομα σας. Το e-mail σας. Θέμα ...,"site:.gr ""sports"" ""δωροεπιταγή""",1,data\discovery\focused-harvest-v7\clean-v7\review.csv,,SECOND_PASS_SAFE,greek_brand_coherent_direct_gift_card,GREEK_SAFE,greek_domain_second_pass_safe,AUTO_SAFE_GREECE,greek_tld_direct_title
85,groombox.gr,Groombox,https://groombox.gr/product/%CE%B4%CF%89%CF%81%CE%BF%CE%BA%CE%AC%CF%81%CF%84%CE%B1/,Δωροκάρτα - Groombox,PET SHOP Αγία Βαρβάρα · PET SHOP Αγία Μαρίνα · PET SHOP Αγία Παρασκευή · PET ... Αρχική σελίδα / PET SHOP Πύργος / Δωροκάρτα.,"site:.gr ""pet shop"" ""δωροκάρτα""",8,data\discovery\focused-harvest-v7\clean-v7\review.csv | data\discovery\focused-harvest-v7-run1-backup\clean-v7\review.csv | data\discovery\mass-harvest-v5\clean-v5.1\review.csv | data\discovery\mass-harvest-v5\clean-v5.2\manual-review.csv | data\discovery\mass-harvest-v5\clean-v5.3\global-review.csv | data\discovery\mass-harvest-v5\clean-v5.4\review.csv | data\discovery\mass-harvest-v5\clean-v5.5\review.csv | data\discovery\mega-harvest-v6\clean-v6\review.csv,,SECOND_PASS_SAFE,greek_brand_coherent_direct_gift_card,GREEK_SAFE,greek_domain_second_pass_safe,AUTO_SAFE_GREECE,greek_tld_direct_title
80,happydonkey.gr,Happydonkey,https://happydonkey.gr/products/%CE%B4%CF%89%CF%81%CE%BF%CE%BA%CE%AC%CF%81%CF%84%CE%B1?srsltid,Δωροκάρτα,"Αρχική / Προιόντα / Δωροκάρτα. Δωροκάρτα · Happy Donkey Crafts and Gifts. Δωροκάρτα. €10,00 €10,00. Ποσό Δωροκάρτας: €10.00. €10.00, €15.00, €20.00, €25.00, € ...","site:.gr ""gifts"" ""δωροκάρτα""",8,data\discovery\focused-harvest-v7\clean-v7\review.csv | data\discovery\focused-harvest-v7-run1-backup\clean-v7\review.csv | data\discovery\mass-harvest-v5\clean-v5.1\review.csv | data\discovery\mass-harvest-v5\clean-v5.2\manual-review.csv | data\discovery\mass-harvest-v5\clean-v5.3\global-review.csv | data\discovery\mass-harvest-v5\clean-v5.4\review.csv | data\discovery\mass-harvest-v5\clean-v5.5\review.csv | data\discovery\mega-harvest-v6\clean-v6\review.csv,,SECOND_PASS_SAFE,greek_brand_coherent_direct_gift_card,GREEK_SAFE,greek_domain_second_pass_safe,AUTO_SAFE_GREECE,greek_tld_direct_title
80,hellokids.gr,Ηλεκτρονική Δωροκάρτα – HelloKids.gr,https://www.hellokids.gr/products/%CE%B7%CE%BB%CE%B5%CE%BA%CF%84%CF%81%CE%BF%CE%BD%CE%B9%CE%BA%CE%AE-%CE%B4%CF%89%CF%81%CE%BF%CE%BA%CE%AC%CF%81%CF%84%CE%B1?srsltid,Ηλεκτρονική Δωροκάρτα – HelloKids.gr,"Με τη δωροκάρτα hello kids, ο κάτοχος μπορεί να κάνει αγορές και να επιλέξει ανάμεσα σε 3.000 παιχνίδια, κατασκευές, παζλ, stencil, μωσαϊκά, επιτραπέζια, είδη ...","site:.gr ""kids"" ""δωροκάρτα""",8,data\discovery\focused-harvest-v7\clean-v7\review.csv | data\discovery\focused-harvest-v7-run1-backup\clean-v7\review.csv | data\discovery\mass-harvest-v5\clean-v5.1\review.csv | data\discovery\mass-harvest-v5\clean-v5.2\manual-review.csv | data\discovery\mass-harvest-v5\clean-v5.3\global-review.csv | data\discovery\mass-harvest-v5\clean-v5.4\review.csv | data\discovery\mass-harvest-v5\clean-v5.5\review.csv | data\discovery\mega-harvest-v6\clean-v6\review.csv,,SECOND_PASS_SAFE,greek_brand_coherent_direct_gift_card,GREEK_SAFE,greek_domain_second_pass_safe,AUTO_SAFE_GREECE,greek_tld_direct_title
85,heraklionimprov.gr,Δωροκάρτα Heraklion Improv Theater,https://www.heraklionimprov.gr/shop/dorokarta-heraklion-improv-theater/,Δωροκάρτα Heraklion Improv Theater,"Δώρισε Improv! ... Επίλεξε το ποσό που θέλεις, και δώσε την Δωροκάρτα της Heraklion Improv Theater στα αγαπημένα σου πρόσωπα! Κάνε τους να πετάνε απ' την χαρά!","""Heraklion"" ""δωροκάρτα""",5,data\discovery\mass-harvest-v5\clean-v5.1\review.csv | data\discovery\mass-harvest-v5\clean-v5.2\manual-review.csv | data\discovery\mass-harvest-v5\clean-v5.3\global-review.csv | data\discovery\mass-harvest-v5\clean-v5.4\review.csv | data\discovery\mass-harvest-v5\clean-v5.5\review.csv,,SECOND_PASS_SAFE,greek_brand_coherent_direct_gift_card,GREEK_SAFE,greek_domain_second_pass_safe,AUTO_SAFE_GREECE,greek_tld_direct_title
85,hotelequipment.gr,Αγοράστε μία Δωροεπιταγή - Hotel Equipment,https://www.hotelequipment.gr/index.php?route,Αγοράστε μία Δωροεπιταγή - Hotel Equipment,"Hotel Equipment. 0 · 0 προϊόν(τα) - 0,00€ 0 · O Λογαριασμός μου · Αγορά Δωροεπιταγής. Αγοράστε μία Δωροεπιταγή ... Copyright © 2023, Hotel Equipment, All Rights ...","site:.gr ""hotel"" ""δωροεπιταγή""",2,data\discovery\focused-harvest-v7\clean-v7\review.csv | data\discovery\focused-harvest-v7-run1-backup\clean-v7\review.csv,,SECOND_PASS_SAFE,greek_brand_coherent_direct_gift_card,GREEK_SAFE,greek_domain_second_pass_safe,AUTO_SAFE_GREECE,greek_tld_direct_title
85,hypnotejewelry.gr,"Hypnote Jewelry | Woman, Man Accessories ...",https://hypnotejewelry.gr/product/%CE%B4%CF%89%CF%81%CE%BF%CE%BA%CE%AC%CF%81%CF%84%CE%B1/,"Δωροκάρτα - Hypnote Jewelry | Woman, Man Accessories ...","Hypnote Jewelry | Woman, Man Accessories, eshop for jewelry. Search open. 0 ... Δωροκάρτα. 5.00 € 50.00 € -50% OFF. Ποσό Δωροκάρτας. Κάντε μία επιλογή, 10 ...","site:.gr ""jewelry"" ""δωροκάρτα""",8,data\discovery\focused-harvest-v7\clean-v7\review.csv | data\discovery\focused-harvest-v7-run1-backup\clean-v7\review.csv | data\discovery\mass-harvest-v5\clean-v5.1\review.csv | data\discovery\mass-harvest-v5\clean-v5.2\manual-review.csv | data\discovery\mass-harvest-v5\clean-v5.3\global-review.csv | data\discovery\mass-harvest-v5\clean-v5.4\review.csv | data\discovery\mass-harvest-v5\clean-v5.5\review.csv | data\discovery\mega-harvest-v6\clean-v6\review.csv,,SECOND_PASS_SAFE,greek_brand_coherent_direct_gift_card,GREEK_SAFE,greek_domain_second_pass_safe,AUTO_SAFE_GREECE,greek_tld_direct_title
85,joyfashion.gr,Αγοράστε μία Δωροεπιταγή - Joy Fashion,https://www.joyfashion.gr/index.php?route,Αγοράστε μία Δωροεπιταγή - Joy Fashion,Joy Fashion. All. All; BRIGITTE; ΑΞΕΣΟΥΑΡ; ΠΑΠΟΥΤΣΙΑ ... Αυτή η δωροεπιταγή θα αποσταλεί μέ e-mail στον παραλήπτη αφού ολοκληρωθεί ή πληρωμή σας.,"site:.gr ""fashion"" ""δωροεπιταγή""",2,data\discovery\focused-harvest-v7\clean-v7\review.csv | data\discovery\focused-harvest-v7-run1-backup\clean-v7\review.csv,,SECOND_PASS_SAFE,greek_brand_coherent_direct_gift_card,GREEK_SAFE,greek_domain_second_pass_safe,AUTO_SAFE_GREECE,greek_tld_direct_title
80,joykidsboutique.gr,Joykidsboutique,https://joykidsboutique.gr/?post_type,Δωροκάρτα,Δωρίστε μια Δωροκάρτα στους αγαπημένους σας και αφήστε τους να διαλέξουν το δώρο τους. Δωροκάρτα ... Copyright © 2026 Joy Kids Boutique. Powered by MK.,"site:.gr ""kids"" ""δωροκάρτα""",8,data\discovery\focused-harvest-v7\clean-v7\review.csv | data\discovery\focused-harvest-v7-run1-backup\clean-v7\review.csv | data\discovery\mass-harvest-v5\clean-v5.1\review.csv | data\discovery\mass-harvest-v5\clean-v5.2\manual-review.csv | data\discovery\mass-harvest-v5\clean-v5.3\global-review.csv | data\discovery\mass-harvest-v5\clean-v5.4\review.csv | data\discovery\mass-harvest-v5\clean-v5.5\review.csv | data\discovery\mega-harvest-v6\clean-v6\review.csv,,SECOND_PASS_SAFE,greek_brand_coherent_direct_gift_card,GREEK_SAFE,greek_domain_second_pass_safe,AUTO_SAFE_GREECE,greek_tld_direct_title
85,karam.gr,Karam Spa - Karam - Προϊόντα ευεξίας & ομορφιάς,https://karam.gr/product/dwrokarta-karam-spa/,Δωροκάρτα Karam Spa - Karam - Προϊόντα ευεξίας & ομορφιάς,"Η Δωροκάρτα μπορεί να χρησιμοποιηθεί στα παρακάτω: ☆ Mystras Grand Hotel Resort & Spa ☆ Las Hotel & Spa. * Αφού προχωρήσετε στην αγορά, σε επόμενο βήμα θα ...","site:.gr ""hotel"" ""δωροκάρτα""",8,data\discovery\focused-harvest-v7\clean-v7\review.csv | data\discovery\focused-harvest-v7-run1-backup\clean-v7\review.csv | data\discovery\mass-harvest-v5\clean-v5.1\review.csv | data\discovery\mass-harvest-v5\clean-v5.2\manual-review.csv | data\discovery\mass-harvest-v5\clean-v5.3\global-review.csv | data\discovery\mass-harvest-v5\clean-v5.4\review.csv | data\discovery\mass-harvest-v5\clean-v5.5\review.csv | data\discovery\mega-harvest-v6\clean-v6\review.csv,,SECOND_PASS_SAFE,greek_brand_coherent_direct_gift_card,GREEK_SAFE,greek_domain_second_pass_safe,AUTO_SAFE_GREECE,greek_tld_direct_title
80,katoflitavern.gr,www.katoflitavern.gr,https://www.katoflitavern.gr/en/product/dorokarta/,Δωροκάρτα – www.katoflitavern.gr,"Offer the Gift of a Dining Experience. Gift Card Amount. Choose an amount, 50 €, 100 €, 150 €, 200 €, Other amount. Clear. Other amount (€).","site:.gr ""experience"" ""δωροκάρτα""",6,data\discovery\focused-harvest-v7-run1-backup\clean-v7\review.csv | data\discovery\mass-harvest-v5\clean-v5.1\review.csv | data\discovery\mass-harvest-v5\clean-v5.2\manual-review.csv | data\discovery\mass-harvest-v5\clean-v5.3\global-review.csv | data\discovery\mass-harvest-v5\clean-v5.4\review.csv | data\discovery\mass-harvest-v5\clean-v5.5\review.csv,,SECOND_PASS_SAFE,greek_brand_coherent_direct_gift_card,GREEK_SAFE,greek_domain_second_pass_safe,AUTO_SAFE_GREECE,greek_tld_direct_title
80,kivotosoniron.gr,Kivotos Oniron | ideas for kids,https://www.kivotosoniron.gr/product/%CE%B4%CF%89%CF%81%CE%BF%CE%BA%CE%AC%CF%81%CF%84%CE%B1/,Δωροκάρτα - Kivotos Oniron | ideas for kids,"Δωροκάρτα ; Price range · €10,00 through €200,00 ; Κωδικός προϊόντος: Μ/Δ ; Κατηγορία: ΔΩΡΟΚΑΡΤΑ ; Newsletter. Εγγραφή στο ενημερωτικό δελτίο ; KIVOTOSONIRON 2025 ...","site:.gr ""kids"" ""δωροκάρτα""",8,data\discovery\focused-harvest-v7\clean-v7\review.csv | data\discovery\focused-harvest-v7-run1-backup\clean-v7\review.csv | data\discovery\mass-harvest-v5\clean-v5.1\review.csv | data\discovery\mass-harvest-v5\clean-v5.2\manual-review.csv | data\discovery\mass-harvest-v5\clean-v5.3\global-review.csv | data\discovery\mass-harvest-v5\clean-v5.4\review.csv | data\discovery\mass-harvest-v5\clean-v5.5\review.csv | data\discovery\mega-harvest-v6\clean-v6\review.csv,,SECOND_PASS_SAFE,greek_brand_coherent_direct_gift_card,GREEK_SAFE,greek_domain_second_pass_safe,AUTO_SAFE_GREECE,greek_tld_direct_title
85,kouskoufashionproject.gr,Kouskoufashionproject,https://kouskoufashionproject.gr/en/collections/%CE%B4%CF%89%CF%81%CE%BF%CE%BA%CE%AC%CF%81%CF%84%CE%B1,Δωροκάρτα,Δωροκάρτα. Filter. Sort by. Most relevant. Featured ... Whether you are in Rhodes or part of our online ... © 2026 Kouskou Fashion Project. Powered by ...,"""Rhodes"" ""fashion"" ""δωροκάρτα""",7,data\discovery\focused-harvest-v7\clean-v7\review.csv | data\discovery\focused-harvest-v7-run1-backup\clean-v7\review.csv | data\discovery\mass-harvest-v5\clean-v5.1\review.csv | data\discovery\mass-harvest-v5\clean-v5.2\manual-review.csv | data\discovery\mass-harvest-v5\clean-v5.3\global-review.csv | data\discovery\mass-harvest-v5\clean-v5.4\review.csv | data\discovery\mass-harvest-v5\clean-v5.5\review.csv,,SECOND_PASS_SAFE,greek_brand_coherent_direct_gift_card,GREEK_SAFE,greek_domain_second_pass_safe,AUTO_SAFE_GREECE,greek_tld_direct_title
80,lartedimassaggio.gr,Δωροκάρτα Μασάζ L'Arte di Massaggio -,https://lartedimassaggio.gr/%CE%B4%CF%89%CF%81%CE%BF%CE%BA%CE%AC%CF%81%CF%84%CE%B1/,Δωροκάρτα Μασάζ L'Arte di Massaggio -,Η δωροκάρτα μασάζ και όχι μόνο μας παρέχει την ελευθερία στον παραλήπτη ... Body Massage · Body Treatments · Face Treatments · Slimming & Sculpting Massage.,"site:.gr ""massage"" ""δωροκάρτα""",1,data\discovery\mega-harvest-v6\clean-v6\review.csv,,SECOND_PASS_SAFE,greek_brand_coherent_direct_gift_card,GREEK_SAFE,greek_domain_second_pass_safe,AUTO_SAFE_GREECE,greek_tld_direct_title
85,lavalmore.gr,Lavalmore,https://lavalmore.gr/categories/%CE%B4%CF%89%CF%81%CE%BF%CE%BA%CE%AC%CF%81%CF%84%CE%B1/?srsltid,Δωροκάρτα,Χάρισε ένα μοναδικό δώρο σε εκείνους που αγαπάς με την δωροκάρτα του Lavalmore. Επίλεξε ποσό online και φόρτωσε τη Lavalmore GiftCard ... Flower Lace Lingerie ...,"site:.gr ""lingerie"" ""δωροκάρτα""",8,data\discovery\focused-harvest-v7\clean-v7\review.csv | data\discovery\focused-harvest-v7-run1-backup\clean-v7\review.csv | data\discovery\mass-harvest-v5\clean-v5.1\review.csv | data\discovery\mass-harvest-v5\clean-v5.2\manual-review.csv | data\discovery\mass-harvest-v5\clean-v5.3\global-review.csv | data\discovery\mass-harvest-v5\clean-v5.4\review.csv | data\discovery\mass-harvest-v5\clean-v5.5\review.csv | data\discovery\mega-harvest-v6\clean-v6\review.csv,,SECOND_PASS_SAFE,greek_brand_coherent_direct_gift_card,GREEK_SAFE,greek_domain_second_pass_safe,AUTO_SAFE_GREECE,greek_tld_direct_title
85,laviejewelry.gr,Laviejewelry,https://www.laviejewelry.gr/el/collections/gift-cart?srsltid,Δωροκάρτα,"Συλλογή: Δωροκάρτα. Φιλτράρισμα: Διαθεσιμότητα ... La Vie Jewelry Gift Cart. Παραγγελίες. Πολιτική ... © 2026, La Vie Jewelry Με την υποστήριξη της Shopify.","site:.gr ""jewelry"" ""δωροκάρτα""",8,data\discovery\focused-harvest-v7\clean-v7\review.csv | data\discovery\focused-harvest-v7-run1-backup\clean-v7\review.csv | data\discovery\mass-harvest-v5\clean-v5.1\review.csv | data\discovery\mass-harvest-v5\clean-v5.2\manual-review.csv | data\discovery\mass-harvest-v5\clean-v5.3\global-review.csv | data\discovery\mass-harvest-v5\clean-v5.4\review.csv | data\discovery\mass-harvest-v5\clean-v5.5\review.csv | data\discovery\mega-harvest-v6\clean-v6\review.csv,,SECOND_PASS_SAFE,greek_brand_coherent_direct_gift_card,GREEK_SAFE,greek_domain_second_pass_safe,AUTO_SAFE_GREECE,greek_tld_direct_title
80,lemontreekids.gr,LemonTreeKids - Χάρισε Αγάπη!,https://lemontreekids.gr/dorokarta/?srsltid,Δωροκάρτα LemonTreeKids - Χάρισε Αγάπη!,"Lemon Tree Kids. Search. 0. Cart. Δωροκάρτα ... Εξαργύρωσε μια δωροκάρτα Για να εξαργυρώσεις τη δωροκάρτα, απλώς ...","site:.gr ""kids"" ""δωροκάρτα""",8,data\discovery\focused-harvest-v7\clean-v7\review.csv | data\discovery\focused-harvest-v7-run1-backup\clean-v7\review.csv | data\discovery\mass-harvest-v5\clean-v5.1\review.csv | data\discovery\mass-harvest-v5\clean-v5.2\manual-review.csv | data\discovery\mass-harvest-v5\clean-v5.3\global-review.csv | data\discovery\mass-harvest-v5\clean-v5.4\review.csv | data\discovery\mass-harvest-v5\clean-v5.5\review.csv | data\discovery\mega-harvest-v6\clean-v6\review.csv,,SECOND_PASS_SAFE,greek_brand_coherent_direct_gift_card,GREEK_SAFE,greek_domain_second_pass_safe,AUTO_SAFE_GREECE,greek_tld_direct_title
80,linsonmoto.gr,Δωροκάρτα 200€ ДРУГИ | Linson Moto,https://linsonmoto.gr/dwrokarta-200,Δωροκάρτα 200€ ДРУГИ | Linson Moto,"Δωροκάρτες LINSON MOTO Δωροκάρτα 200€ ДРУГИ στην τιμή 200,00€ με γρήγορη παράδοση και δυνατότητα επιστροφής ή αλλαγής του προϊόντος εντός 30 ημερών στο ...","site:.gr ""parking"" ""δωροκάρτα""",1,data\discovery\mega-harvest-v6\clean-v6\review.csv,,SECOND_PASS_SAFE,greek_brand_coherent_direct_gift_card,GREEK_SAFE,greek_domain_second_pass_safe,AUTO_SAFE_GREECE,greek_tld_direct_title
85,littleflowers.gr,Αγοράστε μία Δωροεπιταγή - Little Flowers,https://littleflowers.gr/index.php?route,Αγοράστε μία Δωροεπιταγή - Little Flowers,Χαρίστε μια δωροκάρτα Little Flowers στα αγαπημένα σας πρόσωπα και δώστε τους τη δυνατότητα να επιλέξουν αυτοί τα προϊόντα που επιθυμούν!,"site:.gr ""flowers"" ""δωροκάρτα""",8,data\discovery\focused-harvest-v7\clean-v7\review.csv | data\discovery\focused-harvest-v7-run1-backup\clean-v7\review.csv | data\discovery\mass-harvest-v5\clean-v5.1\review.csv | data\discovery\mass-harvest-v5\clean-v5.2\manual-review.csv | data\discovery\mass-harvest-v5\clean-v5.3\global-review.csv | data\discovery\mass-harvest-v5\clean-v5.4\review.csv | data\discovery\mass-harvest-v5\clean-v5.5\review.csv | data\discovery\mega-harvest-v6\clean-v6\review.csv,,SECOND_PASS_SAFE,greek_brand_coherent_direct_gift_card,GREEK_SAFE,greek_domain_second_pass_safe,AUTO_SAFE_GREECE,greek_tld_direct_title
80,llearn.gr,Virtual Reality Zero Latency Gift Voucher Gift ... - llearn.gr,https://www.llearn.gr/?r=16295315041260,Virtual Reality Zero Latency Gift Voucher Gift ... - llearn.gr,Virtual Reality Zero Latency Gift Voucher Gift Vouchers Zero Latency VR Sunshine Coast. ... gymlock mat gym mats direct. Quick Look. gymlock mat ...,"site:.gr ""gym"" ""gift voucher""",1,data\discovery\mega-harvest-v6\clean-v6\review.csv,,SECOND_PASS_SAFE,greek_brand_coherent_direct_gift_card,GREEK_SAFE,greek_domain_second_pass_safe,AUTO_SAFE_GREECE,greek_tld_direct_title
80,lumina.gr,LUMINA - Κέντρο Αισθητικής - Ηράκλειο,https://lumina.gr/product/dorokarta/?srsltid,Δωροκάρτα - LUMINA - Κέντρο Αισθητικής - Ηράκλειο,"Δωροκάρτα. Αρχική · Προϊόντα; Δωροκάρτα. Gift ... Skincare. Εάν πάλι θέλεις να τη δώσεις εσύ, εμείς θα την ετοιμάσουμε και ...","site:.gr ""skincare"" ""δωροκάρτα""",3,data\discovery\focused-harvest-v7\clean-v7\review.csv | data\discovery\focused-harvest-v7-run1-backup\clean-v7\review.csv | data\discovery\mega-harvest-v6\clean-v6\review.csv,,SECOND_PASS_SAFE,greek_brand_coherent_direct_gift_card,GREEK_SAFE,greek_domain_second_pass_safe,AUTO_SAFE_GREECE,greek_tld_direct_title
80,makemeup.gr,MakeMeUp e,https://www.makemeup.gr/index.php?route,MakeMeUp e-gift card,"MakeMeUp e-gift card. Αυτή η δωροεπιταγή θα αποσταλεί μέ e-mail στον ... SKINCARE · 2310226216 · info@makemeup.gr · Τσιμισκή 130, 54621. Θεσσαλονίκη, Ελλάδα.","site:.gr ""skincare"" ""gift card""",3,data\discovery\focused-harvest-v7\clean-v7\review.csv | data\discovery\focused-harvest-v7-run1-backup\clean-v7\review.csv | data\discovery\mega-harvest-v6\clean-v6\review.csv,,SECOND_PASS_SAFE,greek_brand_coherent_direct_gift_card,GREEK_SAFE,greek_domain_second_pass_safe,AUTO_SAFE_GREECE,greek_tld_direct_title
80,melody-spa.gr,MELODY-SPA,https://melody-spa.gr/voucher/,GIFT VOUCHER - MELODY-SPA,"Discover the ultimate in relaxation and rejuvenation at Melody Spa in Greece ... GIFT VOUCHER. Dear guest, We are pleased to ... Spa for Children (chocolate- ...","site:.gr ""spa"" ""gift voucher""",3,data\discovery\focused-harvest-v7\clean-v7\review.csv | data\discovery\focused-harvest-v7-run1-backup\clean-v7\review.csv | data\discovery\mega-harvest-v6\clean-v6\review.csv,,SECOND_PASS_SAFE,greek_brand_coherent_direct_gift_card,GREEK_SAFE,greek_domain_second_pass_safe,AUTO_SAFE_GREECE,greek_tld_direct_title
85,milanos-shoes.gr,Αγοράστε μία Δωροεπιταγή - Milanos Shoes,https://milanos-shoes.gr/index.php?route,Αγοράστε μία Δωροεπιταγή - Milanos Shoes,Αυτή η δωροεπιταγή θα αποσταλεί μέ e-mail στον παραλήπτη αφού ολοκληρωθεί ή πληρωμή σας. ... Milanos Shoes στο Περιστέρι. 45+ χρόνια εμπειρίας στον χώρο ...,"site:.gr ""shoes"" ""δωροεπιταγή""",2,data\discovery\focused-harvest-v7\clean-v7\review.csv | data\discovery\focused-harvest-v7-run1-backup\clean-v7\review.csv,,SECOND_PASS_SAFE,greek_brand_coherent_direct_gift_card,GREEK_SAFE,greek_domain_second_pass_safe,AUTO_SAFE_GREECE,greek_tld_direct_title
85,miniatureshoes.gr,Miniature Shoes,https://miniatureshoes.gr/product/%CE%B4%CF%89%CF%81%CE%BF%CE%BA%CE%AC%CF%81%CF%84%CE%B1/,Δωροκάρτα - Miniature Shoes,Αγοράστε μία δωροκάρτα και δώστε στους αγαπημένους σας την δυνατότητα να διαλέξουν οποιοδήποτε προιόν επιθυμούν! ... Miniature Shoes © 2020.,"site:.gr ""shoes"" ""δωροκάρτα""",8,data\discovery\focused-harvest-v7\clean-v7\review.csv | data\discovery\focused-harvest-v7-run1-backup\clean-v7\review.csv | data\discovery\mass-harvest-v5\clean-v5.1\review.csv | data\discovery\mass-harvest-v5\clean-v5.2\manual-review.csv | data\discovery\mass-harvest-v5\clean-v5.3\global-review.csv | data\discovery\mass-harvest-v5\clean-v5.4\review.csv | data\discovery\mass-harvest-v5\clean-v5.5\review.csv | data\discovery\mega-harvest-v6\clean-v6\review.csv,,SECOND_PASS_SAFE,greek_brand_coherent_direct_gift_card,GREEK_SAFE,greek_domain_second_pass_safe,AUTO_SAFE_GREECE,greek_tld_direct_title
85,missyandme.gr,MissYandME | Fashion gift card,https://missyandme.gr/%CE%B4%CF%89%CF%81%CE%BF%CE%BA%CE%AC%CF%81%CF%84%CE%B1/,Δωροκάρτα MissYandME | Fashion gift card,"Χάρισε δωροκάρτα MissYandME για γυναικεία μόδα, αξεσουάρ και online αγορές με εύκολη επιλογή ποσού και εξαργύρωση.","site:.gr ""fashion"" ""δωροκάρτα""",8,data\discovery\focused-harvest-v7\clean-v7\review.csv | data\discovery\focused-harvest-v7-run1-backup\clean-v7\review.csv | data\discovery\mass-harvest-v5\clean-v5.1\review.csv | data\discovery\mass-harvest-v5\clean-v5.2\manual-review.csv | data\discovery\mass-harvest-v5\clean-v5.3\global-review.csv | data\discovery\mass-harvest-v5\clean-v5.4\review.csv | data\discovery\mass-harvest-v5\clean-v5.5\review.csv | data\discovery\mega-harvest-v6\clean-v6\review.csv,,SECOND_PASS_SAFE,greek_brand_coherent_direct_gift_card,GREEK_SAFE,greek_domain_second_pass_safe,AUTO_SAFE_GREECE,greek_tld_direct_title
85,nakasconcept.gr,Nakasconcept,https://www.nakasconcept.gr/el/proionta/dorokartes/,Δωροκάρτες,"Μπορείτε να επιλέξετε μία ή παραπάνω από τις δωροκάρτες των 10€, 20€, 50€, 100€, 200€, 300€, 400€ ή και 500€ ή συνδυασμό αυτών. Μπορείτε να αγοράσετε τη ...","site:.gr ""δωροκάρτες""",3,data\discovery\focused-harvest-v7\clean-v7\review.csv | data\discovery\focused-harvest-v7-run1-backup\clean-v7\review.csv | data\discovery\mega-harvest-v6\clean-v6\review.csv,,SECOND_PASS_SAFE,greek_brand_coherent_direct_gift_card,GREEK_SAFE,greek_domain_second_pass_safe,AUTO_SAFE_GREECE,greek_tld_direct_title
80,naninails.gr,αξίας 20 EUR - NaniNails.gr,https://www.naninails.gr/dorokarta-axias-20-eur/?srsltid,Δωροκάρτα αξίας 20 EUR - NaniNails.gr,"Προσφέρουμε δωροκάρτες αξίας 10, 20 και 40 €. Εάν παραγγείλετε τη δωροκάρτα ξεχωριστά, υπάρχει η δυνατότητα να σας αποσταλεί ηλεκτρονικά μέσω e-mail. Η ...","site:.gr ""nails"" ""δωροκάρτα""",3,data\discovery\focused-harvest-v7\clean-v7\review.csv | data\discovery\focused-harvest-v7-run1-backup\clean-v7\review.csv | data\discovery\mega-harvest-v6\clean-v6\review.csv,,SECOND_PASS_SAFE,greek_brand_coherent_direct_gift_card,GREEK_SAFE,greek_domain_second_pass_safe,AUTO_SAFE_GREECE,greek_tld_direct_title
85,nativis.gr,Nativis,https://nativis.gr/shop-products/%CE%B4%CF%89%CF%81%CE%BF%CE%BA%CE%AC%CF%81%CF%84%CE%B1/,Δωροκάρτα,Η δωροκάρτα απο το www.nativis.gr είναι ένα μοναδικό και αξέχαστο δώρο για ... Nativis Natural Cosmetics. 5.0. powered by Google. αξιολογήστε μας στο.,"site:.gr ""cosmetics"" ""δωροκάρτα""",8,data\discovery\focused-harvest-v7\clean-v7\review.csv | data\discovery\focused-harvest-v7-run1-backup\clean-v7\review.csv | data\discovery\mass-harvest-v5\clean-v5.1\review.csv | data\discovery\mass-harvest-v5\clean-v5.2\manual-review.csv | data\discovery\mass-harvest-v5\clean-v5.3\global-review.csv | data\discovery\mass-harvest-v5\clean-v5.4\review.csv | data\discovery\mass-harvest-v5\clean-v5.5\review.csv | data\discovery\mega-harvest-v6\clean-v6\review.csv,,SECOND_PASS_SAFE,greek_brand_coherent_direct_gift_card,GREEK_SAFE,greek_domain_second_pass_safe,AUTO_SAFE_GREECE,greek_tld_direct_title
80,olia.com.gr,Olia,https://www.olia.com.gr/product/dorokarta/,Δωροκάρτα,"Αρχική σελίδα Δωροκάρτα Δωροκάρτα. Ζουμ. Δωροκάρτα. €30,00 – €150,00.","site:.com.gr ""δωροκάρτα""",8,data\discovery\focused-harvest-v7\clean-v7\review.csv | data\discovery\focused-harvest-v7-run1-backup\clean-v7\review.csv | data\discovery\mass-harvest-v5\clean-v5.1\review.csv | data\discovery\mass-harvest-v5\clean-v5.2\manual-review.csv | data\discovery\mass-harvest-v5\clean-v5.3\global-review.csv | data\discovery\mass-harvest-v5\clean-v5.4\review.csv | data\discovery\mass-harvest-v5\clean-v5.5\review.csv | data\discovery\mega-harvest-v6\clean-v6\review.csv,,SECOND_PASS_SAFE,greek_brand_coherent_direct_gift_card,GREEK_SAFE,greek_domain_second_pass_safe,AUTO_SAFE_GREECE,greek_tld_direct_title
70,omg.gr,OMG Gift Card – Funny Tees & Baby Gifts | OMG,https://omg.gr/products/omg-gift-card,OMG Gift Card – Funny Tees & Baby Gifts | OMG,"let them pick their own funny slogan tee or baby bodysuit. Delivered by email, redeemable across the whole OMG range.","site:.gr ""baby"" ""gift card""",8,data\discovery\focused-harvest-v7\clean-v7\review.csv | data\discovery\focused-harvest-v7-run1-backup\clean-v7\review.csv | data\discovery\mass-harvest-v5\clean-v5.1\review.csv | data\discovery\mass-harvest-v5\clean-v5.2\manual-review.csv | data\discovery\mass-harvest-v5\clean-v5.3\global-review.csv | data\discovery\mass-harvest-v5\clean-v5.4\review.csv | data\discovery\mass-harvest-v5\clean-v5.5\review.csv | data\discovery\mega-harvest-v6\clean-v6\review.csv,,SECOND_PASS_SAFE,greek_brand_coherent_direct_gift_card,GREEK_SAFE,greek_domain_second_pass_safe,AUTO_SAFE_GREECE,greek_tld_direct_title
85,optikaliolios.gr,Δωροκάρτες | OptikaLiolios,https://www.optikaliolios.gr/%CE%B4%CF%89%CF%81%CE%BF%CE%BA%CE%B1%CF%81%CF%84%CE%B5%CF%83.htm,Δωροκάρτες | OptikaLiolios,LIOLIOS EYEWEAR 1. Whats new ? Brands · -50% SUMMER OFFER ... Εύκολη αγορά και αποστολή Γιατί να επιλέξεις δωροκάρτα; Πάντα ευπρό … Δείτε ...,"""eyewear"" ""δωροκάρτα"" Greece",6,data\discovery\mass-harvest-v5\clean-v5.1\review.csv | data\discovery\mass-harvest-v5\clean-v5.2\manual-review.csv | data\discovery\mass-harvest-v5\clean-v5.3\global-review.csv | data\discovery\mass-harvest-v5\clean-v5.4\review.csv | data\discovery\mass-harvest-v5\clean-v5.5\review.csv | data\discovery\mega-harvest-v6\clean-v6\review.csv,,SECOND_PASS_SAFE,greek_brand_coherent_direct_gift_card,GREEK_SAFE,greek_domain_second_pass_safe,AUTO_SAFE_GREECE,greek_tld_direct_title
80,outdoorway.gr,Outdoorway 10 Ευρώ,https://www.outdoorway.gr/product/15647/doroepitagi-Outdoorway-10-eyro,Δωροεπιταγή Outdoorway 10 Ευρώ,Αναζήτηση προϊόντων! Όροι Δραστηριοτήτων · Δωροεπιταγές · Δωροεπιταγές. Outdoorway. Δωροεπιταγή Outdoorway 10 Ευρώ. 3-00007 ...,"site:.gr ""outdoor"" ""δωροεπιταγή""",2,data\discovery\focused-harvest-v7\clean-v7\review.csv | data\discovery\focused-harvest-v7-run1-backup\clean-v7\review.csv,,SECOND_PASS_SAFE,greek_brand_coherent_direct_gift_card,GREEK_SAFE,greek_domain_second_pass_safe,AUTO_SAFE_GREECE,greek_tld_direct_title
65,parentingcourses.gr,Gift card 2 - Parenting Courses,https://www.parentingcourses.gr/pages/gift-card-2,Gift card 2 - Parenting Courses,"Είσαι γονιός και αναρωτιέσαι πώς μπορείς να δώσεις το καλύτερο για το παιδί σου; Τα σεμινάρια του Parenting Courses, ακολουθώντας την ολιστική προσέγγιση ...","site:.gr ""courses"" ""gift card""",6,data\discovery\mass-harvest-v5\clean-v5.1\review.csv | data\discovery\mass-harvest-v5\clean-v5.2\manual-review.csv | data\discovery\mass-harvest-v5\clean-v5.3\global-review.csv | data\discovery\mass-harvest-v5\clean-v5.4\review.csv | data\discovery\mass-harvest-v5\clean-v5.5\review.csv | data\discovery\mega-harvest-v6\clean-v6\review.csv,,SECOND_PASS_SAFE,greek_brand_coherent_direct_gift_card,GREEK_SAFE,greek_domain_second_pass_safe,AUTO_SAFE_GREECE,greek_tld_direct_title
85,perfume-shop.gr,Αγοράστε μία Δωροεπιταγή - Perfume-shop,https://perfume-shop.gr/index.php?route,Αγοράστε μία Δωροεπιταγή - Perfume-shop,Αυτή η δωροεπιταγή θα αποσταλεί μέ e-mail στον ... Εγγραφείτε τώρα στην Perfume ... Perfume Shop. Perfume Shop. Τμήμα Πωλήσεων · Αρχική · Αγαπημένα0 · Σύγκριση0 ...,"site:.gr ""perfume"" ""δωροεπιταγή""",2,data\discovery\focused-harvest-v7\clean-v7\review.csv | data\discovery\focused-harvest-v7-run1-backup\clean-v7\review.csv,,SECOND_PASS_SAFE,greek_brand_coherent_direct_gift_card,GREEK_SAFE,greek_domain_second_pass_safe,AUTO_SAFE_GREECE,greek_tld_direct_title
85,plantoys.gr,Ηλεκτρονική Δωροκάρτα PlanToys,https://www.plantoys.gr/shop/%CE%B7%CE%BB%CE%B5%CE%BA%CF%84%CF%81%CE%BF%CE%BD%CE%B9%CE%BA%CE%AE-%CE%B4%CF%89%CF%81%CE%BF%CE%BA%CE%AC%CF%81%CF%84%CE%B1-plantoys/,Ηλεκτρονική Δωροκάρτα PlanToys,Κανένα προϊόν στο καλάθι σας. Επιστροφή στο κατάστημα · Παιχνίδια Εκπαιδευτικά Plan Toys ... Ηλεκτρονική Δωροκάρτα PlanToys. 50.00€ – 350.00€ Price range ...,"site:.gr ""toys"" ""δωροκάρτα""",8,data\discovery\focused-harvest-v7\clean-v7\review.csv | data\discovery\focused-harvest-v7-run1-backup\clean-v7\review.csv | data\discovery\mass-harvest-v5\clean-v5.1\review.csv | data\discovery\mass-harvest-v5\clean-v5.2\manual-review.csv | data\discovery\mass-harvest-v5\clean-v5.3\global-review.csv | data\discovery\mass-harvest-v5\clean-v5.4\review.csv | data\discovery\mass-harvest-v5\clean-v5.5\review.csv | data\discovery\mega-harvest-v6\clean-v6\review.csv,,SECOND_PASS_SAFE,greek_brand_coherent_direct_gift_card,GREEK_SAFE,greek_domain_second_pass_safe,AUTO_SAFE_GREECE,greek_tld_direct_title
85,popular-shoes.gr,Αγοράστε μία Δωροεπιταγή - Popular Shoes,https://popular-shoes.gr/index.php?route,Αγοράστε μία Δωροεπιταγή - Popular Shoes,Αυτή η δωροεπιταγή θα αποσταλεί μέ e-mail στον παραλήπτη αφού ολοκληρωθεί ή πληρωμή σας. ... shoes.gr © 2021 | All rights reserved! Handcrafted by.,"site:.gr ""shoes"" ""δωροεπιταγή""",2,data\discovery\focused-harvest-v7\clean-v7\review.csv | data\discovery\focused-harvest-v7-run1-backup\clean-v7\review.csv,,SECOND_PASS_SAFE,greek_brand_coherent_direct_gift_card,GREEK_SAFE,greek_domain_second_pass_safe,AUTO_SAFE_GREECE,greek_tld_direct_title
85,powerenergy.gr,Δωροκάρτα - Power Energy,https://www.powerenergy.gr/shop/dorokarta/,Δωροκάρτα - Power Energy,Δωροκάρτα - Image 1. Μεγέθυνση. Αρχική σελίδα / SHOP / SOLAR TECHNOLOGY / HEAT-WIND-GRID-SYSTEMS / RIGID PANELS 5W - 200W / Δωροκάρτα.,"site:.gr ""technology"" ""δωροκάρτα""",6,data\discovery\mass-harvest-v5\clean-v5.1\review.csv | data\discovery\mass-harvest-v5\clean-v5.2\manual-review.csv | data\discovery\mass-harvest-v5\clean-v5.3\global-review.csv | data\discovery\mass-harvest-v5\clean-v5.4\review.csv | data\discovery\mass-harvest-v5\clean-v5.5\review.csv | data\discovery\mega-harvest-v6\clean-v6\review.csv,,SECOND_PASS_SAFE,greek_brand_coherent_direct_gift_card,GREEK_SAFE,greek_domain_second_pass_safe,AUTO_SAFE_GREECE,greek_tld_direct_title
60,pregnancy-gifts.gr,ΔΩΡΟΚΑΡΤΑ - Pregnancy-gifts.gr,https://pregnancy-gifts.gr/product-category/wps_wgm_giftcard/,ΔΩΡΟΚΑΡΤΑ - Pregnancy-gifts.gr,· Η Δωροκάρτα Pregnancy Gifts ισχύει για 6 μήνες από την ημερομηνία αγοράς της. · Η Κάρτα δώρου Pregnancy Gifts ισχύει και για νέους μπαμπάδες. Ο παραλήπτης ...,"site:.gr ""gifts"" ""δωροκάρτα""",1,data\discovery\mega-harvest-v6\clean-v6\review.csv,,SECOND_PASS_SAFE,greek_brand_coherent_direct_gift_card,GREEK_SAFE,greek_domain_second_pass_safe,AUTO_SAFE_GREECE,greek_tld_direct_url
80,princess.com.gr,Princess,https://princess.com.gr/product-category/%CE%B4%CF%89%CF%81%CE%BF%CE%BA%CE%AC%CF%81%CF%84%CE%B5%CF%82/?srsltid,Δωροκάρτες - Princess,"Δωροκάρτες. 1 προϊόν. Ανά σελίδα. 24, 32, 64. Φίλτρα & Ταξινόμηση. Μέγεθος. Φίλτρα ... Δωροκάρτες · Εταιρεία. Χρήσιμες Πληροφορίες. Όροι Χρήσης · Τρόποι πληρωμής ...","site:.com.gr ""δωροκάρτες""",3,data\discovery\focused-harvest-v7\clean-v7\review.csv | data\discovery\focused-harvest-v7-run1-backup\clean-v7\review.csv | data\discovery\mega-harvest-v6\clean-v6\review.csv,,SECOND_PASS_SAFE,greek_brand_coherent_direct_gift_card,GREEK_SAFE,greek_domain_second_pass_safe,AUTO_SAFE_GREECE,greek_tld_direct_title
80,projectsoma.gr,Project Soma | projectsoma.gr,https://projectsoma.gr/dorokarta.html,Δωροκάρτα | Project Soma | projectsoma.gr,"Χαρίστε στα αγαπημένα σας πρόσωπα την δωροκάρτα Project Soma επιλέγοντας το χρηματικό ποσό των 50€, 100€ ή 150€. H gift card αποτελεί μια τέλεια επιλογή ...","site:.gr ""bags"" ""δωροκάρτα""",7,data\discovery\focused-harvest-v7-run1-backup\clean-v7\review.csv | data\discovery\mass-harvest-v5\clean-v5.1\review.csv | data\discovery\mass-harvest-v5\clean-v5.2\manual-review.csv | data\discovery\mass-harvest-v5\clean-v5.3\global-review.csv | data\discovery\mass-harvest-v5\clean-v5.4\review.csv | data\discovery\mass-harvest-v5\clean-v5.5\review.csv | data\discovery\mega-harvest-v6\clean-v6\review.csv,,SECOND_PASS_SAFE,greek_brand_coherent_direct_gift_card,GREEK_SAFE,greek_domain_second_pass_safe,AUTO_SAFE_GREECE,greek_tld_direct_title
85,puzzlehome.gr,Αγοράστε μία Δωροεπιταγή - Puzzlehome - Έπιπλα,https://www.puzzlehome.gr/index.php?route,Αγοράστε μία Δωροεπιταγή - Puzzlehome - Έπιπλα,Αγοράστε μία Δωροεπιταγή. Αυτή η δωροεπιταγή θα αποσταλεί μέ e-mail στον παραλήπτη αφού ολοκληρωθεί ή πληρωμή σας. Όνομα παραλήπτη. E-mail παραλήπτη. Το όνομα ...,"site:.gr ""home"" ""δωροεπιταγή""",1,data\discovery\focused-harvest-v7\clean-v7\review.csv,,SECOND_PASS_SAFE,greek_brand_coherent_direct_gift_card,GREEK_SAFE,greek_domain_second_pass_safe,AUTO_SAFE_GREECE,greek_tld_direct_title
80,rootshair.gr,Gift card | My Site - Roots Hair Salon,https://www.rootshair.gr/product-page/mini-usb-c-curl-tong,Gift card | My Site - Roots Hair Salon,Με την Gift Card από το Roots Hair Salon μπορούν να επιλέξουν την υπηρεσία που τους ταιριάζει και να απολαύσουν μια premium εμπειρία ανανέωσης. Το ιδανικό ...,"site:.gr ""hair salon"" ""gift card""",6,data\discovery\mass-harvest-v5\clean-v5.1\review.csv | data\discovery\mass-harvest-v5\clean-v5.2\manual-review.csv | data\discovery\mass-harvest-v5\clean-v5.3\global-review.csv | data\discovery\mass-harvest-v5\clean-v5.4\review.csv | data\discovery\mass-harvest-v5\clean-v5.5\review.csv | data\discovery\mega-harvest-v6\clean-v6\review.csv,,SECOND_PASS_SAFE,greek_brand_coherent_direct_gift_card,GREEK_SAFE,greek_domain_second_pass_safe,AUTO_SAFE_GREECE,greek_tld_direct_title
70,sandalista.gr,Sandalista Gift Card,https://sandalista.gr/en/p/wps_wgm_giftcard-2/sgc/?srsltid=AfmBOorW8nb9wlW-3lNiIP-b-r8Sp0EplZmYV_j8TH7FarpEkM967Z05,Sandalista Gift Card,"Veaki 64 PeristeriFree shipping, cash on delivery and exchanges! (+30) ... Women's Leather Bags. Clothing · Jackets. Shopping ...","""Peristeri"" ""bags"" ""gift card""",1,data\discovery\mega-harvest-v6\clean-v6\review.csv,,SECOND_PASS_SAFE,greek_brand_coherent_direct_gift_card,GREEK_SAFE,greek_domain_second_pass_safe,AUTO_SAFE_GREECE,greek_tld_direct_title
80,smarten.gr,Smarten,https://www.smarten.gr/katigoria/dorokarta/,Δωροκάρτα,Δωροκάρτα. Καλωσορίσατε στον κόσμο του S.M.ARTEN ... Δωροκάρτα (2). Collections. Μέταλλο. Χρώμα ... The S.M.ARTEN Experience. Δωρεάν Μεταφορικά. Κάντε ...,"site:.gr ""experience"" ""δωροκάρτα""",8,data\discovery\focused-harvest-v7\clean-v7\review.csv | data\discovery\focused-harvest-v7-run1-backup\clean-v7\review.csv | data\discovery\mass-harvest-v5\clean-v5.1\review.csv | data\discovery\mass-harvest-v5\clean-v5.2\manual-review.csv | data\discovery\mass-harvest-v5\clean-v5.3\global-review.csv | data\discovery\mass-harvest-v5\clean-v5.4\review.csv | data\discovery\mass-harvest-v5\clean-v5.5\review.csv | data\discovery\mega-harvest-v6\clean-v6\review.csv,,SECOND_PASS_SAFE,greek_brand_coherent_direct_gift_card,GREEK_SAFE,greek_domain_second_pass_safe,AUTO_SAFE_GREECE,greek_tld_direct_title
80,soandjos.gr,Soandjos,https://soandjos.gr/product/dorokarta/,Δωροκάρτα,"Αρχική σελίδα Kids Δωροκάρτα. Αναμονή εικόνας προϊόντος. Δωροκάρτα. 15,19 €. Σε απόθεμα. Δωροκάρτα ποσότητα ... Food Picks · Διάφορα Σχέδια · Κουζινα · Εργαλεία ...","site:.gr ""food"" ""δωροκάρτα""",8,data\discovery\focused-harvest-v7\clean-v7\review.csv | data\discovery\focused-harvest-v7-run1-backup\clean-v7\review.csv | data\discovery\mass-harvest-v5\clean-v5.1\review.csv | data\discovery\mass-harvest-v5\clean-v5.2\manual-review.csv | data\discovery\mass-harvest-v5\clean-v5.3\global-review.csv | data\discovery\mass-harvest-v5\clean-v5.4\review.csv | data\discovery\mass-harvest-v5\clean-v5.5\review.csv | data\discovery\mega-harvest-v6\clean-v6\review.csv,,SECOND_PASS_SAFE,greek_brand_coherent_direct_gift_card,GREEK_SAFE,greek_domain_second_pass_safe,AUTO_SAFE_GREECE,greek_tld_direct_title
80,somatherapy.gr,Somatherapy,https://somatherapy.gr/gift-certificate/,Δωροεπιταγές,Δωροεπιταγή SomaTherapy για να τη δωρίσετε στα πρόσωπα που αγαπάτε! Οι ... Το Soma Therapy Spa Λαγονήσι λειτουργεί καθημερινά – εκτός Κυριακής – τις ακόλουθες ...,"site:.gr ""spa"" ""δωροεπιταγή""",2,data\discovery\focused-harvest-v7\clean-v7\review.csv | data\discovery\focused-harvest-v7-run1-backup\clean-v7\review.csv,,SECOND_PASS_SAFE,greek_brand_coherent_direct_gift_card,GREEK_SAFE,greek_domain_second_pass_safe,AUTO_SAFE_GREECE,greek_tld_direct_title
80,soulbags.gr,SOUL bags Gentle · Calm · Conscious,https://www.soulbags.gr/products/%CE%BA%CE%AC%CF%81%CF%84%CE%B1-%CE%B4%CF%8E%CF%81%CE%BF%CF%85?srsltid,Δωροκάρτα - SOUL bags Gentle · Calm · Conscious,"SOUL bags Gentle · Calm · Conscious. Δωροκάρτα. Δωροκάρτα. Κανονική τιμή €8,90 EUR. Κανονική τιμή €10,00 EUR Τιμή έκπτωσης €8,90 EUR. Τιμή μονάδας / ανά.","site:.gr ""bags"" ""δωροκάρτα""",1,data\discovery\focused-harvest-v7\clean-v7\review.csv,,SECOND_PASS_SAFE,greek_brand_coherent_direct_gift_card,GREEK_SAFE,greek_domain_second_pass_safe,AUTO_SAFE_GREECE,greek_tld_direct_title
65,spaghettilab.gr,Gift Card Δωροκάρτα Spaghetti Lab | Το Πιο Νόστιμο Δώρο ...,https://spaghettilab.gr/products/gift-card?srsltid=AfmBOopIl07wn-At_GYte-aoKm5jRYawcFrtyF7CyJ7MUShe5cZma3k4,Gift Card Δωροκάρτα Spaghetti Lab | Το Πιο Νόστιμο Δώρο ...,"Το τέλειο δώρο για τους λάτρεις του 3D printing, του modeling και των DIY projects! Δεν είσαι σίγουρος αν θέλουν ένα high-performance τηλεκατευθυνόμενο DIY ...","site:.gr ""printing"" ""δωροκάρτα""",5,data\discovery\mass-harvest-v5\clean-v5.1\review.csv | data\discovery\mass-harvest-v5\clean-v5.2\manual-review.csv | data\discovery\mass-harvest-v5\clean-v5.3\global-review.csv | data\discovery\mass-harvest-v5\clean-v5.4\review.csv | data\discovery\mass-harvest-v5\clean-v5.5\review.csv,,SECOND_PASS_SAFE,greek_brand_coherent_direct_gift_card,GREEK_SAFE,greek_domain_second_pass_safe,AUTO_SAFE_GREECE,greek_tld_direct_title
55,sportvision.gr,Κατάστημα αθλητικών ειδών | Sport Vision,https://www.sportvision.gr/terms-and-conditions-for-the-gift-cards,Κατάστημα αθλητικών ειδών | Sport Vision,Η ελάχιστη αξία ανά δωροκάρτα είναι 20€ και η μέγιστη αξία είναι 300€ .Η δωροκάρτα μπορεί να χρησιμοποηθεί σε μια συναλλαγή και δεν μεταφέρετε το υπόλοιπο της.,"site:.gr ""outdoor"" ""δωροκάρτα""",1,data\discovery\mega-harvest-v6\clean-v6\review.csv,,SECOND_PASS_SAFE,greek_brand_coherent_direct_gift_card,GREEK_SAFE,greek_domain_second_pass_safe,AUTO_SAFE_GREECE,greek_tld_direct_url
80,stem-toys.gr,50 € - Stem Toys,https://stem-toys.gr/product/%CE%B4%CF%89%CF%81%CE%BF%CE%B5%CF%80%CE%B9%CF%84%CE%B1%CE%B3%CE%AE-50-e/,Δωροεπιταγή 50 € - Stem Toys,Δωροεπιταγή 50 € ... STEM toys · Παιχνίδια · Μαγνητικά; Εκπαιδευτικά Παζλ ...,"site:.gr ""toys"" ""δωροεπιταγή""",2,data\discovery\focused-harvest-v7\clean-v7\review.csv | data\discovery\focused-harvest-v7-run1-backup\clean-v7\review.csv,,SECOND_PASS_SAFE,greek_brand_coherent_direct_gift_card,GREEK_SAFE,greek_domain_second_pass_safe,AUTO_SAFE_GREECE,greek_tld_direct_title
80,suenobags.gr,Suenobags,https://suenobags.gr/product-page/%CE%B4%CF%89%CF%81%CE%BF%CE%BA%CE%AC%CF%81%CF%84%CE%B1/,Δωροκάρτα,"Suneno Bags - Τσάντες - Πλατεία Ομονοίας 25 Β, Αγ. Στέφανος, 145 65 Τηλ: 21 ... Δωροκάρτα. €42.50 – €850.00. Ποσό Δωροκάρτας. Κάντε μία επιλογή, €50.00 ...","site:.gr ""bags"" ""δωροκάρτα""",7,data\discovery\focused-harvest-v7-run1-backup\clean-v7\review.csv | data\discovery\mass-harvest-v5\clean-v5.1\review.csv | data\discovery\mass-harvest-v5\clean-v5.2\manual-review.csv | data\discovery\mass-harvest-v5\clean-v5.3\global-review.csv | data\discovery\mass-harvest-v5\clean-v5.4\review.csv | data\discovery\mass-harvest-v5\clean-v5.5\review.csv | data\discovery\mega-harvest-v6\clean-v6\review.csv,,SECOND_PASS_SAFE,greek_brand_coherent_direct_gift_card,GREEK_SAFE,greek_domain_second_pass_safe,AUTO_SAFE_GREECE,greek_tld_direct_title
85,swissvax.gr,for Car Lovers - Swissvax,https://swissvax.gr/en/products/geschenkgutschein?srsltid,Gift Voucher - for Car Lovers - Swissvax,The Swissvax Gift Voucher is the ideal gift for car lovers. The voucher is valid for all products and services in the Swissvax online shop – whether carnauba ...,"site:.gr ""gift voucher""",8,data\discovery\focused-harvest-v7\clean-v7\review.csv | data\discovery\focused-harvest-v7-run1-backup\clean-v7\review.csv | data\discovery\mass-harvest-v5\clean-v5.1\review.csv | data\discovery\mass-harvest-v5\clean-v5.2\manual-review.csv | data\discovery\mass-harvest-v5\clean-v5.3\global-review.csv | data\discovery\mass-harvest-v5\clean-v5.4\review.csv | data\discovery\mass-harvest-v5\clean-v5.5\review.csv | data\discovery\mega-harvest-v6\clean-v6\review.csv,,SECOND_PASS_SAFE,greek_brand_coherent_direct_gift_card,GREEK_SAFE,greek_domain_second_pass_safe,AUTO_SAFE_GREECE,greek_tld_direct_title
80,thermespa.gr,Thermespa,https://thermespa.gr/doroepitages/,Δωροκάρτες,"Wellness Body Spa ... Στην περίπτωση κατάθεσης του αντιτίμου, προωθούμε με e-mail σε ηλεκτρονική μορφή την Δωροκάρτα στον παραλήπτη, κοινοποιώντας τη παράλληλα ...","site:.gr ""wellness"" ""δωροκάρτα""",7,data\discovery\focused-harvest-v7-run1-backup\clean-v7\review.csv | data\discovery\mass-harvest-v5\clean-v5.1\review.csv | data\discovery\mass-harvest-v5\clean-v5.2\manual-review.csv | data\discovery\mass-harvest-v5\clean-v5.3\global-review.csv | data\discovery\mass-harvest-v5\clean-v5.4\review.csv | data\discovery\mass-harvest-v5\clean-v5.5\review.csv | data\discovery\mega-harvest-v6\clean-v6\review.csv,,SECOND_PASS_SAFE,greek_brand_coherent_direct_gift_card,GREEK_SAFE,greek_domain_second_pass_safe,AUTO_SAFE_GREECE,greek_tld_direct_title
85,toaromatiseftixias.gr,Toaromatiseftixias,https://toaromatiseftixias.gr/%CE%B4%CF%89%CF%81%CE%BF%CE%BA%CE%AC%CF%81%CF%84%CE%B1,Δωροκάρτα,Αγοράστε μία Δωροκάρτα αξίας από 10€ έως 150€. Το Άρωμα της Ευτυχίας σου δίνει την δυνατότητα να κάνεις ένα δώρο που θα αρέσει σε όλους.,"site:.gr ""δωροκάρτα""",8,data\discovery\focused-harvest-v7\clean-v7\review.csv | data\discovery\focused-harvest-v7-run1-backup\clean-v7\review.csv | data\discovery\mass-harvest-v5\clean-v5.1\review.csv | data\discovery\mass-harvest-v5\clean-v5.2\manual-review.csv | data\discovery\mass-harvest-v5\clean-v5.3\global-review.csv | data\discovery\mass-harvest-v5\clean-v5.4\review.csv | data\discovery\mass-harvest-v5\clean-v5.5\review.csv | data\discovery\mega-harvest-v6\clean-v6\review.csv,,SECOND_PASS_SAFE,greek_brand_coherent_direct_gift_card,GREEK_SAFE,greek_domain_second_pass_safe,AUTO_SAFE_GREECE,greek_tld_direct_title
80,tonycouper.com.gr,Tony Couper | Style Clothing,https://tonycouper.com.gr/product-category/dorokartes/,Δωροκάρτες – Tony Couper | Style Clothing,Δωροκάρτες. Tony Couper>; Προϊόντα>; Δωροκάρτες. Δεν βρέθηκε κανένα προϊόν που να ταιριάζει με την επιλογή σας. SOCIAL MEDIA. Ακουλουθήστε μας για να μαθαίνετε ...,"site:.com.gr ""δωροκάρτες""",3,data\discovery\focused-harvest-v7\clean-v7\review.csv | data\discovery\focused-harvest-v7-run1-backup\clean-v7\review.csv | data\discovery\mega-harvest-v6\clean-v6\review.csv,,SECOND_PASS_SAFE,greek_brand_coherent_direct_gift_card,GREEK_SAFE,greek_domain_second_pass_safe,AUTO_SAFE_GREECE,greek_tld_direct_title
85,toucanforkids.gr,Αγοράστε μία Δωροεπιταγή - Toucan for kids,https://toucanforkids.gr/index.php?route,Αγοράστε μία Δωροεπιταγή - Toucan for kids,Το καλάθι αγορών είναι άδειο! Login; Register. Toucan for kids| Βρεφικά/Παιδικά Είδη · Ένδυση και ρουχισμός ... Αυτή η δωροεπιταγή θα αποσταλεί μέ e-mail στον ...,"site:.gr ""kids"" ""δωροεπιταγή""",2,data\discovery\focused-harvest-v7\clean-v7\review.csv | data\discovery\focused-harvest-v7-run1-backup\clean-v7\review.csv,,SECOND_PASS_SAFE,greek_brand_coherent_direct_gift_card,GREEK_SAFE,greek_domain_second_pass_safe,AUTO_SAFE_GREECE,greek_tld_direct_title
80,toysfirst.gr,Toysfirst,https://toysfirst.gr/product/dorokarta/?srsltid=AfmBOorZgHqcLKKudF6BdErES24prvAOw6igBSREFZv1u4vNqCw7aUFx,Δωροκάρτα,Η δωροκάρτα ισχύει για ένα έτος από την ... Η δωροκάρτα μπορεί να χρησιμοποιηθεί και για αγορές στο φυσικό μας κατάστημα. ... Toys & more · Προϊόντα · Τιμές ...,"site:.gr ""toys"" ""δωροκάρτα""",8,data\discovery\focused-harvest-v7\clean-v7\review.csv | data\discovery\focused-harvest-v7-run1-backup\clean-v7\review.csv | data\discovery\mass-harvest-v5\clean-v5.1\review.csv | data\discovery\mass-harvest-v5\clean-v5.2\manual-review.csv | data\discovery\mass-harvest-v5\clean-v5.3\global-review.csv | data\discovery\mass-harvest-v5\clean-v5.4\review.csv | data\discovery\mass-harvest-v5\clean-v5.5\review.csv | data\discovery\mega-harvest-v6\clean-v6\review.csv,,SECOND_PASS_SAFE,greek_brand_coherent_direct_gift_card,GREEK_SAFE,greek_domain_second_pass_safe,AUTO_SAFE_GREECE,greek_tld_direct_title
85,trabakopoulos.gr,Αγοράστε μία Δωροεπιταγή - Trabakopoulos Jewelry,https://trabakopoulos.gr/index.php?route,Αγοράστε μία Δωροεπιταγή - Trabakopoulos Jewelry,Αγοράστε μία Δωροεπιταγή. Trabakopoulos Jewelry ... Αυτή η δωροεπιταγή θα αποσταλεί μέ e-mail στον παραλήπτη αφού ολοκληρωθεί ή πληρωμή σας.,"site:.gr ""jewelry"" ""δωροεπιταγή""",2,data\discovery\focused-harvest-v7\clean-v7\review.csv | data\discovery\focused-harvest-v7-run1-backup\clean-v7\review.csv,,SECOND_PASS_SAFE,greek_brand_coherent_direct_gift_card,GREEK_SAFE,greek_domain_second_pass_safe,AUTO_SAFE_GREECE,greek_tld_direct_title
80,vinoultura.gr,Vinoultura gift cart,https://www.vinoultura.gr/products/vinoultura-gift-cart?srsltid,Vinoultura gift cart - Δωροκάρτα,WINE | DELI | SPIRITS. WINE | DELI | SPIRITS. Facebook · Instagram · TikTok ... Vinoultura Gift Card. Δωροκάρτα: €10.00 €25.00 €50.00 €100.00 €150.00 €200.00,"site:.gr ""wine"" ""δωροκάρτα""",8,data\discovery\focused-harvest-v7\clean-v7\review.csv | data\discovery\focused-harvest-v7-run1-backup\clean-v7\review.csv | data\discovery\mass-harvest-v5\clean-v5.1\review.csv | data\discovery\mass-harvest-v5\clean-v5.2\manual-review.csv | data\discovery\mass-harvest-v5\clean-v5.3\global-review.csv | data\discovery\mass-harvest-v5\clean-v5.4\review.csv | data\discovery\mass-harvest-v5\clean-v5.5\review.csv | data\discovery\mega-harvest-v6\clean-v6\review.csv,,SECOND_PASS_SAFE,greek_brand_coherent_direct_gift_card,GREEK_SAFE,greek_domain_second_pass_safe,AUTO_SAFE_GREECE,greek_tld_direct_title
85,watches.trabakopoulos.gr,Αγοράστε μία Δωροεπιταγή - Trabakopoulos Watches,https://watches.trabakopoulos.gr/index.php?route,Αγοράστε μία Δωροεπιταγή - Trabakopoulos Watches,"Trabakopoulos Watches. 0 προϊόν(τα) - 0,00€ 0. O Λογαριασμός μου ... Αυτή η δωροεπιταγή θα αποσταλεί μέ e-mail στον παραλήπτη αφού ολοκληρωθεί ή πληρωμή σας.","site:.gr ""watches"" ""δωροεπιταγή""",2,data\discovery\focused-harvest-v7\clean-v7\review.csv | data\discovery\focused-harvest-v7-run1-backup\clean-v7\review.csv,,SECOND_PASS_SAFE,greek_brand_coherent_direct_gift_card,GREEK_SAFE,greek_domain_second_pass_safe,AUTO_SAFE_GREECE,greek_tld_direct_title
80,wellbee.gr,Δωροκάρτα - Wellbee Cosmetics,https://www.wellbee.gr/product/dwrokarta/,Δωροκάρτα - Wellbee Cosmetics,"VT Cosmetics · Wismin · About us · Επικοινωνία · 0 items. Menu. 0 items · Αρχική σελίδα ... Δωροκάρτα. 10,00 € – 100,00 € Price range: 10,00 € through 100,00 € ...","""cosmetics"" ""δωροκάρτα"" Greece",1,data\discovery\mega-harvest-v6\clean-v6\review.csv,,SECOND_PASS_SAFE,greek_brand_coherent_direct_gift_card,GREEK_SAFE,greek_domain_second_pass_safe,AUTO_SAFE_GREECE,greek_tld_direct_title
85,wooden-toys.gr,Αγοράστε μία Δωροεπιταγή - www.Wooden-Toys.gr,https://www.wooden-toys.gr/index.php?route,Αγοράστε μία Δωροεπιταγή - www.Wooden-Toys.gr,"www.Wooden-Toys.gr. 0 προϊόν(τα) - 0,00€ 0. All. All; Ξύλινα ... Αυτή η δωροεπιταγή θα αποσταλεί μέ e-mail στον παραλήπτη αφού ολοκληρωθεί ή πληρωμή σας.","site:.gr ""toys"" ""δωροεπιταγή""",2,data\discovery\focused-harvest-v7\clean-v7\review.csv | data\discovery\focused-harvest-v7-run1-backup\clean-v7\review.csv,,SECOND_PASS_SAFE,greek_brand_coherent_direct_gift_card,GREEK_SAFE,greek_domain_second_pass_safe,AUTO_SAFE_GREECE,greek_tld_direct_title
85,xaliglyfada.gr,A Gift That Lasts a Lifetime - XALIGLYFADA Gift card,https://www.xaliglyfada.gr/journal3/blog/post?journal_blog_post_id=40,A Gift That Lasts a Lifetime - XALIGLYFADA Gift card,"✨ A gift card today, a lifelong treasure tomorrow. Discover the Xali Glyfada Gift Card in-store or online, and give the gift of timeless beauty.","""Glyfada"" ""beauty"" ""gift card""",3,data\discovery\focused-harvest-v7\clean-v7\review.csv | data\discovery\focused-harvest-v7-run1-backup\clean-v7\review.csv | data\discovery\mega-harvest-v6\clean-v6\review.csv,,SECOND_PASS_SAFE,greek_brand_coherent_direct_gift_card,GREEK_SAFE,greek_domain_second_pass_safe,AUTO_SAFE_GREECE,greek_tld_direct_title
80,ydrospa.gr,Ydrospa,https://ydrospa.gr/%CE%B4%CF%89%CF%81%CE%BF%CE%BA%CE%AC%CF%81%CF%84%CE%B5%CF%82/,Δωροκάρτες,Ηλεκτρονική Δωροκάρτα (e-Gift Card) Δεν προλαβαίνετε να έρθετε από εδώ ... Blossom Spa | Developed By Blossom Themes. Powered by WordPress.,"site:.gr ""spa"" ""δωροκάρτα""",8,data\discovery\focused-harvest-v7\clean-v7\review.csv | data\discovery\focused-harvest-v7-run1-backup\clean-v7\review.csv | data\discovery\mass-harvest-v5\clean-v5.1\review.csv | data\discovery\mass-harvest-v5\clean-v5.2\manual-review.csv | data\discovery\mass-harvest-v5\clean-v5.3\global-review.csv | data\discovery\mass-harvest-v5\clean-v5.4\review.csv | data\discovery\mass-harvest-v5\clean-v5.5\review.csv | data\discovery\mega-harvest-v6\clean-v6\review.csv,,SECOND_PASS_SAFE,greek_brand_coherent_direct_gift_card,GREEK_SAFE,greek_domain_second_pass_safe,AUTO_SAFE_GREECE,greek_tld_direct_title
85,yourbabystore.gr,Yourbabystore,https://yourbabystore.gr/dorokartes/,Δωροκάρτες,Δωροκάρτες your baby store ... Θέλετε να χαρίσετε ένα δώρο χωρίς να κάνετε λάθος στο νούμερο ή το σχέδιο; Επιλέξτε να προσφέρετε μια δωροκάρτα Η δωροκάρτα σας ...,"site:.gr ""baby"" ""δωροκάρτα""",8,data\discovery\focused-harvest-v7\clean-v7\review.csv | data\discovery\focused-harvest-v7-run1-backup\clean-v7\review.csv | data\discovery\mass-harvest-v5\clean-v5.1\review.csv | data\discovery\mass-harvest-v5\clean-v5.2\manual-review.csv | data\discovery\mass-harvest-v5\clean-v5.3\global-review.csv | data\discovery\mass-harvest-v5\clean-v5.4\review.csv | data\discovery\mass-harvest-v5\clean-v5.5\review.csv | data\discovery\mega-harvest-v6\clean-v6\review.csv,,SECOND_PASS_SAFE,greek_brand_coherent_direct_gift_card,GREEK_SAFE,greek_domain_second_pass_safe,AUTO_SAFE_GREECE,greek_tld_direct_title
85,zooarea.gr,Αγοράστε μία Δωροεπιταγή - ZooArea Pet Shop Περιστέρι,https://www.zooarea.gr/index.php?route,Αγοράστε μία Δωροεπιταγή - ZooArea Pet Shop Περιστέρι,Core Wellness · Κλινικές Τροφές Σκύλου +. Purina · Animonda Integra Dog · Hills ... Αυτή η δωροεπιταγή θα αποσταλεί μέ e-mail στον παραλήπτη αφού ολοκληρωθεί ή ...,"site:.gr ""wellness"" ""δωροεπιταγή""",2,data\discovery\focused-harvest-v7\clean-v7\review.csv | data\discovery\focused-harvest-v7-run1-backup\clean-v7\review.csv,,SECOND_PASS_SAFE,greek_brand_coherent_direct_gift_card,GREEK_SAFE,greek_domain_second_pass_safe,AUTO_SAFE_GREECE,greek_tld_direct_title
85,zooparadise.gr,Zooparadise,https://zooparadise.gr/product/%CE%B4%CF%89%CF%81%CE%BF%CE%BA%CE%AC%CF%81%CF%84%CE%B1/?srsltid,Δωροκάρτα,Δωροκάρτα ; Pet shop & more. Made with Love for your Pet ; Επικοινωνία. Εξυπηρέτηση e-shop-Τηλ.Παραγγελίες. Δευτέρα έως Παρασκευή (09:00–18:00):. ☎️ 2109241860.,"site:.gr ""pet shop"" ""δωροκάρτα""",8,data\discovery\focused-harvest-v7\clean-v7\review.csv | data\discovery\focused-harvest-v7-run1-backup\clean-v7\review.csv | data\discovery\mass-harvest-v5\clean-v5.1\review.csv | data\discovery\mass-harvest-v5\clean-v5.2\manual-review.csv | data\discovery\mass-harvest-v5\clean-v5.3\global-review.csv | data\discovery\mass-harvest-v5\clean-v5.4\review.csv | data\discovery\mass-harvest-v5\clean-v5.5\review.csv | data\discovery\mega-harvest-v6\clean-v6\review.csv,,SECOND_PASS_SAFE,greek_brand_coherent_direct_gift_card,GREEK_SAFE,greek_domain_second_pass_safe,AUTO_SAFE_GREECE,greek_tld_direct_title
