status,giftCardId,merchantName,giftCardTitle,merchantDomain,categorySlug,score,reason,evidence
SAFE,cmta1fnrb0031q8iyg9sqt1g1,Niyamas-Yoga,Gift Card Niyamas - Ηλεκτρονική Δωροκάρτα 20,niyamas-yoga.com,spa-wellness,125,,operator-curated-exact-domain:niyamas-yoga.com
SAFE,cmta1hrkk00a2q8iy903vqpyl,Cavadelvino,Cavadelvino Gift Card,cavadelvino.gr,food-delivery,125,,operator-curated-exact-domain:cavadelvino.gr
SAFE,cmta1j5b400fqq8iyyo1vs0cc,Nextsystems,Δωροκάρτα Next Systems,nextsystems.gr,technology,125,,operator-curated-exact-domain:nextsystems.gr
SAFE,cmta1jnvb00huq8iy2rfxodu8,Techframe,Δωροκάρτα - TechFrame,techframe.gr,technology,125,,operator-curated-exact-domain:techframe.gr
SAFE,cmta1k33j00jmq8iy7dosx0mg,Wine24shop,Gift Card 20 euro - Wine24shop,wine24shop.gr,food-delivery,125,,operator-curated-exact-domain:wine24shop.gr
SAFE,cmta1k5f500jwq8iyplvt7fkz,Annamariamazaraki,Gift Card 50 euro. Give the gift of love to your beloved one ...,annamariamazaraki.gr,jewelry-watches,125,,operator-curated-exact-domain:annamariamazaraki.gr
SAFE,cmta1k78p00k4q8iyynk38nc7,Electrocrete,Στείλε την αγάπη σου και μια... δωροκάρτα,electrocrete.gr,technology,125,,operator-curated-exact-domain:electrocrete.gr
SAFE,cmta1kdpl00kuq8iyzx8o451e,Thewinezoo,Gift Card | Χαρίστε ένα ξεχωριστό δώρο από το The ...,thewinezoo.gr,food-delivery,125,,operator-curated-exact-domain:thewinezoo.gr
SAFE,cmta1kga700l4q8iynzxz5thg,Athinatzika,"Gift Card - Athina Tzika | Yoga, Pilates & Ολιστικές Θεραπείες",athinatzika.gr,spa-wellness,125,,operator-curated-exact-domain:athinatzika.gr
SAFE,cmta1liss00pgq8iyxm7nct5f,Instyleshop,Instyleshop Gift Card,instyleshop.gr,fashion,125,,operator-curated-exact-domain:instyleshop.gr
SAFE,cmta1m3z100rqq8iy4inaqyfz,Theplants,Gift Card - The Plants - Eshop - Φυτά εσωτερικού και ...,theplants.gr,home,125,,operator-curated-exact-domain:theplants.gr
SAFE,cmta1m5td00ryq8iyiwqmzlza,Cakeshop,Δωροκάρτα | Cakeshop Thessaloniki,cakeshop.gr,food-delivery,125,,operator-curated-exact-domain:cakeshop.gr
SAFE,cmta1mbsx00skq8iyktw9zbcx,Olive Era,Olive Era Gift Card,olive-era.gr,food-delivery,125,,operator-curated-exact-domain:olive-era.gr
SAFE,cmta1nlfj00xgq8iyfl7238ki,Philsgranola,Philsgranola Gift Card,philsgranola.gr,food-delivery,125,,operator-curated-exact-domain:philsgranola.gr
SAFE,cmta4yesu000xsciyi9f6b632,Dariayoga,Yoga Gift Card: Χάρισε Ευεξία & Εμπειρίες - Daria Yoga,dariayoga.gr,spa-wellness,125,,operator-curated-exact-domain:dariayoga.gr
SAFE,cmta4yw6q002xsciynztac1t7,Msystems,Msystems Δωροκάρτα 10e | Δωροκάρτες,msystems.gr,technology,125,,operator-curated-exact-domain:msystems.gr
SAFE,cmta4z8wh004dsciyp2mmpzw7,Wildsouls,Gift Card - Wild Souls,wildsouls.gr,food-delivery,125,,operator-curated-exact-domain:wildsouls.gr
SAFE,cmta5nucz001j54iyk2uep1aq,Myprotein,"Myprotein Gift Voucher, £50",myprotein.gr,sports,125,,operator-curated-exact-domain:myprotein.gr
SAFE,cmtb6ukrk00113giy3b51tyv1,Coffee Lovers,Coffee Lovers Gift Card,coffeelovers.gr,food-delivery,125,,operator-curated-exact-domain:coffeelovers.gr
SAFE,cmtb6uox1001m3giybq8qyts9,Francesca,Francesca Gift Card,francesca.gr,jewelry-watches,125,,operator-curated-exact-domain:francesca.gr
SAFE,cmtb77n4m003qdkiyjf9v5mzc,Topgreekwines,Gift voucher 50€,topgreekwines.gr,food-delivery,125,,operator-curated-exact-domain:topgreekwines.gr
REVIEW,cmt79idil000684iyx2gzjknp,attica,attica Gift Card,atticadps.gr,marketplaces:78,,AMBIGUOUS_CATEGORY_EVIDENCE,historical-category|data/discovery/mass/merchant-universe.csv:marketplaces_services
REVIEW,cmt79igbu001084iy7fkqj7p6,Lentiamo,Lentiamo Gift Card,lentiamo.gr,,,NO_CATEGORY_EVIDENCE,
REVIEW,cmt79ijk9001z84iy6v65mv8a,Sneaker10,Sneaker10 Gift Card,sneaker10.gr,fashion:78,,AMBIGUOUS_CATEGORY_EVIDENCE,historical-category|data/discovery/mass/merchant-universe.csv:fashion
REVIEW,cmt8fb02t000b6kiy7s4kft0t,Hondos Center,Hondos Center Gift Card,hondoscenter.com,beauty:78,,AMBIGUOUS_CATEGORY_EVIDENCE,historical-category|data/discovery/mass/merchant-universe.csv:beauty
REVIEW,cmt8fb3si000k6kiyq13oidum,Public,Public Gift Card,public.gr,books:78,,AMBIGUOUS_CATEGORY_EVIDENCE,historical-category|data/discovery/mass/merchant-universe.csv:books
REVIEW,cmt8gzro7000114iywjzh5sfg,JD Sports Greece,JD Sports Greece Gift Card,jdsports.gr,fashion:106 | sports:84,,AMBIGUOUS_CATEGORY_EVIDENCE,merchant-discovery-scan:fashion | historical-category|data/discovery/mass/merchant-universe.csv:fashion | unambiguous-merchant-keyword:sports
REVIEW,cmta1ev910005q8iyv5m8ybru,Lidl Greece,Δωροκάρτα Lidl,lidl-hellas.gr,restaurants:78,,AMBIGUOUS_CATEGORY_EVIDENCE,historical-category|data/discovery/mass/merchant-universe.csv:food_restaurants
REVIEW,cmta1f09t000nq8iyx3uehika,Adagio,Adagio Gift Voucher 200 euro,adagio.gr,,,NO_CATEGORY_EVIDENCE,
REVIEW,cmta1f16s000rq8iy7vke82nt,John-Andy,JOHN-ANDY Δωροεπιταγή 20 Ευρώ,john-andy.com,,,NO_CATEGORY_EVIDENCE,
REVIEW,cmta1f1n7000tq8iylhz55ztt,Msba Events,Msba Events Gift Card,msba-events.gr,,,NO_CATEGORY_EVIDENCE,
REVIEW,cmta1f2ys000zq8iy7gecoj9o,Papachatzis,Papachatzis Gift Card,papachatzis.com,,,NO_CATEGORY_EVIDENCE,
REVIEW,cmta1f3cy0011q8iy2c3kuujw,Perdikis,ΕΥΧΕΤΗΡΙΑ ΚΑΡΤΑ ΓΙΑ ΧΡΗΜΑΤΑ (ΜΠΙΛΙΕΤΑΚΙ) PICTURA ΟΥΡΑΝΙΟ ΤΟΞΟ 19926,perdikis.gr,,,NO_CATEGORY_EVIDENCE,
REVIEW,cmta1f4810013q8iymlrt4857,P Kontopoulos,Δωροκάρτα P Kontopoulos,pkontopoulos.com,,,NO_CATEGORY_EVIDENCE,
REVIEW,cmta1f52d0015q8iyugckloir,Mar & Mar,Mar & Mar Gift Card,marandmar.gr,,,NO_CATEGORY_EVIDENCE,
REVIEW,cmta1f5j70017q8iy3ul3t87x,arfie.gr,Arfie Gift Card,arfie.gr,,,NO_CATEGORY_EVIDENCE,
REVIEW,cmta1f6hg001bq8iycdt6d9uu,Hoper,Δωροκάρτα HOPER,hoper.gr,,,NO_CATEGORY_EVIDENCE,
REVIEW,cmta1f6xk001dq8iy0rtydwan,Top-Style,Δωροκάρτα,top-style.gr,,,NO_CATEGORY_EVIDENCE,
REVIEW,cmta1f7sv001hq8iy1icrtpiv,Tziouti-alexandra,Δώρο Επιταγή,tziouti-alexandra.gr,,,NO_CATEGORY_EVIDENCE,
REVIEW,cmta1f888001jq8iyip6oud9c,Theodorou.Shop,e-Δωροκάρτα | 300,theodorou.shop,,,NO_CATEGORY_EVIDENCE,
REVIEW,cmta1f8o2001lq8iy7sedywm0,Greenpeace,Δωροκάρτα,greenpeacegreece.org,,,NO_CATEGORY_EVIDENCE,
REVIEW,cmta1f957001nq8iyxp1qe8ac,Ehunter,Δωροκάρτα Ehunter,ehunter.gr,,,NO_CATEGORY_EVIDENCE,
REVIEW,cmta1fa1z001rq8iyz9bikmb5,DigiShark,Δωροκάρτα 25,digishark.gr,,,NO_CATEGORY_EVIDENCE,
REVIEW,cmta1faxg001vq8iy39nw940w,Mentzos,Mentzos Gift Card,mentzos.gr,,,NO_CATEGORY_EVIDENCE,
REVIEW,cmta1fc87001zq8iyhzmjutaj,Mastorino,Δωροκάρτα Next Systems,mastorino.gr,,,NO_CATEGORY_EVIDENCE,
REVIEW,cmta1fdif0023q8iyiy7dqia1,StefanouMarine,ΔΩΡΟΚΑΡΤΑ STEFANOU MARINE,stefanoumarine.net,,,NO_CATEGORY_EVIDENCE,
REVIEW,cmta1fdz30025q8iyjgn4n03r,O-Biotique,"Ελεκτρονική Δωροκάρτα O-Biotique 50,00",obiotique.com,,,NO_CATEGORY_EVIDENCE,
REVIEW,cmta1feem0027q8iy70t8vano,AngryNerd,Δωροκάρτα,angrynerd.gr,,,NO_CATEGORY_EVIDENCE,
REVIEW,cmta1ffa4002bq8iy5k6w34t1,Shopdali,DA|LI Gift Card 50,shopdali.gr,,,NO_CATEGORY_EVIDENCE,
REVIEW,cmta1fgap002dq8iyswsnc8wa,Niceyou,Gift Card 100,niceyou.gr,,,NO_CATEGORY_EVIDENCE,
REVIEW,cmta1fhpc002fq8iydkzv0m1y,e-Mamouth,ΔΩΡΟΕΠΙΤΑΓΗ,e-mamouth.gr,,,NO_CATEGORY_EVIDENCE,
REVIEW,cmta1fj1o002lq8iyo5np81fy,Ipatios,Δωροκάρτα 100,ipatios.gr,,,NO_CATEGORY_EVIDENCE,
REVIEW,cmta1flev002rq8iyn4j6f4f1,Kounio,Δωροκάρτα - Gift Card - 25,kounio.gr,,,NO_CATEGORY_EVIDENCE,
REVIEW,cmta1fmuj002xq8iywjvgu2jh,e-Stathatos,e-Stathatos Gift Card,e-stathatos.gr,,,NO_CATEGORY_EVIDENCE,
REVIEW,cmta1fnc4002zq8iy3yrpxjfz,Ekklisiastika Karditsa,Κολώνας Δωροκάρτα 50,ekklisiastikakarditsa.gr,,,NO_CATEGORY_EVIDENCE,
REVIEW,cmta1foot0035q8iyj3zj3bf1,Chicbee,Δωροκάρτα 20,chicbee.gr,,,NO_CATEGORY_EVIDENCE,
REVIEW,cmta1fpyi0039q8iyyzfu0kma,Pragmatic,Pragmatic Gift Voucher 100,pragmatic.gr,,,NO_CATEGORY_EVIDENCE,
REVIEW,cmta1frh2003dq8iyqvrgxoji,Tinycocoon,Δωροκάρτα,tinycocoon.gr,,,NO_CATEGORY_EVIDENCE,
REVIEW,cmta1fsds003hq8iywvbrxbq7,LIAKOPOULOS Brands Store,GIFTCARD 100 (Δωροκάρτα),liakopoulos-store.gr,,,NO_CATEGORY_EVIDENCE,
REVIEW,cmta1fsu3003jq8iy5qqq6jin,Ergaleiogatos,30 EUR,ergaleiogatos.gr,,,NO_CATEGORY_EVIDENCE,
REVIEW,cmta1ftak003lq8iyqic1n4x7,Barequip.gr,"Δωροκάρτες 100,00",barequip.gr,,,NO_CATEGORY_EVIDENCE,
REVIEW,cmta1fu97003pq8iyip5e1paw,Z-Ergaleia,Δωροκάρτα 300,z-ergaleia.gr,,,NO_CATEGORY_EVIDENCE,
REVIEW,cmta1fuql003rq8iykfccc6hy,iloveprints,For Your Buddle of Joy - Card,iloveprints.gr,,,NO_CATEGORY_EVIDENCE,
REVIEW,cmta1fx6k003zq8iyp4u2p94m,Central,Central Δωροκάρτα,centraleshop.gr,,,NO_CATEGORY_EVIDENCE,
REVIEW,cmta1fxm40041q8iyf19nk7km,iQueens,iQueens: Το Ιδανικό Δώρο! Δωροκάρτες από 20€ έως 400€,iqueens.gr,,,NO_CATEGORY_EVIDENCE,
REVIEW,cmta1fy150043q8iy1gell6w5,XXXL Leo,XXXL Leo Δωροεπιταγή – Το ιδανικό δώρο για κάθε περίσταση,xxxl.gr,,,NO_CATEGORY_EVIDENCE,
REVIEW,cmta1fygo0045q8iypmd5evvg,HerbStore,HerbStore Δωροκάρτα,herbstore.gr,,,NO_CATEGORY_EVIDENCE,
REVIEW,cmta1fza40049q8iyylawabqi,Stan & Stefan,Stan & Stefan δωροκάρτα,stan-stefan.gr,,,NO_CATEGORY_EVIDENCE,
REVIEW,cmta1g1hr004dq8iyf2v0rt9r,Me and Joe,Me and Joe Δωροκάρτα Gift Card,meandjoe.com,,,NO_CATEGORY_EVIDENCE,
REVIEW,cmta1g1xp004fq8iycs60b0nu,Red Raven Eyewear,Red Raven Eyewear Δωροκάρτα Gift Card,myredraven.com,,,NO_CATEGORY_EVIDENCE,
REVIEW,cmta1g2s8004jq8iyfscrgkeo,Anthemion Flowers,Anthemion Flowers Δωροκάρτα,anthemionflowers.com,,,NO_CATEGORY_EVIDENCE,
REVIEW,cmta1gaap0050q8iy7unbnpt4,Dwrokartes,Public Δωροκάρτα Δωροεπιταγή eGift Card ~ Dwrokartes.gr,dwrokartes.gr,,,NO_CATEGORY_EVIDENCE,
REVIEW,cmta1gcgz005aq8iybkijogn9,Cardlink,Υπηρεσία Διαχείρισης Δωροκάρτας | Cardlink giftcard,cardlink.gr,,,NO_CATEGORY_EVIDENCE,
REVIEW,cmta1gdar005eq8iym6dznhq7,Haritidis,Haritidis Gift Card,haritidis.gr,,,NO_CATEGORY_EVIDENCE,
REVIEW,cmta1ggkw005uq8iy28do8tfm,Alova,MISS KAY E-GIFT CARD,alova.gr,,,NO_CATEGORY_EVIDENCE,
REVIEW,cmta1ggzv005wq8iycyfz8c2j,Antonella,Antonella Gift Card,antonella.gr,,,NO_CATEGORY_EVIDENCE,
REVIEW,cmta1ghdm005yq8iy044r8ucx,Artmie,Δωροεπιταγή ARTMiE - Το ιδανικό δώρο για κάθε καλλιτέχνη,artmie.gr,,,NO_CATEGORY_EVIDENCE,
REVIEW,cmta1gi8v0060q8iyfp9c7xcp,Atenea,eGift Card - Atenea,atenea.gr,,,NO_CATEGORY_EVIDENCE,
REVIEW,cmta1gjmw0064q8iyp4k4wngo,Coronadifiori,Gift Card white,coronadifiori.gr,,,NO_CATEGORY_EVIDENCE,
REVIEW,cmta1gkq30066q8iy4xwfkmos,Dimasis,Gift Card - Δωροκάρτα,dimasis.gr,,,NO_CATEGORY_EVIDENCE,
REVIEW,cmta1glhk0068q8iybstkemvl,Drumstore,Αγοράστε μία Δωροεπιταγή,drumstore.gr,,,NO_CATEGORY_EVIDENCE,
REVIEW,cmta1gmek006cq8iydgmxqz91,Fotiadou Shop,Προσφορές: Δωροκάρτα,fotiadou-shop.gr,,,NO_CATEGORY_EVIDENCE,
REVIEW,cmta1gmvk006eq8iyr5aywy4s,Goldmall,ΔΩΡΟΕΠΙΤΑΓΗ για ​Γεύμα ή Δείπνο 2 Ατόμων μόλις με 10 ...,goldmall.gr,,,NO_CATEGORY_EVIDENCE,
REVIEW,cmta1gpbv006mq8iyibjbd4ff,Kaktos,ΔΩΡΟΚΑΡΤΑ,kaktos.gr,,,NO_CATEGORY_EVIDENCE,
REVIEW,cmta1gqc2006qq8iyv2lcifad,Keriland,Δωροκάρτα,keriland.gr,,,NO_CATEGORY_EVIDENCE,
REVIEW,cmta1grv5006uq8iye4j038gk,Laloo,Laloo Gift Card 30€,laloo.gr,,,NO_CATEGORY_EVIDENCE,
REVIEW,cmta1guky0076q8iyyrgj7o17,Petradi,Όροι χρήσης δωροκάρτας,petradi.com.gr,,,NO_CATEGORY_EVIDENCE,
REVIEW,cmta1gx4n007eq8iyvpk85t6j,Sfsonline,Ηλεκτρονική Δωροκάρτα SFS Online,sfsonline.gr,,,NO_CATEGORY_EVIDENCE,
REVIEW,cmta1gyhu007kq8iyogz7y232,Trouvaille,Ψηφιακή Δωροκάρτα - Gift Card,trouvaille.gr,,,NO_CATEGORY_EVIDENCE,
REVIEW,cmta1gzev007oq8iyr3kfe0e4,Tsinekidis,Δωροκάρτα,tsinekidis.gr,,,NO_CATEGORY_EVIDENCE,
REVIEW,cmta1gzur007qq8iy50tthpsi,Tuasolea,Δωροκάρτα με αξία της επιλογής σας,tuasolea.gr,,,NO_CATEGORY_EVIDENCE,
REVIEW,cmta1h0ab007sq8iyxev6cx5s,Undergroundshop,GIFTCARD 10 EURO GIFTCARD_1,undergroundshop.gr,,,NO_CATEGORY_EVIDENCE,
REVIEW,cmta1h1jb007yq8iyaodysa7z,Xryseio,Gift Card - Δωροκάρτα,xryseio.gr,,,NO_CATEGORY_EVIDENCE,
REVIEW,cmta1h21j0080q8iy2mxlo3y6,Xxlove,GIFTCARD - XXLove,xxlove.gr,,,NO_CATEGORY_EVIDENCE,
REVIEW,cmta1h8iz008aq8iyiv9p9gbg,Aggouris,Giftcard - Ιεροραφείο Αγγούρη,aggouris.gr,,,NO_CATEGORY_EVIDENCE,
REVIEW,cmta1h9hs008cq8iygekf2u6w,Alhammam,Δωροκάρτα,alhammam.gr,,,NO_CATEGORY_EVIDENCE,
REVIEW,cmta1hb5r008iq8iyqvjs32oy,Ammashop,GIFT CARD 100€ - ammashop,ammashop.gr,,,NO_CATEGORY_EVIDENCE,
REVIEW,cmta1hdl9008mq8iy0bgrltgd,Anemos,Anemos Gift Card,anemos.gr,,,NO_CATEGORY_EVIDENCE,
REVIEW,cmta1hfcn008sq8iy6i2fe0bp,Artcolour,Art & Colour Gift Card - €200,artcolour.gr,,,NO_CATEGORY_EVIDENCE,
REVIEW,cmta1hhpi0090q8iyoykewtm8,Batterypark,ΔΩΡΟΕΠΙΤΑΓΗ - batterypark.gr,batterypark.gr,,,NO_CATEGORY_EVIDENCE,
REVIEW,cmta1hiz30092q8iyqu6sq314,Bbq,Δωροκάρτα αξίας 1.000€,bbq.gr,,,NO_CATEGORY_EVIDENCE,
REVIEW,cmta1hmge009iq8iyqi3nmyl6,Bilanis,Δωροκάρτα - Bilanis.gr,bilanis.gr,,,NO_CATEGORY_EVIDENCE,
REVIEW,cmta1hp7z009uq8iycpmhq9bh,Bylia,Ηλεκτρονική Δωροκάρτα,bylia.gr,,,NO_CATEGORY_EVIDENCE,
REVIEW,cmta1hpnc009wq8iyllivlokf,Bymeraki,Δωροκάρτα,bymeraki.gr,,,NO_CATEGORY_EVIDENCE,
REVIEW,cmta1hq38009yq8iyiiaeil9q,Cameoshatter,Δωροκάρτα,cameoshatter.gr,,,NO_CATEGORY_EVIDENCE,
REVIEW,cmta1hs0500a4q8iy6cmwyvew,Cavallo,Cavallo e-gift card - Δωροκάρτα Αξίας 20€,cavallo.gr,,,NO_CATEGORY_EVIDENCE,
REVIEW,cmta1hsvt00a8q8iyytrqyafs,Climber,Giftcard - Climber,climber.gr,,,NO_CATEGORY_EVIDENCE,
REVIEW,cmta1hu9000aeq8iyf1hinujd,Coolclub,Αγόρασε μία Cool Club δωροκάρτα!,coolclub.gr,,,NO_CATEGORY_EVIDENCE,
REVIEW,cmta1hupw00agq8iysdyh5to2,Cre T E,Κατηγορία: δωροκάρτα,cre-t-e.gr,,,NO_CATEGORY_EVIDENCE,
REVIEW,cmta1hvnc00aiq8iy7f43du8p,Dbsounds,e-Gift Card (Hλεκτρονική Δωροκάρτα) 500€,dbsounds.gr,,,NO_CATEGORY_EVIDENCE,
REVIEW,cmta1hxh400aqq8iydqh4pfek,Dmcreations,Αγοράστε μία Δωροκάρτα,dmcreations.gr,,,NO_CATEGORY_EVIDENCE,
REVIEW,cmta1hyw300awq8iy0hlig2se,Driverstation,Δωροκαρτα - DriverStation,driverstation.gr,,,NO_CATEGORY_EVIDENCE,
REVIEW,cmta1hzcr00ayq8iyu768hevz,E Gatos,Gift Card | Παιδικά παπούτσια & αξεσουάρ,e-gatos.gr,,,NO_CATEGORY_EVIDENCE,
REVIEW,cmta1i4s700b8q8iy5xesqkh9,Elegancy,Elegancy Gift Card,elegancy.gr,,,NO_CATEGORY_EVIDENCE,
REVIEW,cmta1i5ow00bcq8iy4ias4nkm,Enzzo,Enzzo Gift Card,enzzo.gr,,,NO_CATEGORY_EVIDENCE,
REVIEW,cmta1i6dl00beq8iybqfqttuj,Erero,Erero Gift Card,erero.gr,,,NO_CATEGORY_EVIDENCE,
REVIEW,cmta1i6tf00bgq8iy6y8081p1,Eubiotica,gift card - Eubiotica Super Teas,eubiotica.gr,,,NO_CATEGORY_EVIDENCE,
REVIEW,cmta1i7re00bkq8iy908fe98b,Extremepro,1. στοιχεια δωροκαρτας,extremepro.gr,,,NO_CATEGORY_EVIDENCE,
REVIEW,cmta1i86000bmq8iy5atelyii,Eyemazing,Ψηφιακή δωροκάρτα Eyemazing - Χωρίς κατηγορία,eyemazing.gr,,,NO_CATEGORY_EVIDENCE,
REVIEW,cmta1i8n300boq8iydt4qw67b,Fantasea,Δωροεπιταγή 100,fantasea.gr,,,NO_CATEGORY_EVIDENCE,
REVIEW,cmta1i93400bqq8iyekp0bc5g,Fisika,E-Gift Card - Fisika,fisika.gr,,,NO_CATEGORY_EVIDENCE,
REVIEW,cmta1iast00byq8iyu8sip87d,Gabi,Gift Card - Gabi,gabi.gr,,,NO_CATEGORY_EVIDENCE,
REVIEW,cmta1ib7s00c0q8iydisho748,Giannopoulos,Giannopoulos Gift Card,giannopoulos.gr,,,NO_CATEGORY_EVIDENCE,
REVIEW,cmta1icjl00c6q8iyfzuzk0o3,Haralas,Δωροκάρτες,haralas.gr,,,NO_CATEGORY_EVIDENCE,
REVIEW,cmta1icyu00c8q8iytwvndmek,Harmanis,Δωροεπιταγή 300 ευρώ,harmanis.gr,,,NO_CATEGORY_EVIDENCE,
REVIEW,cmta1if9800ciq8iyclu1fq49,Hellenicorchids,ΔΩΡΟΚΑΡΤΑ • Ελληνικές Ορχιδέες,hellenicorchids.gr,,,NO_CATEGORY_EVIDENCE,
REVIEW,cmta1ifps00ckq8iyi49yyp5r,Hepta,Hepta's eGift Card,hepta.gr,,,NO_CATEGORY_EVIDENCE,
REVIEW,cmta1ih5a00coq8iy028nylzo,Hotelshops,e-Gift Card - To Τέλειο δώρο,hotelshops.gr,,,NO_CATEGORY_EVIDENCE,
REVIEW,cmta1ihz900csq8iy52zsyahm,Imanoglou,Δωροκάρτα,imanoglou.gr,,,NO_CATEGORY_EVIDENCE,
REVIEW,cmta1iied00cuq8iyft8338to,Inspiral,Gift Cards - Δωροκάρτα,inspiral.gr,,,NO_CATEGORY_EVIDENCE,
REVIEW,cmta1ijyo00d2q8iymi2v9yma,Jonak,Ηλεκτρονική Δωροκάρτα - Jonak,jonak.gr,,,NO_CATEGORY_EVIDENCE,
REVIEW,cmta1ilzk00d8q8iy2h8zeglu,Kazi,Gift Card 80,kazi.gr,,,NO_CATEGORY_EVIDENCE,
REVIEW,cmta1in6000deq8iyzrf26jcw,Kois Optics,Kois Optics Gift Card,kois-optics.gr,,,NO_CATEGORY_EVIDENCE,
REVIEW,cmta1ioio00dkq8iyn3i3z7k3,Led7,E-Gift Card,led7.gr,,,NO_CATEGORY_EVIDENCE,
REVIEW,cmta1ipsc00dqq8iyvmd0xco3,Liberal,"Δωροκάρτα ΙΚΕΑ: Tο ιδανικό δώρο για κάθε περίσταση, ...",liberal.gr,,,NO_CATEGORY_EVIDENCE,
REVIEW,cmta1iq6a00dsq8iywi2dgg09,Lilidrogerie,Lilidrogerie Gift Card,lilidrogerie.gr,,,NO_CATEGORY_EVIDENCE,
REVIEW,cmta1iqkv00duq8iypnyr33u4,Luigi,ποσο δωροκαρτας,luigi.com.gr,,,NO_CATEGORY_EVIDENCE,
REVIEW,cmta1ircx00dyq8iygrrclm5b,Maiarea,GIFT CARD-ΔΩΡΟΕΠΙΤΑΓΗ,maiarea.gr,,,NO_CATEGORY_EVIDENCE,
REVIEW,cmta1iskl00e4q8iy4blzttgs,Maralcrafts,Gift Card 50 Euro - Maral Crafts,maralcrafts.gr,,,NO_CATEGORY_EVIDENCE,
REVIEW,cmta1iszf00e6q8iyhvyjlqm9,Marketfix,Gift Card Niyamas - Ηλεκτρονική Δωροκάρτα 20€,marketfix.gr,,,NO_CATEGORY_EVIDENCE,
REVIEW,cmta1itdc00e8q8iy8qkpk1e1,Materiaprima,Δωροκάρτα 70 - materiaprima,materiaprima.gr,,,NO_CATEGORY_EVIDENCE,
REVIEW,cmta1iuk000eeq8iyfaeygi3b,Mdi,Mdi Gift Card,mdi.gr,,,NO_CATEGORY_EVIDENCE,
REVIEW,cmta1ix8a00esq8iyx9vwmckf,Mikelidis,Δώρα :: Gift Card :: Gift Card 300 €,mikelidis.gr,,,NO_CATEGORY_EVIDENCE,
REVIEW,cmta1ixm400euq8iy6w8fh6ah,Misa,MISA E-GIFT Card,misa.gr,,,NO_CATEGORY_EVIDENCE,
REVIEW,cmta1iy0a00ewq8iyav1zn7nb,Moelian,Moelian Gift Card,moelian.gr,,,NO_CATEGORY_EVIDENCE,
REVIEW,cmta1iyw100f0q8iyyl3g2m31,Motovinios,ΔΩΡΟΚΑΡΤΑ 100€ Το καλύτερο δώρο για τα αγαπημένα ...,motovinios.gr,,,NO_CATEGORY_EVIDENCE,
REVIEW,cmta1iz9l00f2q8iyi8h5dd3j,Moustakisfc,Ψηφιακή δωροκάρτα,moustakisfc.gr,,,NO_CATEGORY_EVIDENCE,
REVIEW,cmta1izn900f4q8iyb8ps8p5a,Movelab,Gift Card | Move Lab Koropi,movelab.gr,,,NO_CATEGORY_EVIDENCE,
REVIEW,cmta1j01o00f6q8iy4fta6xj4,Musicworks,Δωροκάρτα - Music Works Shop,musicworks.gr,,,NO_CATEGORY_EVIDENCE,
REVIEW,cmta1j0st00f8q8iyavkhvjm3,Muststore,Gift Card | Must Store,muststore.gr,,,NO_CATEGORY_EVIDENCE,
REVIEW,cmta1j1af00faq8iyw0v4fvvw,Mycolours,Athina Balasi My Colours | eGift Card,mycolours.gr,,,NO_CATEGORY_EVIDENCE,
REVIEW,cmta1j1rt00fcq8iyyrjwj6oi,Mymarket,Δωροεπιταγές My market,mymarket.gr,,,NO_CATEGORY_EVIDENCE,
REVIEW,cmta1j29v00feq8iyhuj3tzwe,Myran,Myran Giftcard,myran.gr,,,NO_CATEGORY_EVIDENCE,
REVIEW,cmta1j2rw00fgq8iydjopixyl,Myrtia,Myrtia Gift Card,myrtia.gr,,,NO_CATEGORY_EVIDENCE,
REVIEW,cmta1j3ad00fiq8iyn7woqbcd,Naftemporiki,"ΔΩΡΟΚΑΡΤΑ ΙΚΕΑ: Tο ιδανικό δώρο για κάθε περίσταση, ...",naftemporiki.gr,,,NO_CATEGORY_EVIDENCE,
REVIEW,cmta1j3sy00fkq8iyg4q8u153,Natprod,Δωροκάρτα,natprod.gr,,,NO_CATEGORY_EVIDENCE,
REVIEW,cmta1j4b000fmq8iypks872xe,Naturalhealth,Δωροκάρτα | Natural Health,naturalhealth.gr,,,NO_CATEGORY_EVIDENCE,
REVIEW,cmta1j4ro00foq8iybo0bc5uh,Nespo,Ηλεκτρονική Δωροκάρτα Nespo,nespo.gr,,,NO_CATEGORY_EVIDENCE,
REVIEW,cmta1j5sk00fsq8iyl71inf5f,Oser,Oser Gift Card,oser.gr,,,NO_CATEGORY_EVIDENCE,
REVIEW,cmta1j6rb00fwq8iyoium168p,Pargaoro,ΔΩΡΟΚΑΡΤΑ - pargaoro.gr,pargaoro.gr,,,NO_CATEGORY_EVIDENCE,
REVIEW,cmta1j77e00fyq8iyr9b9nm78,Parnass,Gift card Parnass 120,parnass.gr,,,NO_CATEGORY_EVIDENCE,
REVIEW,cmta1j8og00g4q8iyvg84dauk,Pethellas,Δωροκάρτα,pethellas.gr,,,NO_CATEGORY_EVIDENCE,
REVIEW,cmta1j9kr00g8q8iytr87lk32,Petvet24,Δωροκάρτα (Gift Card),petvet24.gr,,,NO_CATEGORY_EVIDENCE,
REVIEW,cmta1ja1u00gaq8iypniunt0y,Pezzetta,Pezzetta eGift Card,pezzetta.gr,,,NO_CATEGORY_EVIDENCE,
REVIEW,cmta1jaht00gcq8iyymttuqej,Playroot,Δωροκάρτα,playroot.gr,,,NO_CATEGORY_EVIDENCE,
REVIEW,cmta1jbve00giq8iy0kcyt5ns,Prasinoselefantas,Ψηφιακή Κάρτα Δώρου egift card,prasinoselefantas.gr,,,NO_CATEGORY_EVIDENCE,
REVIEW,cmta1jcvk00gmq8iyrx516n5h,Ptbox,Gift Card - PT Box,ptbox.gr,,,NO_CATEGORY_EVIDENCE,
REVIEW,cmta1jdf100goq8iymwne5top,Sandglass,Δωροκάρτα - Sandglass.gr by Ammos & Gyali,sandglass.gr,,,NO_CATEGORY_EVIDENCE,
REVIEW,cmta1jebk00gsq8iy1xtjtw90,Signature,Ταξιδιωτική δωροεπιταγή : το καλύτερο δώρο!,signature.gr,,,NO_CATEGORY_EVIDENCE,
REVIEW,cmta1jewr00guq8iysneicire,Simple City,Δωροκάρτα,simple-city.gr,,,NO_CATEGORY_EVIDENCE,
REVIEW,cmta1jfeg00gwq8iyzwet61xe,Skinky,Skinky Gift Card,skinky.gr,,,NO_CATEGORY_EVIDENCE,
REVIEW,cmta1jfvm00gyq8iy0cpkveho,Skynn,Skynn Gift Card,skynn.gr,,,NO_CATEGORY_EVIDENCE,
REVIEW,cmta1jgb900h0q8iyso43fmmm,Sokmi,Gift card - Δωροκάρτα,sokmi.gr,,,NO_CATEGORY_EVIDENCE,
REVIEW,cmta1jgrc00h2q8iylmuzku7m,Sonice,Gift Card 50 -,sonice.gr,,,NO_CATEGORY_EVIDENCE,
REVIEW,cmta1jh6200h4q8iylaxoti6y,Sounou,δωροκάρτα για παιδικά ρούχα,sounou.gr,,,NO_CATEGORY_EVIDENCE,
REVIEW,cmta1jijd00haq8iy0wkujph9,Stickit,Δωροεπιταγή 10 € - 100 €,stickit.gr,,,NO_CATEGORY_EVIDENCE,
REVIEW,cmta1jj2z00hcq8iy8m07iarh,Sticky,Δωροκαρτα Sticky,sticky.gr,,,NO_CATEGORY_EVIDENCE,
REVIEW,cmta1jjkg00heq8iyq7zpj3cf,Storegreece,e-Gift Card,storegreece.gr,,,NO_CATEGORY_EVIDENCE,
REVIEW,cmta1jk1x00hgq8iyhbyiv7pp,Storybook,e-Gift Card - storybook,storybook.gr,,,NO_CATEGORY_EVIDENCE,
REVIEW,cmta1jkmg00hiq8iyeoo1j71v,Strata Shop,Δωροκάρτα - strata-shop.gr,strata-shop.gr,,,NO_CATEGORY_EVIDENCE,
REVIEW,cmta1jl4p00hkq8iyfg4jho4h,Sunsandclouds,Sunsandclouds Gift Card,sunsandclouds.gr,,,NO_CATEGORY_EVIDENCE,
REVIEW,cmta1jlnm00hmq8iy6safgwzd,Superstrom,e-Gift Card,superstrom.gr,,,NO_CATEGORY_EVIDENCE,
REVIEW,cmta1jm6i00hoq8iy9v4u5xg5,T Support,Ηλεκτρονική Δωροκάρτα,t-support.gr,,,NO_CATEGORY_EVIDENCE,
REVIEW,cmta1jmup00hqq8iy8s59w364,Talosgems,"Δωροκάρτα - Talos Gems - Φυσικά Πετρώματα, Κρύσταλλα ...",talosgems.gr,,,NO_CATEGORY_EVIDENCE,
REVIEW,cmta1jnc700hsq8iy9qxa7npy,Tartarooga,"Giftcard, Δωροκάρτα",tartarooga.gr,,,NO_CATEGORY_EVIDENCE,
REVIEW,cmta1job800hwq8iyod3lhrkp,Tempus,Tempus Gift Card,tempus.gr,,,NO_CATEGORY_EVIDENCE,
REVIEW,cmta1jpat00i0q8iywyn40qck,Thebrands,VIRTUAL GIFT CARD,thebrands.gr,,,NO_CATEGORY_EVIDENCE,
REVIEW,cmta1jpt400i2q8iyuea4hfjh,Thejacketmaker,Buy E-Gift Card in Greece - The Jacket Maker,thejacketmaker.gr,,,NO_CATEGORY_EVIDENCE,
REVIEW,cmta1jq9i00i4q8iybfdyv8r1,Theocreations,Δωροκάρτα,theocreations.gr,,,NO_CATEGORY_EVIDENCE,
REVIEW,cmta1jqr600i6q8iyy3wz1tsk,Tinytoes,Gift Card | Tiny Toes,tinytoes.gr,,,NO_CATEGORY_EVIDENCE,
REVIEW,cmta1jr9v00i8q8iye2zkol72,Toalfavitarisou,e-Gift Card,toalfavitarisou.gr,,,NO_CATEGORY_EVIDENCE,
REVIEW,cmta1jrt400iaq8iymrwg1lq5,Toms,Giftcard - Toms,toms.gr,,,NO_CATEGORY_EVIDENCE,
REVIEW,cmta1jsa400icq8iy7rh4l4sw,Toolman,Ηλεκτρονική Δωροκάρτα Toolman,toolman.gr,,,NO_CATEGORY_EVIDENCE,
REVIEW,cmta1jsr800ieq8iywfmnl4tl,Turritella,Δωροκάρτα 50€ - Turritella,turritella.gr,,,NO_CATEGORY_EVIDENCE,
REVIEW,cmta1jt7300igq8iykn2s4bmc,Urban Nomad,E-GIFT CARD - Urban Nomad,urban-nomad.gr,,,NO_CATEGORY_EVIDENCE,
REVIEW,cmta1jtpy00iiq8iy3wykjo58,Vantaggio,Δωροκάρτα - Vantaggio,vantaggio.gr,,,NO_CATEGORY_EVIDENCE,
REVIEW,cmta1juox00imq8iyq0ogpo5e,Veel,Ηλεκτρονική δωροκάρτα | Veel,veel.gr,,,NO_CATEGORY_EVIDENCE,
REVIEW,cmta1jv6700ioq8iy7ler7qfy,Verandadelvino,Verandadelvino Gift Card,verandadelvino.gr,,,NO_CATEGORY_EVIDENCE,
REVIEW,cmta1jvn600iqq8iyar6bcxq8,Verdantgarden,Ψηφιακή δωροκάρτα,verdantgarden.gr,,,NO_CATEGORY_EVIDENCE,
REVIEW,cmta1jx1n00iwq8iyq4q9smi3,Vitaspis,Δωροκάρτα,vitaspis.gr,,,NO_CATEGORY_EVIDENCE,
REVIEW,cmta1jxyi00j0q8iy3t1yqvto,Wspc,WSPC Gift Card,wspc.gr,,,NO_CATEGORY_EVIDENCE,
REVIEW,cmta1jyfy00j2q8iym29ffatd,Xmode,Gift Card | Xmode.gr,xmode.gr,,,NO_CATEGORY_EVIDENCE,
REVIEW,cmta1jyv900j4q8iyp2i9pyz5,Yellowstars,Δωροκάρτα 20€ YellowStars,yellowstars.gr,,,NO_CATEGORY_EVIDENCE,
REVIEW,cmta1k08j00jaq8iy49e6rrba,Zoniou,Zoniou Gift Card,zoniou.gr,,,NO_CATEGORY_EVIDENCE,
REVIEW,cmta1k14o00jeq8iy6y6lgrnj,Idealofsweden,Idealofsweden Gift Card,idealofsweden.gr,,,NO_CATEGORY_EVIDENCE,
REVIEW,cmta1k23q00jiq8iynvqcl54v,Romeo,Romeo Gift Card,romeo.gr,,,NO_CATEGORY_EVIDENCE,
REVIEW,cmta1k3kn00joq8iyvt4mz4a4,Afroditesbeaute,Gift card 50,afroditesbeaute.gr,,,NO_CATEGORY_EVIDENCE,
REVIEW,cmta1k4h700jsq8iya7wu9oi9,Alpamayopro,Alpamayopro Gift Card,alpamayopro.gr,,,NO_CATEGORY_EVIDENCE,
REVIEW,cmta1k6cm00k0q8iyu7mz3xb2,Calzomania,Gift Card – Calzomania – Εσώρουχα και Μαγιό,calzomania.gr,,,NO_CATEGORY_EVIDENCE,
REVIEW,cmta1k7qi00k6q8iytw0avvi7,Elegance,Δωροκάρτα,elegance.gr,,,NO_CATEGORY_EVIDENCE,
REVIEW,cmta1kaap00kgq8iyxyxwrv9r,Medi Shop,Gift Card 50,medi-shop.gr,,,NO_CATEGORY_EVIDENCE,
REVIEW,cmta1kbmg00kmq8iyxir7s4z2,Paidikaianaptixi,Gift Card - Παιδί & Ανάπτυξη - paidikaianaptixi.gr,paidikaianaptixi.gr,,,NO_CATEGORY_EVIDENCE,
REVIEW,cmta1kc1z00koq8iy0lgd58lu,Papastavroushops,Δωροκάρτες (Gift Cards) για Αναβάτες,papastavroushops.gr,,,NO_CATEGORY_EVIDENCE,
REVIEW,cmta1kcnp00kqq8iy2x1zitpr,Studio83,Studio83 Gift Card,studio83.gr,,,NO_CATEGORY_EVIDENCE,
REVIEW,cmta1kd7p00ksq8iyhrirclhl,Tartare,Gift Card - TARTARE,tartare.gr,,,NO_CATEGORY_EVIDENCE,
REVIEW,cmta1ke9500kwq8iyhmopp6q4,Tsakalino,Gift Card Tsakalino,tsakalino.gr,,,NO_CATEGORY_EVIDENCE,
REVIEW,cmta1kfmj00l2q8iyr7i4j7w5,Athanasiakaritsa,Gift Card - Εργαστήριο Αισθητικής Αθανασία Καρύτσα,athanasiakaritsa.gr,,,NO_CATEGORY_EVIDENCE,
REVIEW,cmta1kh8o00l8q8iysbonz7gj,Baseandtop,Baseandtop Gift Card,baseandtop.gr,,,NO_CATEGORY_EVIDENCE,
REVIEW,cmta1ki7v00lcq8iyp9416uhu,Blackroll,Gift Card - Blackroll.gr,blackroll.gr,,,NO_CATEGORY_EVIDENCE,
REVIEW,cmta1kioj00leq8iyp66jp838,Bloeur,GIFT CARD BLOEUR,bloeur.gr,,,NO_CATEGORY_EVIDENCE,
REVIEW,cmta1kk4900lkq8iyorzj05jc,Celesteshop,Gift Card 50,celesteshop.gr,,,NO_CATEGORY_EVIDENCE,
REVIEW,cmta1kkni00lmq8iyk98pb3nu,Converse,Converse Gift Card,converse.gr,,,NO_CATEGORY_EVIDENCE,
REVIEW,cmta1kl4b00loq8iyupsiybh2,Creatorshop,Creatorshop Gift Card,creatorshop.gr,,,NO_CATEGORY_EVIDENCE,
REVIEW,cmta1klkr00lqq8iy8xzcpmqy,Culturalsociety,Gift Card Online - Cultural Society,culturalsociety.gr,,,NO_CATEGORY_EVIDENCE,
REVIEW,cmta1kn0h00lwq8iyd7b6k11k,Ekdoseis Papasotiriou,Εκδόσεις Παπασωτηρίου Δωροκάρτα,ekdoseis-papasotiriou.gr,,,NO_CATEGORY_EVIDENCE,
REVIEW,cmta1knwo00m0q8iy77l1z6kt,Elforsam,Gift Card – Maaji,elforsam.gr,,,NO_CATEGORY_EVIDENCE,
REVIEW,cmta1kpd600m6q8iytyzbbym9,Hercshop,Δωροκάρτα - Herc Shop,hercshop.gr,,,NO_CATEGORY_EVIDENCE,
REVIEW,cmta1kptg00m8q8iyxikg29yq,Hlcpro,Gift Card Gold – HLC Pro by Health Laser Clinic,hlcpro.gr,,,NO_CATEGORY_EVIDENCE,
REVIEW,cmta1kqbn00maq8iyrbgsvpn7,Hobbylobby Yarns,Δωροεπιταγή 100,hobbylobby-yarns.gr,,,NO_CATEGORY_EVIDENCE,
REVIEW,cmta1krb300meq8iyewvehlr3,Idil,e-Gift card | IDIL,idil.gr,,,NO_CATEGORY_EVIDENCE,
REVIEW,cmta1ksaz00miq8iyz8knfxq5,Kalousos,Δωροκάρτα (Gift Card) 50,kalousos.gr,,,NO_CATEGORY_EVIDENCE,
REVIEW,cmta1ktba00mmq8iyisltveg8,Laaloo,GIFT CARD - Παιδικά ρούχα για αγόρια & κορίτσια,laaloo.gr,,,NO_CATEGORY_EVIDENCE,
REVIEW,cmta1kuab00mqq8iyw8fqsoh4,Luvnroll,Gift Voucher,luvnroll.com,,,NO_CATEGORY_EVIDENCE,
REVIEW,cmta1kur700msq8iyxbq77w5d,Marose,Gift Card - MAROSE – Κέντρο Αισθητικής Θέρμη,marose.gr,,,NO_CATEGORY_EVIDENCE,
REVIEW,cmta1kv7e00muq8iyjip095a8,Mathimatamageirikis,Δωροκάρτα,mathimatamageirikis.gr,,,NO_CATEGORY_EVIDENCE,
REVIEW,cmta1kvpg00mwq8iywg5mlfel,Mimadastimargarita,Gift Card - Mη μαδάς τη μαργαρίτα,mimadastimargarita.gr,,,NO_CATEGORY_EVIDENCE,
REVIEW,cmta1kw6300myq8iyzkj9hpsf,Mocannella,Δωροκάρτα,mocannella.gr,,,NO_CATEGORY_EVIDENCE,
REVIEW,cmta1kwnq00n0q8iy09gmn7q7,Musicland,Δωροκάρτα Musicland - Το μουσικό δώρο που δεν λήγει ποτέ,musicland.gr,,,NO_CATEGORY_EVIDENCE,
REVIEW,cmta1kxkp00n4q8iyxd6gorh9,Nakita,Gift Card - Nakita,nakita.gr,,,NO_CATEGORY_EVIDENCE,
REVIEW,cmta1ky2r00n6q8iy6novjneu,Oreasoncs,Gift Certificate,oreasoncs.gr,,,NO_CATEGORY_EVIDENCE,
REVIEW,cmta1kyj500n8q8iyln315obv,Palazzodiscarpe,Δωροκάρτα 150,palazzodiscarpe.gr,,,NO_CATEGORY_EVIDENCE,
REVIEW,cmta1kz5j00naq8iyo9j5whw7,Paraphernalia,e-Gift Voucher,paraphernalia.gr,,,NO_CATEGORY_EVIDENCE,
REVIEW,cmta1l09c00neq8iy2d769fb1,Pibu,Pibu Gift Card,pibu.gr,,,NO_CATEGORY_EVIDENCE,
REVIEW,cmta1l0s700ngq8iytuqw9bw3,Pointe,Gift Voucher | Pointe.gr: ηλεκτρονικό κατάστημα ειδών χορού,pointe.gr,,,NO_CATEGORY_EVIDENCE,
REVIEW,cmta1l18300niq8iyfjqu39zb,Psaltou,Gift Card Αξίας 70,psaltou.gr,,,NO_CATEGORY_EVIDENCE,
REVIEW,cmta1l1or00nkq8iy9l3o9bru,Rhythmichouse,Gift card Αρχεία,rhythmichouse.gr,,,NO_CATEGORY_EVIDENCE,
REVIEW,cmta1l31m00nqq8iy3ycqvzn2,Safestep,Δωροκάρτα / Gift Card | Accessories | Safe Step ®,safestep.gr,,,NO_CATEGORY_EVIDENCE,
REVIEW,cmta1l42f00nuq8iy2f3za3fa,Snus Bar,gift card Αρχεία - Snus Bar,snus-bar.gr,,,NO_CATEGORY_EVIDENCE,
REVIEW,cmta1l4jp00nwq8iymqbrwqdb,Solivagant,Gift Card - Prepaid Card - Solivagant,solivagant.gr,,,NO_CATEGORY_EVIDENCE,
REVIEW,cmta1l69r00o2q8iysx3o77ki,Tacticalstore,Δωροκάρτα 50€ Tactical Store – Digital Gift Card - Tacticalstore ...,tacticalstore.gr,,,NO_CATEGORY_EVIDENCE,
REVIEW,cmta1l6qi00o4q8iyp8gk4vuo,Tempiholidays,TEMPI HOLIDAYS GIFT CARD | Εκδρομή,tempiholidays.gr,,,NO_CATEGORY_EVIDENCE,
REVIEW,cmta1l78z00o6q8iysj0iud1x,Thamon,Gift Card – Thamon,thamon.gr,,,NO_CATEGORY_EVIDENCE,
REVIEW,cmta1l8s900ocq8iygll1sq7o,Theloftchalkida,Δωροκάρτα,theloftchalkida.gr,,,NO_CATEGORY_EVIDENCE,
REVIEW,cmta1lb2500omq8iyw0l8g680,Unlimited Adrenaline,Δωροκάρτα Unlimited Adrenaline,unlimited-adrenaline.gr,,,NO_CATEGORY_EVIDENCE,
REVIEW,cmta1lbio00ooq8iyjc9wsq31,Wokshop,Δωροκάρτα – WokShop,wokshop.gr,,,NO_CATEGORY_EVIDENCE,
REVIEW,cmta1lci000osq8iyoc41j59a,Thewonderroom,GIFT CARDS Archives,thewonderroom.gr,,,NO_CATEGORY_EVIDENCE,
REVIEW,cmta1ld1900ouq8iyh416pr6o,Petrichor,Gift Card 200,petrichor.com.gr,,,NO_CATEGORY_EVIDENCE,
REVIEW,cmta1le1500oyq8iyicabgae9,Musicpal,Gift card - MusicPal,musicpal.gr,,,NO_CATEGORY_EVIDENCE,
REVIEW,cmta1leix00p0q8iyq1ewxccr,Greenmall,ΔΩΡΟΚΑΡΤΑ – ΙΔΕΕΣ ΔΩΡΩΝ,greenmall.gr,,,NO_CATEGORY_EVIDENCE,
REVIEW,cmta1lfk500p4q8iyhkvmu8ra,Nakas,< Gift Cards | Philippos Nakas,nakas.gr,,,NO_CATEGORY_EVIDENCE,
REVIEW,cmta1lg2500p6q8iyyuuzs7jr,Woodyline,GIFT CARD 200?,woodyline.gr,,,NO_CATEGORY_EVIDENCE,
REVIEW,cmta1lglx00p8q8iyyx9gpvxm,Aleyacreations,Aleyacreations Gift Card,aleyacreations.gr,,,NO_CATEGORY_EVIDENCE,
REVIEW,cmta1lhrz00pcq8iypeg7vad4,Bakuk,Δωροκάρτα - Bakuk,bakuk.gr,,,NO_CATEGORY_EVIDENCE,
REVIEW,cmta1lj9c00piq8iynmfth5h9,Kantarzoglou,€150.00 Gift Card,kantarzoglou.gr,,,NO_CATEGORY_EVIDENCE,
REVIEW,cmta1lldv00pqq8iyvvgnzsz2,Floky,Gift Card Floky,floky.gr,,,NO_CATEGORY_EVIDENCE,
REVIEW,cmta1lltq00psq8iy75r8f0k5,Forall,Forall Gift Card,forall.com.gr,,,NO_CATEGORY_EVIDENCE,
REVIEW,cmta1lmrm00pwq8iykcovjeo1,Justbrazilstore,Justbrazilstore Gift Card,justbrazilstore.gr,,,NO_CATEGORY_EVIDENCE,
REVIEW,cmta1lnrl00q0q8iy34u0qh4w,Vizadinigonia,Gift Cards - ΒΥΖΑΝΤΙΝΗ ΓΩΝΙΑ,vizadinigonia.gr,,,NO_CATEGORY_EVIDENCE,
REVIEW,cmta1loeg00q2q8iysnnupl9w,Xeiroplathi,Gift Card | Participation in Workshop,xeiroplathi.gr,,,NO_CATEGORY_EVIDENCE,
REVIEW,cmta1lpfx00q6q8iyf11yv5pi,Amourianosoptics,GIFT CARD 200€,amourianosoptics.gr,,,NO_CATEGORY_EVIDENCE,
REVIEW,cmta1lsbl00qgq8iyhk5pv19c,Carousel,Gift Card Carousel - Αγόρι - Κορίτσι - 12-18 μηνών,carousel.gr,,,NO_CATEGORY_EVIDENCE,
REVIEW,cmta1lsuq00qiq8iystq7a2jy,Chicart,Chicart Gift Card,chicart.gr,,,NO_CATEGORY_EVIDENCE,
REVIEW,cmta1ltdc00qkq8iywfkafqf3,Epidermislaser,gift cards,epidermislaser.gr,,,NO_CATEGORY_EVIDENCE,
REVIEW,cmta1lue100qoq8iyzojkwbcq,Forward,Gift Voucher,forward.gr,,,NO_CATEGORY_EVIDENCE,
REVIEW,cmta1luu500qqq8iys7vrojhw,Ikiru,gift-cards – IKIRU,ikiru.gr,,,NO_CATEGORY_EVIDENCE,
REVIEW,cmta1lvrh00quq8iyaebm9qht,Ladolea,Ladolea Gift Card,ladolea.gr,,,NO_CATEGORY_EVIDENCE,
REVIEW,cmta1lx8s00r0q8iyrsxe2o7c,Lurehouse,GIFT CARD - ΠΡΟΪΟΝΤΑ,lurehouse.gr,,,NO_CATEGORY_EVIDENCE,
REVIEW,cmta1ly6p00r4q8iypbasfshf,Massaha,Massaha Gift Card,massaha.gr,,,NO_CATEGORY_EVIDENCE,
REVIEW,cmta1lzvj00raq8iye3ba3495,Mylittleland,Mylittleland Gift Card,mylittleland.gr,,,NO_CATEGORY_EVIDENCE,
REVIEW,cmta1m0d900rcq8iy7cru4enr,Poupee,Gift card - Poupée,poupee.gr,,,NO_CATEGORY_EVIDENCE,
REVIEW,cmta1m0uh00req8iycwbgvctn,Printhouse,Εκτύπωση Κάρτα Δώρου Gift Voucher,printhouse.gr,,,NO_CATEGORY_EVIDENCE,
REVIEW,cmta1m1t900riq8iy2b9sin92,Sekoia,Gift cards,sekoia.gr,,,NO_CATEGORY_EVIDENCE,
REVIEW,cmta1m2xt00rmq8iylafzr3pp,Theknittingclub,Gift Cards,theknittingclub.gr,,,NO_CATEGORY_EVIDENCE,
REVIEW,cmta1m3dd00roq8iybqsttwll,Themagicbox,Themagicbox Gift Card,themagicbox.gr,,,NO_CATEGORY_EVIDENCE,
REVIEW,cmta1m4el00rsq8iyyb9weurb,Traisto,Traisto Gift Card | Handmade Textiles & Slow Crafted Goods,traisto.gr,,,NO_CATEGORY_EVIDENCE,
REVIEW,cmta1m5dl00rwq8iyrk8timkq,Zuccherino,Zuccherino Gift Card,zuccherino.gr,,,NO_CATEGORY_EVIDENCE,
REVIEW,cmta1m6ti00s2q8iyv2uhr92n,E Snacks,Gift Card 50€ | E-Snacks,e-snacks.gr,,,NO_CATEGORY_EVIDENCE,
REVIEW,cmta1m7h100s4q8iy0yg57q08,E Socks,€50 Gift Card,e-socks.gr,,,NO_CATEGORY_EVIDENCE,
REVIEW,cmta1m83c00s6q8iygpp0rt7r,Epiploaivazoglou,Gift card - Έπιπλο Αϊβαζόγλου – |,epiploaivazoglou.gr,,,NO_CATEGORY_EVIDENCE,
REVIEW,cmta1m8lp00s8q8iyl7iagrro,Epiplocasa,Gift Card - EpiploCasa.gr · Έπιπλα Ελληνικής Κατασκευής,epiplocasa.gr,,,NO_CATEGORY_EVIDENCE,
REVIEW,cmta1m9k500scq8iyuyu7g8dp,Inandela,Inandela Gift Card,inandela.gr,,,NO_CATEGORY_EVIDENCE,
REVIEW,cmta1ma4m00seq8iy71vkx6rw,Lidon,Lidon Gift Card,lidon.gr,,,NO_CATEGORY_EVIDENCE,
REVIEW,cmta1maoe00sgq8iykpfadorv,Littlesubmarine,Littlesubmarine Gift Card,littlesubmarine.gr,,,NO_CATEGORY_EVIDENCE,
REVIEW,cmta1mb9j00siq8iygf2xex9r,Mamagalia,Mamagalia Gift Card,mamagalia.gr,,,NO_CATEGORY_EVIDENCE,
REVIEW,cmta1mccl00smq8iyn3lolob8,Pdltrendz,Pdltrendz Gift Card,pdltrendz.gr,,,NO_CATEGORY_EVIDENCE,
REVIEW,cmta1mdb500sqq8iyhy20zsrp,Saltymoon,Saltymoon Gift Card,saltymoon.gr,,,NO_CATEGORY_EVIDENCE,
REVIEW,cmta1mdsk00ssq8iy40jbzw02,Slalomshop,SlalomShop.gr - Δωροκάρτα,slalomshop.gr,,,NO_CATEGORY_EVIDENCE,
REVIEW,cmta1me9100suq8iyfx2gcou6,Smart Tap,Gift Card Smart-Tap,smart-tap.gr,,,NO_CATEGORY_EVIDENCE,
REVIEW,cmta1mf5900syq8iyejmu80s9,1art,Gift Cards,1art.gr,,,NO_CATEGORY_EVIDENCE,
REVIEW,cmta1mgb500t2q8iyybmggkym,Andreoueshop,Andreoueshop Gift Card,andreoueshop.gr,,,NO_CATEGORY_EVIDENCE,
REVIEW,cmta1mgrt00t4q8iy7nvjqpjv,Anubis,Gift Card Archives,anubis.gr,,,NO_CATEGORY_EVIDENCE,
REVIEW,cmta1mhdg00t6q8iyne0gzmhv,Army Market,Army Market Gift Card,army-market.gr,,,NO_CATEGORY_EVIDENCE,
REVIEW,cmta1mhwp00t8q8iyp2up25jv,Athenscentre,Gift voucher,athenscentre.gr,,,NO_CATEGORY_EVIDENCE,
REVIEW,cmta1mkio00tgq8iyvbnu4lyr,Badayestudio,Badayestudio Gift Card,badayestudio.gr,,,NO_CATEGORY_EVIDENCE,
REVIEW,cmta1mmmx00toq8iydnfghoo1,Botano,Gift Cards,botano.gr,,,NO_CATEGORY_EVIDENCE,
REVIEW,cmta1mnm200tsq8iy2jew4b3d,Capristores,Gift Cards,capristores.gr,,,NO_CATEGORY_EVIDENCE,
REVIEW,cmta1mo4u00tuq8iy0hphimg0,Carbon,CFC GIFT CARD | carbonfibercustoms,carbon.gr,,,NO_CATEGORY_EVIDENCE,
REVIEW,cmta1moos00twq8iy57e9lo7q,Carlamco,Carlamco Gift Card,carlamco.gr,,,NO_CATEGORY_EVIDENCE,
REVIEW,cmta1mp5900tyq8iyvpa0dnxr,Cavakalomenidis,Cavakalomenidis Gift Card,cavakalomenidis.gr,,,NO_CATEGORY_EVIDENCE,
REVIEW,cmta1mq7900u2q8iy41zkg4cg,Cigarsmoke,Gift Card Αρχεία,cigarsmoke.gr,,,NO_CATEGORY_EVIDENCE,
REVIEW,cmta1mqqs00u4q8iyn8h29823,Cilek,δωροεπιταγές,cilek.gr,,,NO_CATEGORY_EVIDENCE,
REVIEW,cmta1mrdt00u6q8iyvz2zknyj,Cookworld,Gift Cards,cookworld.gr,,,NO_CATEGORY_EVIDENCE,
REVIEW,cmta1mrvv00u8q8iyjkk14wuw,Crudeshop,Gift Card | CrudeShop,crudeshop.gr,,,NO_CATEGORY_EVIDENCE,
REVIEW,cmta1mseo00uaq8iyrfav970x,Crystalswan,Gift Card - Crystal Swan,crystalswan.gr,,,NO_CATEGORY_EVIDENCE,
REVIEW,cmta1msv100ucq8iyhdewxdjo,Cyclestore,Δωροκάρτες,cyclestore.gr,,,NO_CATEGORY_EVIDENCE,
REVIEW,cmta1mtcc00ueq8iy4sz85qxi,Dahaproject,Dahaproject Gift Card,dahaproject.gr,,,NO_CATEGORY_EVIDENCE,
REVIEW,cmta1mtta00ugq8iy0fpw7nra,Dalis,Gift Card 20,dalis.gr,,,NO_CATEGORY_EVIDENCE,
REVIEW,cmta1mvfe00umq8iykcghhdh2,Djmania,Gift Cards,djmania.gr,,,NO_CATEGORY_EVIDENCE,
REVIEW,cmta1mwe200uqq8iyw8gppk86,Ebru,Gift Vouchers - Káte,ebru.gr,,,NO_CATEGORY_EVIDENCE,
REVIEW,cmta1mwtx00usq8iyvzyrsho0,Ecoliving,Gift Cards,ecoliving.gr,,,NO_CATEGORY_EVIDENCE,
REVIEW,cmta1mxa000uuq8iyl8z18jfw,Elephantstore,Elephantstore Gift Card,elephantstore.gr,,,NO_CATEGORY_EVIDENCE,
REVIEW,cmta1mys100v0q8iy16qgugkj,Epipla24,Δωροκάρτα Online Αγορά Επίπλων και Διακόσμησης Σπιτιού,epipla24.gr,,,NO_CATEGORY_EVIDENCE,
REVIEW,cmta1n0by00v6q8iyd50i4zbc,Estheta,Δωροκάρτα | Estheta | Plus Size Ρούχα,estheta.gr,,,NO_CATEGORY_EVIDENCE,
REVIEW,cmta1n1gn00vaq8iypcugwv32,Feelcar,Feelcar Gift Card,feelcar.gr,,,NO_CATEGORY_EVIDENCE,
REVIEW,cmta1n2wo00vgq8iygtc7c15a,Gmca,Gmca Gift Card,gmca.gr,,,NO_CATEGORY_EVIDENCE,
REVIEW,cmta1n3tk00vkq8iyuuxusuix,Gotshirts,Gotshirts Gift Card,gotshirts.gr,,,NO_CATEGORY_EVIDENCE,
REVIEW,cmta1n4cq00vmq8iybe2fosx3,Goulandris,"Gift Card - Vincent van Gogh, Still Life with Coffee Pot, 1888",goulandris.gr,,,NO_CATEGORY_EVIDENCE,
REVIEW,cmta1n4su00voq8iyrrjvgoxw,Habitatgreece,Gift cards,habitatgreece.gr,,,NO_CATEGORY_EVIDENCE,
REVIEW,cmta1n69100vuq8iy4hqjjp9r,Homii,Αγοράστε μία Δωροεπιταγή,homii.gr,,,NO_CATEGORY_EVIDENCE,
REVIEW,cmta1n6q100vwq8iyj6rksewk,Hugshop,Gift Card | hug,hugshop.gr,,,NO_CATEGORY_EVIDENCE,
REVIEW,cmta1n88i00w2q8iyediptv4s,Kaelego,Gift card-50,kaelego.gr,,,NO_CATEGORY_EVIDENCE,
REVIEW,cmta1n8vk00w4q8iyw60rzrqc,Kare24,gift card - Kare24.gr,kare24.gr,,,NO_CATEGORY_EVIDENCE,
REVIEW,cmta1n9ed00w6q8iyqd615q39,Klotsotiras,"Gift cards - Πετσέτες, Σεντόνια, Πάπλωμα, Κουβέρτες, ...",klotsotiras.gr,,,NO_CATEGORY_EVIDENCE,
REVIEW,cmta1najv00waq8iye2j13aza,Lalita,Christmas Gift Card - Lalita,lalita.gr,,,NO_CATEGORY_EVIDENCE,
REVIEW,cmta1nb0500wcq8iy3kgzjhmi,Lonsdale,e-GIFTCARD,lonsdale.gr,,,NO_CATEGORY_EVIDENCE,
REVIEW,cmta1ncfn00wiq8iy4rpmw0r2,Maisonnette,Maisonnette Gift Card,maisonnette.gr,,,NO_CATEGORY_EVIDENCE,
REVIEW,cmta1ndg700wmq8iy0aym5v5k,Marinospor,Gift Card - Gift Card 100€ - Marinospor,marinospor.gr,,,NO_CATEGORY_EVIDENCE,
REVIEW,cmta1ne2h00woq8iy5xfnagka,Masazaki,Δωροκάρτα Μασάζ: Το καλύτερο εορταστικό δώρο στους ...,masazaki.gr,,,NO_CATEGORY_EVIDENCE,
REVIEW,cmta1nf1t00wsq8iygfpp7r8t,Mediwellkalamata,Mediwellkalamata Gift Card,mediwellkalamata.gr,,,NO_CATEGORY_EVIDENCE,
REVIEW,cmta1nfnx00wuq8iyrmod0nxo,Mellifora,Gift Card Envelope,mellifora.gr,,,NO_CATEGORY_EVIDENCE,
REVIEW,cmta1ng3h00wwq8iy0jg8v49x,Minotavros,Redeem Gift Certificate,minotavros.gr,,,NO_CATEGORY_EVIDENCE,
REVIEW,cmta1ngnh00wyq8iyaskl04be,Moomoo,GIFT CARDS - moomoo.gr,moomoo.gr,,,NO_CATEGORY_EVIDENCE,
REVIEW,cmta1niq900x6q8iyuhnwe0xg,Naeniam,Naeniam Gift Card,naeniam.gr,,,NO_CATEGORY_EVIDENCE,
REVIEW,cmta1nj7800x8q8iyqp5pjntz,Naira,Naira Gift Card,naira.gr,,,NO_CATEGORY_EVIDENCE,
REVIEW,cmta1njpt00xaq8iyktqhqu41,Noiretor,Noiretor Gift Card,noiretor.gr,,,NO_CATEGORY_EVIDENCE,
REVIEW,cmta1nlwe00xiq8iylzovy6xf,Physioathens,Physioathens Gift Card,physioathens.gr,,,NO_CATEGORY_EVIDENCE,
REVIEW,cmta1nmct00xkq8iy4dlkj0k6,Piccolo Orso,Piccolo Orso Gift Card,piccolo-orso.gr,,,NO_CATEGORY_EVIDENCE,
REVIEW,cmta1nmsz00xmq8iy9pwfqup0,Porfyrastore,Porfyrastore Gift Card,porfyrastore.gr,,,NO_CATEGORY_EVIDENCE,
REVIEW,cmta1nn9k00xoq8iyzh4ts5tj,Pret A Beaute,Gift Card | Gift certificate,pret-a-beaute.gr,,,NO_CATEGORY_EVIDENCE,
REVIEW,cmta1nnui00xqq8iyverz0w50,Profitstore,ΔωροΕπιταγή - Gift Card αξίας 500€ - ProfitStore,profitstore.gr,,,NO_CATEGORY_EVIDENCE,
REVIEW,cmta1node00xsq8iye2l4utkg,Puroshop,Δωροεπιταγή - PuroShop,puroshop.gr,,,NO_CATEGORY_EVIDENCE,
REVIEW,cmta1nouh00xuq8iyjwmt7jy4,Revitalash,Gift Card – RevitaLash Greece,revitalash.gr,,,NO_CATEGORY_EVIDENCE,
REVIEW,cmta1npuk00xyq8iy9rv2fnaj,Santi,Gift Card - Δωροκάρτα – Εναλλακτικές Θεραπείες,santi.gr,,,NO_CATEGORY_EVIDENCE,
REVIEW,cmta1nqfr00y0q8iyq52gta2b,Sbokos,Gift cards,sbokos.gr,,,NO_CATEGORY_EVIDENCE,
REVIEW,cmta1nrf100y4q8iy718rheh1,Shop Guide,Shop Guide Gift Card,shop-guide.gr,,,NO_CATEGORY_EVIDENCE,
REVIEW,cmta1nrye00y6q8iyh18c4c35,Skinpositive,Skinpositive Gift Card,skinpositive.gr,,,NO_CATEGORY_EVIDENCE,
REVIEW,cmta1nsj400y8q8iyugbq8r49,Skinu,Skinu Gift Card,skinu.gr,,,NO_CATEGORY_EVIDENCE,
REVIEW,cmta1nt2o00yaq8iym6euj9k4,Somacreations,Somacreations Gift Card,somacreations.gr,,,NO_CATEGORY_EVIDENCE,
REVIEW,cmta1ntm900ycq8iy3qr4gnvr,Spaniriides,Gift card - https://www.spaniriides.com.gr,spaniriides.com.gr,,,NO_CATEGORY_EVIDENCE,
REVIEW,cmta1nv6k00yiq8iyyvpip6na,Symmetria,Gift Cards - SYMMETRIA,symmetria.gr,,,NO_CATEGORY_EVIDENCE,
REVIEW,cmta1nvns00ykq8iyonflkr96,Tea Pot,Gift Card Αρχεία - Teapot,tea-pot.gr,,,NO_CATEGORY_EVIDENCE,
REVIEW,cmta1nwjv00yoq8iyc4zi26q7,Tirato,Gift Card TIRA TO,tirato.gr,,,NO_CATEGORY_EVIDENCE,
REVIEW,cmta1nx0b00yqq8iyfkhg9twh,Trailofmind,Gift Voucher,trailofmind.gr,,,NO_CATEGORY_EVIDENCE,
REVIEW,cmta1nxhd00ysq8iy4egocjgs,Treasurebox,Gift Card - Treasure Box,treasurebox.gr,,,NO_CATEGORY_EVIDENCE,
REVIEW,cmta1nxyl00yuq8iy89u0st0s,Trollbeads,Trollbeads Gift Card,trollbeads.gr,,,NO_CATEGORY_EVIDENCE,
REVIEW,cmta1nygv00ywq8iyut96fn9h,Vintageneedle,Vintage Needle Gift Card,vintageneedle.gr,,,NO_CATEGORY_EVIDENCE,
REVIEW,cmta1nyzl00yyq8iy0qetgjxm,Vinylartclothing,Vinyl gift card 40€,vinylartclothing.gr,,,NO_CATEGORY_EVIDENCE,
REVIEW,cmta1nzkc00z0q8iyqtq6gzps,Wallpaperstore,Gift cards - WallPaperStore,wallpaperstore.gr,,,NO_CATEGORY_EVIDENCE,
REVIEW,cmta1o01w00z2q8iyrp45us19,Yourdigitalcourses,ΔΩΡΟΚΑΡΤΑ 50,yourdigitalcourses.gr,,,NO_CATEGORY_EVIDENCE,
REVIEW,cmta421t70002t8iywrh9oyoy,Laura Ashley,Laura Ashley Gift Card,lauraashleyshop.gr,,,NO_CATEGORY_EVIDENCE,
REVIEW,cmta4225d0004t8iybifa3ihm,Bilero,Virtual Gift Card Αρχεία,bilero.gr,,,NO_CATEGORY_EVIDENCE,
REVIEW,cmta422iu0006t8iyjfed8tcg,Didi,Κάρτα Δώρου – MrsDiDi CraftShop - didi.gr,didi.gr,,,NO_CATEGORY_EVIDENCE,
REVIEW,cmta422w10008t8iy0kfr63lo,Martin Tailored,Αγοράστε μια Δωροκάρτα - Martin & Co - Ανδρική Ένδυση,martin-tailored.gr,,,NO_CATEGORY_EVIDENCE,
REVIEW,cmta4y81w0005sciybyesa197,Agigma,Το Τέλειο Last-Minute Δώρο στο Ρέθυμνο – Agigma Gift Card,agigma.gr,,,NO_CATEGORY_EVIDENCE,
REVIEW,cmta4y8ik0007sciym0lmxv86,Alchemy,alchemy Gift Card,alchemy.gr,,,NO_CATEGORY_EVIDENCE,
REVIEW,cmta4y8xk0009sciynr5631pq,Alouette,E-Gift Card for all! - Alouette | Βρεφικά & Παιδικά Ρούχα,alouette.gr,,,NO_CATEGORY_EVIDENCE,
REVIEW,cmta4y9db000bsciyg566bd57,Barbopoulos,"Gift card - Barbopoulos store, Chania",barbopoulos.gr,,,NO_CATEGORY_EVIDENCE,
REVIEW,cmta4ybhz000jsciys63enlye,Box Box,Gift cards - Box-Box,box-box.gr,fashion:72,,AMBIGUOUS_CATEGORY_EVIDENCE,historical-query|data/discovery/mass-harvest-v5/clean-v5.1/high-safe.csv:fashion
REVIEW,cmta4ycwk000psciyut3q4w1n,Christhellas,Christhellas Gift Card,christhellas.gr,,,NO_CATEGORY_EVIDENCE,
REVIEW,cmta4ydvb000tsciyww37i2fq,Δωροκάρτα Πλυντηρίου - Cityzen,Δωροκάρτα Πλυντηρίου - Cityzen,cityzen.com.gr,,,NO_CATEGORY_EVIDENCE,
REVIEW,cmta4yeb3000vsciy8unk0l29,Crusters,⁠Gift card Archives - Crusters,crusters.gr,,,NO_CATEGORY_EVIDENCE,
REVIEW,cmta4ygcg0013sciymb0mpc1u,Face It,Gift Cards - FaceIt,face-it.gr,,,NO_CATEGORY_EVIDENCE,
REVIEW,cmta4ygt70015sciy7ka9te7j,Fairytale,Fairytale Gift Card,fairytale.com.gr,,,NO_CATEGORY_EVIDENCE,
REVIEW,cmta4yh9u0017sciy4yb84cy2,Familychef,GIFT CARDS – FamilyChef,familychef.gr,,,NO_CATEGORY_EVIDENCE,
REVIEW,cmta4yi6v001bsciyp7vwf5ct,Gasmoto,e-Gift Card ΑΠΟ GAS Motosport Culture,gasmoto.gr,,,NO_CATEGORY_EVIDENCE,
REVIEW,cmta4yj4g001fsciy0ipo9fb8,Green Leaf,Greenleaf Gift Card,green-leaf.gr,sports:72,,AMBIGUOUS_CATEGORY_EVIDENCE,historical-query|data/discovery/mass-harvest-v5/clean-v5.1/high-safe.csv:sports
REVIEW,cmta4ykx8001lsciyu1m24dqd,Iaso,IASO presents “IASO Gift Card” for Mammography,iaso.gr,technology:72,,AMBIGUOUS_CATEGORY_EVIDENCE,historical-query|data/discovery/mass-harvest-v5/clean-v5.1/high-safe.csv:technology
REVIEW,cmta4ylfj001nsciy8jb7e1fk,Irisproject,Gift Card | The Iris Project,irisproject.gr,,,NO_CATEGORY_EVIDENCE,
REVIEW,cmta4yluz001psciy0wjw11o5,Jardinplus,Gift Card Jardin Plus,jardinplus.gr,,,NO_CATEGORY_EVIDENCE,
REVIEW,cmta4ymbf001rsciyxe7d8lyq,Δωροκάρτα - Karfitsomenos Gatos,Δωροκάρτα - Karfitsomenos Gatos,karfitsomenosgatos.gr,,,NO_CATEGORY_EVIDENCE,
REVIEW,cmta4ymsn001tsciyyvjfc8uf,Katsudo,Katsudo Gift Card,katsudo.gr,,,NO_CATEGORY_EVIDENCE,
REVIEW,cmta4yop20021sciygr9rpkdk,Kolbo,KOLBO Gift Card,kolbo.gr,,,NO_CATEGORY_EVIDENCE,
REVIEW,cmta4yp610023sciy7a769qlz,Koroneos,Gift Cards - Koroneos - BREE,koroneos.gr,,,NO_CATEGORY_EVIDENCE,
REVIEW,cmta4ypmb0025sciygzh9a89h,Kounelis,e-GIFT CARD,kounelis.com.gr,,,NO_CATEGORY_EVIDENCE,
REVIEW,cmta4yr0v002bsciy3uqdyifr,Lanuit,Gift Cards - La Nuit,lanuit.gr,fashion:72,,AMBIGUOUS_CATEGORY_EVIDENCE,historical-query|data/discovery/mass-harvest-v5/clean-v5.1/high-safe.csv:fashion
REVIEW,cmta4yrha002dsciywsr7shx4,Leatherstudio,"Gift Card 25,00 - Leather Studio",leatherstudio.gr,,,NO_CATEGORY_EVIDENCE,
REVIEW,cmta4yryo002fsciyhkz02ixr,Δωροκάρτα Love Generation,Δωροκάρτα Love Generation,lovegeneration.gr,fashion:72,,AMBIGUOUS_CATEGORY_EVIDENCE,historical-query|data/discovery/mass-harvest-v5/clean-v5.1/high-safe.csv:fashion
REVIEW,cmta4yswj002jsciyi6a7q4zk,Lumiere,LUMIERE Gift Card,lumiere.com.gr,,,NO_CATEGORY_EVIDENCE,
REVIEW,cmta4yuag002psciyoexjru1o,Mgsound,MGsound Gift Card 300€ | Premium Event Gift Card,mgsound.gr,,,NO_CATEGORY_EVIDENCE,
REVIEW,cmta4yv84002tsciyjas302lw,Moonboon,Gift Card for Moonboon - For the New/Soon-to-Be Parents,moonboon.gr,,,NO_CATEGORY_EVIDENCE,
REVIEW,cmta4yvpr002vsciyrkj6lfwe,Motoholics e,Motoholics e-Gift Card,motoholics.gr,,,NO_CATEGORY_EVIDENCE,
REVIEW,cmta4yyi40037sciy4r3rabo3,Niai,Niai Gift Card,niai.gr,,,NO_CATEGORY_EVIDENCE,
REVIEW,cmta4z09e003fsciy54qp8l7j,Rideonline,GIFT CARD - rideonline bmx streetwear,rideonline.gr,experiences:72,,AMBIGUOUS_CATEGORY_EVIDENCE,historical-query|data/discovery/mass-harvest-v5/clean-v5.1/high-safe.csv:experiences
REVIEW,cmta4z2k7003psciyr57m9pwe,Shell,Shell Gift Card | Shell Hellas,shell.gr,,,NO_CATEGORY_EVIDENCE,
REVIEW,cmta4z30z003rsciyrl03a9ai,Simplygreen,Gift Card - Δωροκάρτα Αρχεία - Simply Green | Στρώματα γιόγκα,simplygreen.gr,,,NO_CATEGORY_EVIDENCE,
REVIEW,cmta4z49k003vsciyj7ag8khc,Δωροκάρτα - Studio Fix,Δωροκάρτα - Studio Fix,studiofix.gr,experiences:72,,AMBIGUOUS_CATEGORY_EVIDENCE,historical-query|data/discovery/mass-harvest-v5/clean-v5.1/high-safe.csv:experiences
REVIEW,cmta4z4qr003xsciyykm8w59d,Tailor Made Knitwear,Tailor Made Knitwear Gift Card,tailormadeknitwear.com.gr,,,NO_CATEGORY_EVIDENCE,
REVIEW,cmta4z5vh0041sciye1uhquaq,Δωροκάρτα – Uba | Clothing & Massage Oils,Δωροκάρτα – Uba | Clothing & Massage Oils,uba.gr,fashion:72,,AMBIGUOUS_CATEGORY_EVIDENCE,historical-query|data/discovery/mass-harvest-v5/clean-v5.1/high-safe.csv:fashion
REVIEW,cmta4z6uc0045sciy734e8srp,Valaora,Gift Card - Valaora,valaora.gr,,,NO_CATEGORY_EVIDENCE,
REVIEW,cmta4z8gh004bsciyrey9tw17,Δωροκάρτα Vip Art,Δωροκάρτα Vip Art,vipart.gr,,,NO_CATEGORY_EVIDENCE,
REVIEW,cmta5nkcq000154iymuc26j35,Access Shop,Gift Card - Access Shop,access-shop.gr,,,NO_CATEGORY_EVIDENCE,
REVIEW,cmta5nkqd000354iye66fxcah,Atelie,Atelie Gift Card,atelie.com.gr,,,NO_CATEGORY_EVIDENCE,
REVIEW,cmta5nl44000554iylrg3qski,Museumofillusions,Buy a gift card | Museum of Illusions Athens,museumofillusions.gr,,,NO_CATEGORY_EVIDENCE,
REVIEW,cmta5nlwr000954iy1cgp5nb2,Audio Control,Δωροκάρτα - Audio Control,audiocontrol.gr,,,NO_CATEGORY_EVIDENCE,
REVIEW,cmta5nnds000h54iyecjh5wy2,Divingstore,Diving Store Gift Voucher,divingstore.gr,,,NO_CATEGORY_EVIDENCE,
REVIEW,cmta5no2o000l54iyn0hww43y,esthai,E-Gift Card - esthai,esthai.gr,,,NO_CATEGORY_EVIDENCE,
REVIEW,cmta5noft000n54iyyotz6yw5,Fuel,Fuel Gift Card,fuel.com.gr,,,NO_CATEGORY_EVIDENCE,
REVIEW,cmta5npkk000t54iyjgkmw0i1,Kalina Concept Store,Kalina Concept Store - GIFT CARD,kalinaconceptstore.gr,,,NO_CATEGORY_EVIDENCE,
REVIEW,cmta5nqmr000z54iy6mzkfi9o,krokodila,Gift Cards - krokodila,krokodila.gr,,,NO_CATEGORY_EVIDENCE,
REVIEW,cmta5nr07001154iydfgb6an6,Lazoptics,Uncategorized Δωροκάρτα | Οπτικά Laz Optics Πειραιάς,lazoptics.gr,,,NO_CATEGORY_EVIDENCE,
REVIEW,cmta5nrpi001554iy38lsipa9,Love It,Love.it Gift Card Digital,love-it.gr,,,NO_CATEGORY_EVIDENCE,
REVIEW,cmta5ns2z001754iyqm8xijsp,Madeofglass,Made of Glass Gift Card,madeofglass.gr,,,NO_CATEGORY_EVIDENCE,
REVIEW,cmta5nv42001n54iywdz7r09e,Naxos Art,Naxos Art Gift Card,naxos-art.gr,,,NO_CATEGORY_EVIDENCE,
REVIEW,cmta5nvi5001p54iyc6wox7hx,Neraw,Neraw Digital Gift Card | Planted Ceramic Sculpture,neraw.gr,,,NO_CATEGORY_EVIDENCE,
REVIEW,cmta5nvuy001r54iyd9p9lep4,Petridis Stores,Petridis Stores Gift Card,petridi.gr,,,NO_CATEGORY_EVIDENCE,
REVIEW,cmta5nw9j001t54iybpluaasg,Poem Luxury,Δωροκάρτα Poem-Luxury 100,poem-luxury.gr,,,NO_CATEGORY_EVIDENCE,
REVIEW,cmta5nwz8001x54iybk0fzt5z,Purity Vision COM,Purity Vision COM Gift Card,purityvision.gr,,,NO_CATEGORY_EVIDENCE,
REVIEW,cmta5nxca001z54iyk1x3ihrh,sexodonia,sexodonia Gift Card,sexodonia.gr,fashion:72,,AMBIGUOUS_CATEGORY_EVIDENCE,historical-query|data/discovery/mega-harvest-v6/clean-v6/auto-safe.csv:fashion
REVIEW,cmta5nxp2002154iym24cxgfr,Shine4ever.gr,Gift Voucher - Shine4ever.gr,shine4ever.gr,,,NO_CATEGORY_EVIDENCE,
REVIEW,cmta5ny2d002354iyvhj9mkz0,Smaragdasart,E-Δωροκάρτα 200€,smaragdasart.gr,,,NO_CATEGORY_EVIDENCE,
REVIEW,cmta5nyde002454iyc6vaizw0,Thomann,Thomann Gift Card,thomann.de,,,NO_CATEGORY_EVIDENCE,
REVIEW,cmta5nz6o002854iydldfcozj,Archives - Two And A Half - twoandahalf.gr,Gift Card Archives - Two And A Half - twoandahalf.gr,twoandahalf.gr,fashion:72,,AMBIGUOUS_CATEGORY_EVIDENCE,historical-query|data/discovery/mega-harvest-v6/clean-v6/auto-safe.csv:fashion
REVIEW,cmta5nziq002a54iyxymjif5e,VapeLux,Δωροκάρτα | VapeLux,vapelux.gr,,,NO_CATEGORY_EVIDENCE,
REVIEW,cmta5nzvj002c54iyh4tnx9jy,WARAGOD,WARAGOD Gift Card,waragod.gr,fashion:72,,AMBIGUOUS_CATEGORY_EVIDENCE,historical-query|data/discovery/mega-harvest-v6/clean-v6/auto-safe.csv:fashion
REVIEW,cmta5o0l0002g54iyn7su7krr,World of Vision,World of Vision - E-Gift Card,worldofvision.gr,,,NO_CATEGORY_EVIDENCE,
REVIEW,cmtb62g9d000794iyfpwunpxv,Camperisimo,Gift Voucher,camperisimo.gr,experiences:72,,AMBIGUOUS_CATEGORY_EVIDENCE,historical-query|data/discovery/focused-harvest-v7-run1-backup/clean-v7/auto-safe.csv:experiences
REVIEW,cmtb62gnq000994iyw80hhe2v,Deximi,Gift Voucher,deximi.gr,fashion:72,,AMBIGUOUS_CATEGORY_EVIDENCE,historical-query|data/discovery/focused-harvest-v7-run1-backup/clean-v7/auto-safe.csv:fashion
REVIEW,cmtb62h0x000b94iyehu8zlg5,Esiot,Esiot Gift Card,esiot.gr,fashion:72,,AMBIGUOUS_CATEGORY_EVIDENCE,historical-query|data/discovery/focused-harvest-v7-run1-backup/clean-v7/auto-safe.csv:fashion
REVIEW,cmtb62hqq000f94iyv9s6defo,Fluffyhugs,Δωροκάρτα,fluffyhugs.gr,,,NO_CATEGORY_EVIDENCE,
REVIEW,cmtb62i42000h94iyyunpk1hf,Fmsstores,Fmsstores Gift Card,fmsstores.gr,fashion:72,,AMBIGUOUS_CATEGORY_EVIDENCE,historical-query|data/discovery/focused-harvest-v7-run1-backup/clean-v7/auto-safe.csv:fashion
REVIEW,cmtb62iiy000j94iy06vaeu26,Frati,Frati Gift Card,frati.gr,,,NO_CATEGORY_EVIDENCE,
REVIEW,cmtb62jba000n94iyr2xf03bd,Gbroofgarden,Δωροεπιταγές,gbroofgarden.gr,hotels:72,,AMBIGUOUS_CATEGORY_EVIDENCE,historical-query|data/discovery/focused-harvest-v7-run1-backup/clean-v7/auto-safe.csv:hotels
REVIEW,cmtb62jq0000p94iyt5d2mzss,Ggio,Gift Cards,ggio.gr,,,NO_CATEGORY_EVIDENCE,
REVIEW,cmtb62kft000t94iyoh4z8szg,Hobby,Δωροεπιταγές,hobby.gr,home:72,,AMBIGUOUS_CATEGORY_EVIDENCE,historical-query|data/discovery/focused-harvest-v7-run1-backup/clean-v7/auto-safe.csv:home
REVIEW,cmtb62ksr000v94iyg6aw8eqd,Idolosalon,Idolosalon Gift Card,idolosalon.gr,,,NO_CATEGORY_EVIDENCE,
REVIEW,cmtb62l5k000x94iyh8vs7gfk,Ivanacappuccini,Ivanacappuccini Gift Card,ivanacappuccini.gr,,,NO_CATEGORY_EVIDENCE,
REVIEW,cmtb62lvm001194iyq5zn5axw,Kids Garden,Gift Card - Kids Garden,kidsgarden.gr,,,NO_CATEGORY_EVIDENCE,
REVIEW,cmtb62m9i001394iyhpjrq5xk,Leparfum,Leparfum Gift Card,leparfum.com.gr,beauty:72,,AMBIGUOUS_CATEGORY_EVIDENCE,historical-query|data/discovery/focused-harvest-v7-run1-backup/clean-v7/auto-safe.csv:beauty
REVIEW,cmtb62mmg001594iyc4wmnrb6,Lousma,Lousma Gift Card,lousma.gr,,,NO_CATEGORY_EVIDENCE,
REVIEW,cmtb62mzp001794iymwe27b7c,Morethanthis,Gift Voucher,morethanthis.gr,home:72,,AMBIGUOUS_CATEGORY_EVIDENCE,historical-query|data/discovery/focused-harvest-v7-run1-backup/clean-v7/auto-safe.csv:home
REVIEW,cmtb62ncf001994iy7kzv2o19,Motorparts,Gift Cards,motorparts.com.gr,,,NO_CATEGORY_EVIDENCE,
REVIEW,cmtb62nq0001b94iy044otdr1,Muye,Gift Card – Muye,muye.gr,,,NO_CATEGORY_EVIDENCE,
REVIEW,cmtb62ofv001f94iytqkcxpz6,Myconiankyma,Gift Cards,myconiankyma.gr,,,NO_CATEGORY_EVIDENCE,
REVIEW,cmtb62osx001h94iyfilwbr22,Najma,Δωροκάρτα,najma.gr,,,NO_CATEGORY_EVIDENCE,
REVIEW,cmtb62p6j001j94iy0wbk6jyl,Send gifts and wishes to your beloved ones,E-Gift card - Send gifts and wishes to your beloved ones,neraidochora.gr,,,NO_CATEGORY_EVIDENCE,
REVIEW,cmtb62pj6001l94iyhjzhf3fh,Nousoma,Nousoma Gift Card,nousoma.gr,,,NO_CATEGORY_EVIDENCE,
REVIEW,cmtb62pv8001n94iyge6r4vvp,Oikosterzis,GIFT CARDS,oikosterzis.gr,home:72 | sports:72,,AMBIGUOUS_CATEGORY_EVIDENCE,historical-query|data/discovery/focused-harvest-v7-run1-backup/clean-v7/auto-safe.csv:home | historical-query|data/discovery/mass-harvest-v5/clean-v5.1/high-safe.csv:sports
REVIEW,cmtb62q8a001p94iypyoj6lpu,Mideast,Gift Vouchers,mideast.gr,,,NO_CATEGORY_EVIDENCE,
REVIEW,cmtb62s09001z94iy1ofsp7v6,Serkos,Serkos Gift Card,serkos.gr,,,NO_CATEGORY_EVIDENCE,
REVIEW,cmtb62sem002194iy651slae1,Sfinx,Sfinx Gift Card,sfinx.gr,,,NO_CATEGORY_EVIDENCE,
REVIEW,cmtb62tub002994iy1zvxngz9,για Γέννηση ή Βάπτιση – TeleioPlayRoom.gr,Δωροκάρτα για Γέννηση ή Βάπτιση – TeleioPlayRoom.gr,teleioplayroom.gr,home:72,,AMBIGUOUS_CATEGORY_EVIDENCE,historical-query|data/discovery/focused-harvest-v7-run1-backup/clean-v7/auto-safe.csv:home
REVIEW,cmtb62ujl002d94iyrdhk5afr,Thejerkins,Thejerkins Gift Card,thejerkins.com.gr,,,NO_CATEGORY_EVIDENCE,
REVIEW,cmtb62uwc002f94iyphkg86az,Themeetmarket,Gift Cards,themeetmarket.gr,,,NO_CATEGORY_EVIDENCE,
REVIEW,cmtb62v9t002h94iy007xdnrw,Thermaesylla,Gift Voucher,thermaesylla.gr,,,NO_CATEGORY_EVIDENCE,
REVIEW,cmtb62vyy002l94iyjyij5od6,Trekking,Trekking Gift Card,trekking.gr,travel:72,,AMBIGUOUS_CATEGORY_EVIDENCE,historical-query|data/discovery/focused-harvest-v7-run1-backup/clean-v7/auto-safe.csv:travel
REVIEW,cmtb62wck002n94iyxu7127ef,Tudorhall,Δωροεπιταγές,tudorhall.gr,restaurants:72,,AMBIGUOUS_CATEGORY_EVIDENCE,historical-query|data/discovery/focused-harvest-v7-run1-backup/clean-v7/auto-safe.csv:restaurants
REVIEW,cmtb62x1u002r94iy0d2ufvi9,Zuraris,Δωροκάρτα,zuraris.gr,fashion:72,,AMBIGUOUS_CATEGORY_EVIDENCE,historical-query|data/discovery/focused-harvest-v7-run1-backup/clean-v7/auto-safe.csv:fashion
REVIEW,cmtb6e0nb0003i4iyoxrlm6gj,Koumoulia,Koumoulia Gift Card,koumoulia.gr,,,NO_CATEGORY_EVIDENCE,
REVIEW,cmtb6ueft00033giysa45o8eu,Abajourmonamour,Gift cards,abajourmonamour.gr,,,NO_CATEGORY_EVIDENCE,
REVIEW,cmtb6ugaj000d3giycxlifea1,Angelsflowers,Δωροκάρτα,angelsflowers.gr,,,NO_CATEGORY_EVIDENCE,
REVIEW,cmtb6ugoe000f3giyxjtw5z05,Art Center,Δωροεπιταγές,art-center.com.gr,,,NO_CATEGORY_EVIDENCE,
REVIEW,cmtb6uh27000h3giy1gjnuq15,Asian For All 50ε,Δωροκάρτα Asian For All 50ε,asianforall.gr,,,NO_CATEGORY_EVIDENCE,
REVIEW,cmtb6uijf000p3giy2w2ofsxh,Black Swan LBS,Black Swan LBS Gift Card,blackswan-lbs.gr,,,NO_CATEGORY_EVIDENCE,
REVIEW,cmtb6ujnj000v3giyddwi3q5a,Cafe Manteio - Ψυχικοί Σύμβουλοι,Δωροκάρτα - Cafe Manteio - Ψυχικοί Σύμβουλοι,cafemanteio.gr,,,NO_CATEGORY_EVIDENCE,
REVIEW,cmtb6uk1i000x3giyckrsgvzu,Calza,Δωροκάρτα - Calza,calza.gr,,,NO_CATEGORY_EVIDENCE,
REVIEW,cmtb6uke8000z3giy1zoyix8p,Cestino,Cestino Gift Card,cestino.gr,,,NO_CATEGORY_EVIDENCE,
REVIEW,cmtb6ul4v00133giyhgnnpf1j,ColorDrop,ColorDrop Gift Card,colordrop.gr,home:72,,AMBIGUOUS_CATEGORY_EVIDENCE,historical-query|data/discovery/review-universe-v1/second-pass-safe.csv:home
REVIEW,cmtb6uli700153giy75i0msk9,Confetti Gifts,Confetti Gifts Gift Card,confetti-gifts.gr,,,NO_CATEGORY_EVIDENCE,
REVIEW,cmtb6um9000193giyhxszewcb,Χάρισε μια Δωροκάρτα - District75,Χάρισε μια Δωροκάρτα - District75,district75.gr,sports:72,,AMBIGUOUS_CATEGORY_EVIDENCE,historical-query|data/discovery/review-universe-v1/second-pass-safe.csv:sports
REVIEW,cmtb6umlr001b3giycaopqllh,DMK Tools,DMK Tools Gift Card,dmktools.gr,,,NO_CATEGORY_EVIDENCE,
REVIEW,cmtb6unda001f3giyh9ahgeme,Espressoshop.gr Νο 1 Κατάστημα πώλησης ...,Δωροκάρτα - Espressoshop.gr Νο 1 Κατάστημα πώλησης ...,espressoshop.gr,,,NO_CATEGORY_EVIDENCE,
REVIEW,cmtb6uq1p001s3giyrbtdkh3t,Αγοράστε μία Δωροεπιταγή - Gifts 4 All,Αγοράστε μία Δωροεπιταγή - Gifts 4 All,gifts4all.com.gr,,,NO_CATEGORY_EVIDENCE,
REVIEW,cmtb6uqep001u3giya6xdb0l8,Globi,Globi Gift Card,globi.gr,gaming:72,,AMBIGUOUS_CATEGORY_EVIDENCE,historical-query|data/discovery/review-universe-v1/second-pass-safe.csv:gaming
REVIEW,cmtb6uqs6001w3giyxb5aq7nl,Groombox,Δωροκάρτα - Groombox,groombox.gr,,,NO_CATEGORY_EVIDENCE,
REVIEW,cmtb6ur4z001y3giyzx2tgh2i,Happydonkey,Δωροκάρτα,happydonkey.gr,,,NO_CATEGORY_EVIDENCE,
REVIEW,cmtb6urwa00223giyk2encfwh,Heraklion Improv Theater,Δωροκάρτα Heraklion Improv Theater,heraklionimprov.gr,,,NO_CATEGORY_EVIDENCE,
REVIEW,cmtb6uso100263giyirsjmlru,Joykidsboutique,Δωροκάρτα,joykidsboutique.gr,,,NO_CATEGORY_EVIDENCE,
REVIEW,cmtb6uukg002g3giyhpszyjx7,Μασάζ L'Arte di Massaggio -,Δωροκάρτα Μασάζ L'Arte di Massaggio -,lartedimassaggio.gr,,,NO_CATEGORY_EVIDENCE,
REVIEW,cmtb6uux3002i3giypec585z9,Lavalmore,Δωροκάρτα,lavalmore.gr,fashion:72,,AMBIGUOUS_CATEGORY_EVIDENCE,historical-query|data/discovery/review-universe-v1/second-pass-safe.csv:fashion
REVIEW,cmtb6uw0e002o3giyafr6pxqp,Linson Moto,Linson Moto Gift Card,linsonmoto.gr,,,NO_CATEGORY_EVIDENCE,
REVIEW,cmtb6uxv7002y3giyuk6pp01x,Nakasconcept,Δωροκάρτες,nakasconcept.gr,,,NO_CATEGORY_EVIDENCE,
REVIEW,cmtb6uyyo00343giydgpq1m37,Olia,Δωροκάρτα,olia.com.gr,,,NO_CATEGORY_EVIDENCE,
REVIEW,cmtb6uzbu00363giyjxgyidjk,OMG,OMG Gift Card,omg.gr,,,NO_CATEGORY_EVIDENCE,
REVIEW,cmtb6uzqb00383giyfbh3f5i0,Optika Liolios,Optika Liolios Gift Card,optikaliolios.gr,,,NO_CATEGORY_EVIDENCE,
REVIEW,cmtb6v0i7003c3giyqzykbead,Parenting Courses,Parenting Courses Gift Card,parentingcourses.gr,,,NO_CATEGORY_EVIDENCE,
REVIEW,cmtb6v18b003g3giyvg8zhfi4,Power Energy,Power Energy Gift Card,powerenergy.gr,technology:72,,AMBIGUOUS_CATEGORY_EVIDENCE,historical-query|data/discovery/review-universe-v1/second-pass-safe.csv:technology
REVIEW,cmtb6v1zk003k3giylp5bfu63,Princess,Δωροκάρτες - Princess,princess.com.gr,,,NO_CATEGORY_EVIDENCE,
REVIEW,cmtb6v2c1003m3giysn0i7ou6,Project Soma,Δωροκάρτα | Project Soma | projectsoma.gr,projectsoma.gr,fashion:72,,AMBIGUOUS_CATEGORY_EVIDENCE,historical-query|data/discovery/review-universe-v1/second-pass-safe.csv:fashion
REVIEW,cmtb6v334003q3giysxf9hqnj,Smarten,Δωροκάρτα,smarten.gr,experiences:72,,AMBIGUOUS_CATEGORY_EVIDENCE,historical-query|data/discovery/review-universe-v1/second-pass-safe.csv:experiences
REVIEW,cmtb6v3fr003s3giyb487xou6,Soandjos,Δωροκάρτα,soandjos.gr,,,NO_CATEGORY_EVIDENCE,
REVIEW,cmtb6v4jr003y3giytfu9ztox,Δωροκάρτα Spaghetti Lab,Gift Card Δωροκάρτα Spaghetti Lab | Το Πιο Νόστιμο Δώρο ...,spaghettilab.gr,,,NO_CATEGORY_EVIDENCE,
REVIEW,cmtb6v5ah00423giyi23icb4a,Suenobags,Δωροκάρτα,suenobags.gr,fashion:72,,AMBIGUOUS_CATEGORY_EVIDENCE,historical-query|data/discovery/review-universe-v1/second-pass-safe.csv:fashion
REVIEW,cmtb6v5n300443giyc38lkfcr,for Car Lovers - Swissvax,Gift Voucher - for Car Lovers - Swissvax,swissvax.gr,,,NO_CATEGORY_EVIDENCE,
REVIEW,cmtb6v6cq00483giyyk07at2d,Toaromatiseftixias,Δωροκάρτα,toaromatiseftixias.gr,,,NO_CATEGORY_EVIDENCE,
REVIEW,cmtb6v7hv004e3giylwic6g8f,Vinoultura gift cart,Vinoultura gift cart - Δωροκάρτα,vinoultura.gr,,,NO_CATEGORY_EVIDENCE,
REVIEW,cmtb6v8x4004m3giyp2bbit9u,Zooparadise,Δωροκάρτα,zooparadise.gr,,,NO_CATEGORY_EVIDENCE,
REVIEW,cmtb76yz20009dkiysecoqwih,Banya,Banya Gift Card,banya.gr,home:72,,AMBIGUOUS_CATEGORY_EVIDENCE,historical-query|data/discovery/mass-harvest-v5/clean-v5.1/high-safe.csv:home
REVIEW,cmtb76zcu000bdkiy6hek2eml,Blue Blue,Blue Blue Gift Card,blueblue.gr,,,NO_CATEGORY_EVIDENCE,
REVIEW,cmtb7703h000fdkiy6xz320nd,Caravin,Caravin Gift Card,caravin.gr,,,NO_CATEGORY_EVIDENCE,
REVIEW,cmtb770gt000hdkiyjze93gkc,Chaniapetworld,Δωροκάρτα,chaniapetworld.gr,,,NO_CATEGORY_EVIDENCE,
REVIEW,cmtb770up000jdkiys2xgzyjl,Archives,GIft Cards Archives,cicado.gr,,,NO_CATEGORY_EVIDENCE,
REVIEW,cmtb7718b000ldkiynw5j1q46,Cordella,Δωροκάρτα 500€,cordella.gr,hotels:72,,AMBIGUOUS_CATEGORY_EVIDENCE,historical-query|data/discovery/review-universe-v4/auto-safe.csv:hotels
REVIEW,cmtb771lh000ndkiytvwtqvrd,Crescendo,Gift Cards - Crescendo,crescendo-rodi.gr,fashion:72,,AMBIGUOUS_CATEGORY_EVIDENCE,historical-query|data/discovery/review-universe-v4/auto-safe.csv:fashion
REVIEW,cmtb772gg000rdkiyb7t4zkvz,DerMARGY LAB,DerMARGY LAB Gift Card,dermargylab.gr,sports:72,,AMBIGUOUS_CATEGORY_EVIDENCE,historical-query|data/discovery/mass-harvest-v5/clean-v5.1/high-safe.csv:sports
REVIEW,cmtb773o9000xdkiy4c56wk0k,Easlanidis,Δωροκάρτα,easlanidis.gr,experiences:72,,AMBIGUOUS_CATEGORY_EVIDENCE,historical-query|data/discovery/mass-harvest-v5/clean-v5.1/high-safe.csv:experiences
REVIEW,cmtb774sd0013dkiy6s1lutst,Feed Me,Feed Me Gift Card,feedmepetshop.gr,,,NO_CATEGORY_EVIDENCE,
REVIEW,cmtb775690015dkiy5pgfyay2,Greek Designers Store,Gift Card | Greek Designers Store,felicia-concept.gr,fashion:72,,AMBIGUOUS_CATEGORY_EVIDENCE,historical-query|data/discovery/review-universe-v4/auto-safe.csv:fashion
REVIEW,cmtb775ig0017dkiyzj5hwneh,Femmefatale,Δωροκάρτα,femmefatale.gr,,,NO_CATEGORY_EVIDENCE,
REVIEW,cmtb775vo0019dkiybvv3qv3k,5pm,Gift Card - 5pm,fivepm.gr,fashion:72,,AMBIGUOUS_CATEGORY_EVIDENCE,historical-query|data/discovery/mass-harvest-v5/clean-v5.1/high-safe.csv:fashion
REVIEW,cmtb7774t001fdkiyhs33c0v6,God Bless Women,25 CHF Gift card,godblesswomen.gr,sports:72,,AMBIGUOUS_CATEGORY_EVIDENCE,historical-query|data/discovery/review-universe-v4/auto-safe.csv:sports
REVIEW,cmtb778bh001ldkiylnmlumkn,Headplus,Δωροκάρτα,headplus.gr,beauty:72,,AMBIGUOUS_CATEGORY_EVIDENCE,historical-query|data/discovery/mass-harvest-v5/clean-v5.1/high-safe.csv:beauty
REVIEW,cmtb77bgd0021dkiyy3u2x8qn,Lookshop,Lookshop Gift Card,lookshop.gr,,,NO_CATEGORY_EVIDENCE,
REVIEW,cmtb77bua0023dkiy8p69dxkl,Manicurious,Manicurious Gift Card,manicurious.gr,,,NO_CATEGORY_EVIDENCE,
REVIEW,cmtb77c840025dkiy8nltursd,Melissinos Sandals,Gift Voucher - 55,melissinos-sandals.gr,,,NO_CATEGORY_EVIDENCE,
REVIEW,cmtb77ckx0027dkiyltinns4m,Mix & Match,Mix & Match Gift Card,mixandmatch.gr,hotels:72,,AMBIGUOUS_CATEGORY_EVIDENCE,historical-query|data/discovery/mass-harvest-v5/clean-v5.1/high-safe.csv:hotels
REVIEW,cmtb77dqg002ddkiy5xfdestp,Ambassador Mykonos,Gift Cards | Ambassador Mykonos,myconianambassador.gr,,,NO_CATEGORY_EVIDENCE,
REVIEW,cmtb77evp002jdkiymdaiyh09,Nur and Co,Δωροκάρτες - Nur and Co,nurnco.gr,,,NO_CATEGORY_EVIDENCE,
REVIEW,cmtb77gbh002rdkiyzvvjbldl,Paco Δωροκάρτες από,Paco Δωροκάρτες από Gift Card,pacoartcenter.gr,,,NO_CATEGORY_EVIDENCE,
REVIEW,cmtb77h85002vdkiyrade1jng,Pentavras Kes,Αγοράστε μία Δωροεπιταγή,pentavras-kes.gr,,,NO_CATEGORY_EVIDENCE,
REVIEW,cmtb77hz8002zdkiyyqqxt5g5,Pleko,Δωροκάρτα,pleko.gr,,,NO_CATEGORY_EVIDENCE,
REVIEW,cmtb77ipg0033dkiyv9x4fkyi,Perfect Gift for Any Occasion,Gift Card | Perfect Gift for Any Occasion,purebubs.gr,experiences:72,,AMBIGUOUS_CATEGORY_EVIDENCE,historical-query|data/discovery/mass-harvest-v5/clean-v5.1/high-safe.csv:experiences
REVIEW,cmtb77j2x0035dkiyogo2a953,s Αρχεία,Gift Cards Αρχεία,rocksugarbaby.gr,,,NO_CATEGORY_EVIDENCE,
REVIEW,cmtb77jgp0037dkiywuiflh4j,Sandinmytoes,Sandinmytoes Gift Card,sandinmytoes.gr,,,NO_CATEGORY_EVIDENCE,
REVIEW,cmtb77ju00039dkiy0c3cnw1w,Sanopwleio,Αγοράστε μία Δωροεπιταγή,sanopwleio.gr,,,NO_CATEGORY_EVIDENCE,
REVIEW,cmtb77k6s003bdkiymw7vsc5w,Skinreal,Δωροκάρτα,skinreal.gr,,,NO_CATEGORY_EVIDENCE,
REVIEW,cmtb77kk9003ddkiyhamgukvo,SUN ΦΛΕΡΤ,SUN ΦΛΕΡΤ - Gift Card,sunflirt.gr,,,NO_CATEGORY_EVIDENCE,
REVIEW,cmtb77kvs003edkiy6w6lndbt,Tennis Garden,Tennis Garden Gift Card,tennisgarden.gr,,,NO_CATEGORY_EVIDENCE,
REVIEW,cmtb77lnk003idkiykm5i5vto,Theλamdaproject,Theλamdaproject Gift Card,thelproject.gr,,,NO_CATEGORY_EVIDENCE,
REVIEW,cmtb77mdy003mdkiy52m5hkpz,Tokopeli,Δωροκάρτα,tokopeli.gr,,,NO_CATEGORY_EVIDENCE,
REVIEW,cmtb77mrq003odkiy1tu5wv2w,Toolsmania,Αγοράστε μία Δωροεπιταγή,toolsmania.gr,,,NO_CATEGORY_EVIDENCE,
REVIEW,cmtb77ni3003sdkiyl9m6uyo5,Tresjoli,Αγοράστε μία Δωροεπιταγή,tresjoli.gr,,,NO_CATEGORY_EVIDENCE,
REVIEW,cmtb77nwo003udkiy9wf8eyjq,Trimis,Αγοράστε μία Δωροεπιταγή,trimis.com.gr,,,NO_CATEGORY_EVIDENCE,
REVIEW,cmtb77onx003ydkiy1syn6iip,Τζούγκαρης,Τζούγκαρης Gift Card,tzougaris.gr,,,NO_CATEGORY_EVIDENCE,
REVIEW,cmtb77p0o0040dkiyr700iran,Valsamakis,Valsamakis Gift Card,valsamakis.gr,,,NO_CATEGORY_EVIDENCE,
REVIEW,cmtb77pdh0042dkiyjcs75ba2,Vicious Cycles Athens,Vicious Cycles Athens Gift Card,vca.gr,fashion:72,,AMBIGUOUS_CATEGORY_EVIDENCE,historical-query|data/discovery/mass-harvest-v5/clean-v5.1/high-safe.csv:fashion
REVIEW,cmtb77pqn0044dkiykqllgm6x,Vinoteca,Δωροκάρτα 100,vinoteca.gr,travel:72,,AMBIGUOUS_CATEGORY_EVIDENCE,historical-query|data/discovery/review-universe-v4/auto-safe.csv:travel
REVIEW,cmtb77q3z0046dkiyh7mroiio,WEDDING DAY,Δωροκάρτα - WEDDING DAY,wedday.gr,,,NO_CATEGORY_EVIDENCE,
REVIEW,cmtb77qi60048dkiyu8khlp3s,Alexandris Stores,Alexandris Stores Gift Card,alexandrisstores.gr,,,NO_CATEGORY_EVIDENCE,
REVIEW,cmtb77s4y004fdkiyo03xtcof,Badila,Badila Gift Card,badila.gr,,,NO_CATEGORY_EVIDENCE,
REVIEW,cmtb77ta1004ldkiysbs31g9p,Bmwpap,Αγοράστε μία Δωροεπιταγή,bmwpap.gr,travel:72,,AMBIGUOUS_CATEGORY_EVIDENCE,historical-query|data/discovery/review-universe-v4/auto-safe.csv:travel
REVIEW,cmtb77tnt004ndkiyw1tey12d,Chania Culture,Chania Culture Gift Card,chania-culture.gr,,,NO_CATEGORY_EVIDENCE,
REVIEW,cmtb77u1e004pdkiy841o8nlg,Αγοράστε μια δωροεπιταγή,Αγοράστε μια δωροεπιταγή,cheapet.gr,,,NO_CATEGORY_EVIDENCE,
REVIEW,cmtb77urx004tdkiyvtb2mf7m,Create Athens,Create Athens Gift Card,createathens.gr,,,NO_CATEGORY_EVIDENCE,
REVIEW,cmtb77v6h004vdkiy54z2aiui,Cuka,Cuka Gift Card,cuka.gr,,,NO_CATEGORY_EVIDENCE,
REVIEW,cmtb77vj5004xdkiy9musmw5c,Dalisleather,Δωροκάρτα,dalisleather.gr,,,NO_CATEGORY_EVIDENCE,
REVIEW,cmtb77wmk0053dkiy6y7xeut4,Houhouliarika,Αγοράστε μία Δωροεπιταγή,houhouliarika.gr,home:72,,AMBIGUOUS_CATEGORY_EVIDENCE,historical-query|data/discovery/review-universe-v4/auto-safe.csv:home
REVIEW,cmtb77xrz0059dkiy8ihjp8lp,Mylifelikes,Αγοράστε μία Δωροεπιταγή,mylifelikes.gr,,,NO_CATEGORY_EVIDENCE,
REVIEW,cmtb77y4v005bdkiyuijz0q0u,Quad & Buggy Safari Crete,Gift Card - Quad & Buggy Safari Crete,offroadcrete.gr,,,NO_CATEGORY_EVIDENCE,
REVIEW,cmtb77yht005ddkiykt4vsu49,Times Store,Times Store Gift Card,timesstore.gr,,,NO_CATEGORY_EVIDENCE,
REVIEW,cmtb77zm2005jdkiy64jdfokt,Δωροεπιταγές,Δωροεπιταγές – Gift Cards,blue-print.gr,,,NO_CATEGORY_EVIDENCE,
REVIEW,cmtb77zz5005ldkiyl90mvph8,Carrot Store,Carrot Store Gift Card,carrotstore.gr,,,NO_CATEGORY_EVIDENCE,
REVIEW,cmtb780qd005pdkiy9ptikri3,Αγόρασε μία Δωροκάρτα,Αγόρασε μία Δωροκάρτα,dazzeal.gr,,,NO_CATEGORY_EVIDENCE,
REVIEW,cmtb781dk005rdkiy10vs3wvb,Drone House,Drone House Gift Card,dronehouse.gr,,,NO_CATEGORY_EVIDENCE,
REVIEW,cmtb78232005vdkiy8i7y5w4n,Elbebeboutique,Δωροκάρτα,elbebeboutique.gr,fashion:72,,AMBIGUOUS_CATEGORY_EVIDENCE,historical-query|data/discovery/review-universe-v4/auto-safe.csv:fashion
REVIEW,cmtb782g1005xdkiyq9opz2o1,Elemental Studios,Gift Card | Elemental Studios,elementalpilates.gr,,,NO_CATEGORY_EVIDENCE,
REVIEW,cmtb782wo005zdkiyoydj8owp,Αγοράστε μία Δωροκάρτα,Αγοράστε μία Δωροκάρτα,fifthelement.gr,experiences:72,,AMBIGUOUS_CATEGORY_EVIDENCE,historical-query|data/discovery/review-universe-v4/auto-safe.csv:experiences
REVIEW,cmtb783ak0061dkiyezmzss7i,GreenArt,Δωροκάρτα GreenArt,greenartstore.gr,,,NO_CATEGORY_EVIDENCE,
REVIEW,cmtb783oh0063dkiy8ckdn4vm,HeHe Messy Play,HeHe Messy Play Gift Card,hehe-messyplay.gr,,,NO_CATEGORY_EVIDENCE,
REVIEW,cmtb7854p0069dkiyksq1j4oy,Kakiasoptics,Δωροκάρτα | Gift card,kakiasoptics.gr,,,NO_CATEGORY_EVIDENCE,
REVIEW,cmtb785hb006bdkiyfv69uwot,Konstantinidis Dental,Konstantinidis Dental Gift Card,konstantinidisdental.gr,,,NO_CATEGORY_EVIDENCE,
REVIEW,cmtb7865x006edkiy01ch68q5,Archives - Φωτιστικά Κουρτάκης,gift card Archives - Φωτιστικά Κουρτάκης,kourtakis-lighting.gr,,,NO_CATEGORY_EVIDENCE,
REVIEW,cmtb786je006gdkiyxqepltuw,Loriot,Αγοράστε μία Δωροεπιταγή,loriot.gr,,,NO_CATEGORY_EVIDENCE,
REVIEW,cmtb7870h006idkiywp9f3dvf,Αρχεία,Δωροκάρτα Αρχεία,lovelucy.gr,fashion:72,,AMBIGUOUS_CATEGORY_EVIDENCE,historical-query|data/discovery/review-universe-v4/auto-safe.csv:fashion
REVIEW,cmtb78851006odkiyq49ms3f9,Στείλτε μια Δωροκάρτα,Στείλτε μια Δωροκάρτα,maamonpapa.gr,,,NO_CATEGORY_EVIDENCE,
REVIEW,cmtb788lp006qdkiy17zrzzhw,Αρχεία,Gift card Αρχεία,malleconcept.gr,,,NO_CATEGORY_EVIDENCE,
REVIEW,cmtb788zr006sdkiyyyqnweis,Melloncollection,Melloncollection Gift Card,melloncollection.gr,,,NO_CATEGORY_EVIDENCE,
REVIEW,cmtb789dc006udkiyns09pnli,Mom & Me,Mom & Me Gift Card,momandme.gr,,,NO_CATEGORY_EVIDENCE,
REVIEW,cmtb78a69006ydkiybuyeg7l8,Plegmashop,Gift Voucher,plegmashop.gr,,,NO_CATEGORY_EVIDENCE,
REVIEW,cmtb78bdk0072dkiyytg3oz0b,Sportboutique,Gift Voucher,sportboutique.gr,fashion:72,,AMBIGUOUS_CATEGORY_EVIDENCE,historical-query|data/discovery/review-universe-v4/auto-safe.csv:fashion
REVIEW,cmtb78bqw0074dkiyvvhnv4d4,Stemalaser,Stemalaser Gift Card,stemalaser.gr,technology:72,,AMBIGUOUS_CATEGORY_EVIDENCE,historical-query|data/discovery/review-universe-v4/auto-safe.csv:technology
REVIEW,cmtb78cit0078dkiyvd1zkppq,για πρωτότυπα και όμορφα δώρα!,Gift Card για πρωτότυπα και όμορφα δώρα!,talesofales.gr,,,NO_CATEGORY_EVIDENCE,
REVIEW,cmtb78cvq007adkiylvhj4shj,Lonis Tattoo Studio,Lonis Tattoo Studio Gift Card,tattooathens.gr,,,NO_CATEGORY_EVIDENCE,
REVIEW,cmtb78da6007cdkiy8c9l1s4m,Drive at Serres Racing Circuit,Gift Card - Drive at Serres Racing Circuit,track-speed.gr,,,NO_CATEGORY_EVIDENCE,
REVIEW,cmtb78dnx007edkiybk18rh14,Αρχεία - Αρωματοπωλείον,Δωροκάρτα Αρχεία - Αρωματοπωλείον,yourscent.gr,beauty:72,,AMBIGUOUS_CATEGORY_EVIDENCE,historical-query|data/discovery/review-universe-v4/auto-safe.csv:beauty
REVIEW,cmtb78e22007gdkiyojyhhg7e,Zador,Gift Voucher 100 EUR,zador.gr,,,NO_CATEGORY_EVIDENCE,
REVIEW,cmtb78efu007idkiysrm7kvql,Kymasurf,Kymasurf Gift Card,kymasurf.gr,,,NO_CATEGORY_EVIDENCE,
REVIEW,cmtb78f6y007mdkiyuykz63vg,Thiamia,Thiamia Gift Card,thiamia.gr,,,NO_CATEGORY_EVIDENCE,
REVIEW,cmtb78fkx007odkiylrl8o7it,Hobbywood,ΔΩΡΟΚΑΡΤΑ 100€,hobbywood.gr,,,NO_CATEGORY_EVIDENCE,
REVIEW,cmtb78fy5007qdkiyxevs1v0x,Make a gift,Make a gift,simclub.gr,,,NO_CATEGORY_EVIDENCE,
REVIEW,cmtb78gcm007sdkiyiijij48q,I Thought Of You,I Thought Of You,ymonanatripsis.gr,,,NO_CATEGORY_EVIDENCE,
REVIEW,cmtb7hvgv000104iytg42blo5,Virtual Reality Athens,Gift vouchers - Virtual Reality Athens,virtual-room.com,,,NO_CATEGORY_EVIDENCE,
REVIEW,cmtb7hvx4000304iy23zcuddb,COYA Mykonos,Monetary Gift Voucher - COYA Mykonos,giftpro.co.uk,,,NO_CATEGORY_EVIDENCE,
REVIEW,cmtb7hwb9000504iyt3p5w1tc,Zuma Mykonos,monetary gift voucher - Zuma Mykonos,giftpro.co.uk,,,NO_CATEGORY_EVIDENCE,
REVIEW,cmtb7hxhc000b04iy3qi3vpga,Christakis,Christakis Gift Card,christakisathens.com,,,NO_CATEGORY_EVIDENCE,
REVIEW,cmtb7hxus000d04iy47r9hthi,Cretegolfclub,Gift Cards,cretegolfclub.com,,,NO_CATEGORY_EVIDENCE,
REVIEW,cmtb7hy8e000f04iyjz2kwfs2,Cretelocaladventures,Cretelocaladventures Gift Card,cretelocaladventures.com,,,NO_CATEGORY_EVIDENCE,
REVIEW,cmtb7hzpu000n04iyfkfu5yll,Mercato,Mercato Gift Card,giftpro.co.uk,,,NO_CATEGORY_EVIDENCE,
REVIEW,cmtb7i03o000p04iysnqf105v,Herminaathens,Herminaathens Gift Card,herminaathens.com,,,NO_CATEGORY_EVIDENCE,
REVIEW,cmtb7i0h0000r04iyqck32vp4,Northsantorini,Gift Cards,northsantorini.com,,,NO_CATEGORY_EVIDENCE,
REVIEW,cmtb7i194000v04iygg8ltr9f,Prepare for Greece,Prepare for Greece Greek Language Course Gift Card,prepareforgreece.com,,,NO_CATEGORY_EVIDENCE,
REVIEW,cmtb7i2oe001204iynczh2811,Detail,Gift Card Detail,estiathens.com,,,NO_CATEGORY_EVIDENCE,
REVIEW,cmtb7i31b001404iy197cb72x,Eureka Athens,Eureka Athens Gift Card,eurekathens.com,,,NO_CATEGORY_EVIDENCE,
REVIEW,cmtb7i3tj001804iyl1xal4vq,MATI Santorini,Gift Cards - MATI Santorini,matiartgallery.com,,,NO_CATEGORY_EVIDENCE,
REVIEW,cmtb7i474001904iye9qfchj3,Monkees of Athens,Monkees of Athens Gift Card,monkeesofathens.com,,,NO_CATEGORY_EVIDENCE,
REVIEW,cmtb7i5bs001f04iyz8mjtcii,Sunrisemykonos,Gift Cards,sunrisemykonos.com,,,NO_CATEGORY_EVIDENCE,
REVIEW,cmtb7i5pu001h04iyyjorsy8i,Dia Tauta Gift Shop e,Dia Tauta Gift Shop e-gift card,diatautaathens.com,,,NO_CATEGORY_EVIDENCE,
REVIEW,cmtb7r1ep0001u8iyqwzxbtq4,LEGO Store Greece,LEGO Store Greece Gift Card,storegreece.gr,,,NO_CATEGORY_EVIDENCE,
REVIEW,cmtb7r2hm0006u8iyspxxt678,Cla Chic,Cla Chic Gift Card,clachic.gr,,,NO_CATEGORY_EVIDENCE,
REVIEW,cmtb7r2w80008u8iyzhcede6d,Digas,Digas Gift Card,digas.gr,,,NO_CATEGORY_EVIDENCE,
REVIEW,cmtb7r39e000au8iy6kw8beht,Dioptra,Dioptra Gift Card,dioptra.gr,books:72,,AMBIGUOUS_CATEGORY_EVIDENCE,historical-query|data/discovery/review-universe-v4/auto-safe.csv:books
