status,giftCardId,merchantName,giftCardTitle,categorySlug,score,reason,evidence,candidates,officialUrl,websiteUrl
SAFE,cmta1mf5900syq8iyejmu80s9,1art,Gift Cards,home,150,,operator-reviewed-official-metadata:1art.gr,home:150,https://1art.gr/,https://1art.gr
SAFE,cmta1f09t000nq8iyx3uehika,Adagio,Adagio Gift Voucher 200 euro,music,150,,operator-reviewed-official-metadata:adagio.gr,music:150,https://www.adagio.gr/el/,https://adagio.gr
SAFE,cmta1hb5r008iq8iyqvjs32oy,Ammashop,GIFT CARD 100€ - ammashop,fashion,150,,operator-reviewed-official-metadata:ammashop.gr,fashion:150,https://www.ammashop.gr/gift-cards,https://ammashop.gr
SAFE,cmta5nz6o002854iydldfcozj,Archives - Two And A Half - twoandahalf.gr,Gift Card Archives - Two And A Half - twoandahalf.gr,fashion,150,,operator-reviewed-official-metadata:twoandahalf.gr,fashion:150 | jewelry-watches:79 | marketplaces:61,https://www.twoandahalf.gr/product-category/gift-card/,https://twoandahalf.gr
SAFE,cmta5nkqd000354iye66fxcah,Atelie,Atelie Gift Card,books,150,,operator-reviewed-official-metadata:atelie.com.gr,books:150,https://www.atelie.com.gr/178-giftcards,https://atelie.com.gr
SAFE,cmta1kk4900lkq8iyorzj05jc,Celesteshop,Gift Card 50,kids-baby,153,,operator-reviewed-official-metadata:celesteshop.gr | page-excerpt:kids-baby-el,kids-baby:153 | automotive:84 | education:80 | gaming:73 | technology:72,https://celesteshop.gr/c/dwrokarta/,https://celesteshop.gr
SAFE,cmta1mq7900u2q8iy41zkg4cg,Cigarsmoke,Gift Card Αρχεία,tobacco-vaping,150,,operator-reviewed-official-metadata:cigarsmoke.gr,tobacco-vaping:150 | beauty:74 | experiences:62,https://cigarsmoke.gr/el/gift-cards/,https://cigarsmoke.gr
SAFE,cmtb6ul4v00133giyhgnnpf1j,ColorDrop,ColorDrop Gift Card,gifts-concept-stores,150,,operator-reviewed-official-metadata:colordrop.gr,gifts-concept-stores:150 | education:80 | food-delivery:63,https://colordrop.gr/giftcard/,https://colordrop.gr
SAFE,cmtb7718b000ldkiynw5j1q46,Cordella,Δωροκάρτα 500€,marketplaces,150,,operator-reviewed-official-metadata:cordella.gr,marketplaces:150 | hotels:113 | experiences:110 | pets:86 | automotive:84,https://www.cordella.gr/shop/empeiries/taxidia-metakiniseis/xenodoxeia-diamones/dorokarta-500_10995,https://cordella.gr
SAFE,cmta1i6dl00beq8iybqfqttuj,Erero,Erero Gift Card,fashion,150,,operator-reviewed-official-metadata:erero.gr,fashion:150 | jewelry-watches:79,https://erero.gr/,https://erero.gr
SAFE,cmta1lldv00pqq8iyvvgnzsz2,Floky,Gift Card Floky,sports,153,,operator-reviewed-official-metadata:floky.gr | page-excerpt:sports-outdoor-el,sports:153,https://floky.gr/products/gift-card-floky,https://floky.gr
SAFE,cmta1f8o2001lq8iy7sedywm0,Greenpeace,Δωροκάρτα,gifts-concept-stores,150,,operator-reviewed-official-metadata:eshop.greenpeacegreece.org,gifts-concept-stores:150 | books:68,https://eshop.greenpeacegreece.org/product/dwrokarta/,https://eshop.greenpeacegreece.org
SAFE,cmta1icyu00c8q8iytwvndmek,Harmanis,Δωροεπιταγή 300 ευρώ,beauty,150,,operator-reviewed-official-metadata:harmanis.gr,beauty:150,https://harmanis.gr/,https://harmanis.gr
SAFE,cmta1lj9c00piq8iynmfth5h9,Kantarzoglou,€150.00 Gift Card,home,153,,operator-reviewed-official-metadata:kantarzoglou.gr | page-excerpt:home-living-el,home:153 | arts-crafts:81 | hotels:65,https://www.kantarzoglou.gr/el/my-gift-cards/,https://kantarzoglou.gr
SAFE,cmta1najv00waq8iye2j13aza,Lalita,Christmas Gift Card - Lalita,spa-wellness,150,,operator-reviewed-official-metadata:lalita.gr,spa-wellness:150,https://lalita.gr/,https://lalita.gr
SAFE,cmta5nrpi001554iy38lsipa9,Love It,Love.it Gift Card Digital,home,156,,operator-reviewed-official-metadata:love-it.gr | page-excerpt:home-living | page-excerpt:home-living-el,home:156 | books:68 | restaurants:66,https://www.love-it.gr/en/design-product/prid/8281/r/love-it-gift-card-digital?srsltid=AfmBOor7AsdQ_AFodYvX0jyxZK00l9QvefpYawTKuMYoplbS1_PTWrn1,https://love-it.gr
SAFE,cmta1kuab00mqq8iyw8fqsoh4,Luvnroll,Gift Voucher,experiences,153,,operator-reviewed-official-metadata:luvnroll.com | page-excerpt:experience,experiences:153 | fashion:115,https://luvnroll.com/,https://luvnroll.com
SAFE,cmta1ircx00dyq8iygrrclm5b,Maiarea,GIFT CARD-ΔΩΡΟΕΠΙΤΑΓΗ,fashion,153,,operator-reviewed-official-metadata:maiarea.gr | page-excerpt:fashion,fashion:153 | hotels:68 | experiences:62,https://maiarea.gr/product-category/giftcard/,https://maiarea.gr
SAFE,cmta1f52d0015q8iyugckloir,Mar & Mar,Mar & Mar Gift Card,kids-baby,153,,operator-reviewed-official-metadata:marandmar.gr | page-excerpt:kids-baby-el,kids-baby:153 | automotive:84 | education:80 | jewelry-watches:79 | beauty:74,https://www.marandmar.gr/,https://marandmar.gr
SAFE,cmtb62q8a001p94iypyoj6lpu,Mideast,Gift Vouchers,travel,156,,operator-reviewed-official-metadata:online.mideast.gr | page-excerpt:travel | page-excerpt:travel-el,travel:156 | books:68 | hotels:65,https://online.mideast.gr/gift-vouchers/,https://online.mideast.gr
SAFE,cmta1ng3h00wwq8iy0jg8v49x,Minotavros,Redeem Gift Certificate,home,150,,operator-reviewed-official-metadata:minotavros.gr,home:150,https://minotavros.gr/,https://minotavros.gr
SAFE,cmta1ixm400euq8iy6w8fh6ah,Misa,MISA E-GIFT Card,beauty,153,,operator-reviewed-official-metadata:misa.gr | page-excerpt:beauty,beauty:153 | home:107 | automotive:84,https://www.misa.gr/gift-card,https://misa.gr
SAFE,cmta1ky2r00n6q8iy6novjneu,Oreasoncs,Gift Certificate,gifts-concept-stores,150,,operator-reviewed-official-metadata:oreasoncs.gr,gifts-concept-stores:150 | music:85 | jewelry-watches:79 | gaming:73 | sports:72,https://www.oreasoncs.gr/doroepitagi/,https://oreasoncs.gr
SAFE,cmtb6v18b003g3giyvg8zhfi4,Power Energy,Power Energy Gift Card,technology,153,,operator-reviewed-official-metadata:powerenergy.gr | page-excerpt:technology,technology:153 | experiences:62,https://www.powerenergy.gr/shop/dorokarta/,https://powerenergy.gr
SAFE,cmtb77ju00039dkiy0c3cnw1w,Sanopwleio,Αγοράστε μία Δωροεπιταγή,home,153,,operator-reviewed-official-metadata:sanopwleio.gr | page-excerpt:home-living-el,home:153,https://www.sanopwleio.gr/account/voucher,https://sanopwleio.gr
SAFE,cmtb62p6j001j94iy0wbk6jyl,Send gifts and wishes to your beloved ones,E-Gift card - Send gifts and wishes to your beloved ones,gifts-concept-stores,150,,operator-reviewed-official-metadata:neraidochora.gr,gifts-concept-stores:150,https://www.neraidochora.gr/en-gb/e-gift-card?srsltid,https://neraidochora.gr
SAFE,cmtb62s09001z94iy1ofsp7v6,Serkos,Serkos Gift Card,jewelry-watches,156,,operator-reviewed-official-metadata:serkos.gr | page-excerpt:jewelry | page-excerpt:jewelry-el,jewelry-watches:156 | gaming:76 | home:67,https://www.serkos.gr/en/gift-card?srsltid,https://serkos.gr
SAFE,cmta1l42f00nuq8iy2f3za3fa,Snus Bar,gift card Αρχεία - Snus Bar,tobacco-vaping,150,,operator-reviewed-official-metadata:snus-bar.gr,tobacco-vaping:150,https://snus-bar.gr/,https://snus-bar.gr
SAFE,cmta1jl4p00hkq8iyfg4jho4h,Sunsandclouds,Sunsandclouds Gift Card,kids-baby,150,,operator-reviewed-official-metadata:sunsandclouds.gr,kids-baby:150,https://sunsandclouds.gr/product-category/gift-cards/,https://sunsandclouds.gr
SAFE,cmta1gzur007qq8iy50tthpsi,Tuasolea,Δωροκάρτα με αξία της επιλογής σας,fashion,150,,operator-reviewed-official-metadata:tuasolea.gr,fashion:150,https://tuasolea.gr/cat/dorokarta/,https://tuasolea.gr
SAFE,cmtb77p0o0040dkiyr700iran,Valsamakis,Valsamakis Gift Card,fashion,150,,operator-reviewed-official-metadata:valsamakis.gr,fashion:150,https://valsamakis.gr/name-day-gift-card.html,https://valsamakis.gr
SAFE,cmta5nziq002a54iyxymjif5e,VapeLux,Δωροκάρτα | VapeLux,tobacco-vaping,150,,operator-reviewed-official-metadata:vapelux.gr,tobacco-vaping:150 | beauty:74,https://vapelux.gr/product/gift-card/,https://vapelux.gr
SAFE,cmta5no2o000l54iyn0hww43y,esthai,E-Gift Card - esthai,jewelry-watches,150,,operator-reviewed-official-metadata:esthai.gr,jewelry-watches:150,https://www.esthai.gr/e-gift-card,https://esthai.gr
SAFE,cmta5nqmr000z54iy6mzkfi9o,krokodila,Gift Cards - krokodila,jewelry-watches,153,,operator-reviewed-official-metadata:krokodila.gr | page-excerpt:jewelry,jewelry-watches:153 | home:67 | experiences:62,https://krokodila.gr/collections/gift-cards,https://krokodila.gr
REVIEW,cmta1gcgz005aq8iybkijogn9,Cardlink,Υπηρεσία Διαχείρισης Δωροκάρτας | Cardlink giftcard,,,IDENTITY_OR_PROGRAM_REVIEW_REQUIRED,,automotive:84 | health-medical:84,https://cardlink.gr/giftcard/,https://cardlink.gr
REVIEW,cmta1ipsc00dqq8iyvmd0xco3,Liberal,"Δωροκάρτα ΙΚΕΑ: Tο ιδανικό δώρο για κάθε περίσταση, ...",,,IDENTITY_OR_PROGRAM_REVIEW_REQUIRED,,automotive:84 | jewelry-watches:79,https://liberal.gr/,https://liberal.gr
REVIEW,cmta1j3ad00fiq8iyn7woqbcd,Naftemporiki,"ΔΩΡΟΚΑΡΤΑ ΙΚΕΑ: Tο ιδανικό δώρο για κάθε περίσταση, ...",,,IDENTITY_OR_PROGRAM_REVIEW_REQUIRED,,pharmacy:76 | experiences:62,https://naftemporiki.gr/,https://naftemporiki.gr
REVIEW,cmta1m0uh00req8iycwbgvctn,Printhouse,Εκτύπωση Κάρτα Δώρου Gift Voucher,,,IDENTITY_OR_PROGRAM_REVIEW_REQUIRED,,health-medical:84 | jewelry-watches:79 | hotels:65,https://printhouse.gr/ektyposeis-gia-ksenodokheia/gift-voucher,https://printhouse.gr
REVIEW,cmtb77zm2005jdkiy64jdfokt,Δωροεπιταγές,Δωροεπιταγές – Gift Cards,,,IDENTITY_OR_PROGRAM_REVIEW_REQUIRED,,health-medical:84 | jewelry-watches:79 | books:68 | hotels:68 | restaurants:66,https://blue-print.gr/product/doroepitages-gift-cards/,https://blue-print.gr
