kind,type,actionId,cardId,merchantId,merchantName,title,expected,value,officialUrl,issues,reason,evidence,structuredAmounts,relationCounts
REVIEW,REVIEW,,cmta1f09t000nq8iyx3uehika,cmta1f03n000mq8iyzxhzrwvc,Adagio,Adagio Gift Voucher 200 euro,,,https://www.adagio.gr/el/,TITLE_AMOUNT_NOT_STRUCTURED,Amount-bearing title was not rewritten because at least one denomination is missing from variants/values.,,,"{""variants"":0,""categories"":0,""occasions"":0,""sources"":0,""mediaAssets"":0,""clicks"":0,""verificationEvents"":0,""reviewFlags"":0,""productionVerificationSnapshots"":0}"
REVIEW,REVIEW,,cmtb6uetn00053giyiewpxirq,cmtb6ueoq00043giye4hg3ri6,Adventure Junkies,Adventure Junkies Gift Card,,,https://www.adventurejunkies.gr/product/%CE%B4%CF%89%CF%81%CE%BF%CE%BA%CE%AC%CF%81%CF%84%CE%B1-90e/,DENOMINATION_SPECIFIC_URL,URL gift-card segment contains an explicit currency amount (90). URL remains unchanged until its parent is independently validated.,,,"{""variants"":0,""categories"":0,""occasions"":0,""sources"":0,""mediaAssets"":0,""clicks"":0,""verificationEvents"":0,""reviewFlags"":0,""productionVerificationSnapshots"":0}"
REVIEW,REVIEW,,cmta1k3kn00joq8iyvt4mz4a4,cmta1k3e400jnq8iyfrp6th99,Afroditesbeaute,Gift card 50,,,https://afroditesbeaute.gr/product/gift-card-50e/,DENOMINATION_SPECIFIC_URL|TITLE_AMOUNT_NOT_STRUCTURED,Amount-bearing title was not rewritten because at least one denomination is missing from variants/values. URL gift-card segment contains an explicit currency amount (50). URL remains unchanged until its parent is independently validated.,,,"{""variants"":0,""categories"":0,""occasions"":0,""sources"":0,""mediaAssets"":0,""clicks"":0,""verificationEvents"":0,""reviewFlags"":0,""productionVerificationSnapshots"":0}"
REVIEW,REVIEW,,cmta1gg4h005sq8iyehntb76m,cmta1gfy3005rq8iyb6n5rmq0,Agathou,Δωροεπιταγη 70€ - Agathou Beauty & Spa,,,https://www.agathou.gr/product-category/%ce%b4%cf%89%cf%81%ce%bf%ce%ba%ce%b1%cf%81%cf%84%ce%b5%cf%83/,TITLE_AMOUNT_NOT_STRUCTURED,Amount-bearing title was not rewritten because at least one denomination is missing from variants/values.,,,"{""variants"":0,""categories"":0,""occasions"":0,""sources"":0,""mediaAssets"":0,""clicks"":0,""verificationEvents"":0,""reviewFlags"":0,""productionVerificationSnapshots"":0}"
REVIEW,REVIEW,,cmta1hb5r008iq8iyqvjs32oy,cmta1hayg008hq8iyxn9dz5cg,Ammashop,GIFT CARD 100€ - ammashop,,,https://www.ammashop.gr/gift-cards,TITLE_AMOUNT_NOT_STRUCTURED,Amount-bearing title was not rewritten because at least one denomination is missing from variants/values.,,,"{""variants"":0,""categories"":0,""occasions"":0,""sources"":0,""mediaAssets"":0,""clicks"":0,""verificationEvents"":0,""reviewFlags"":0,""productionVerificationSnapshots"":0}"
REVIEW,REVIEW,,cmta1lpfx00q6q8iyf11yv5pi,cmta1lp9t00q5q8iyz374e7wj,Amourianosoptics,GIFT CARD 200€,,,https://amourianosoptics.gr/en/accessories-html/gift-cards.html,TITLE_AMOUNT_NOT_STRUCTURED,Amount-bearing title was not rewritten because at least one denomination is missing from variants/values.,,,"{""variants"":0,""categories"":0,""occasions"":0,""sources"":0,""mediaAssets"":0,""clicks"":0,""verificationEvents"":0,""reviewFlags"":0,""productionVerificationSnapshots"":0}"
REVIEW,REVIEW,,cmta1k5f500jwq8iyplvt7fkz,cmta1k58l00jvq8iyujdntq2y,Annamariamazaraki,Gift Card 50 euro. Give the gift of love to your beloved one ...,,,https://annamariamazaraki.gr/,TITLE_AMOUNT_NOT_STRUCTURED,Amount-bearing title was not rewritten because at least one denomination is missing from variants/values.,,,"{""variants"":0,""categories"":0,""occasions"":0,""sources"":0,""mediaAssets"":0,""clicks"":0,""verificationEvents"":0,""reviewFlags"":0,""productionVerificationSnapshots"":0}"
REVIEW,REVIEW,,cmta1ftsh003nq8iyxswky70y,cmta1ftm4003mq8iyn7wu2dpi,ApparelStores,e-Gift Card - 30.00,,,https://www.apparelstores.gr/products/e-gift-card,TITLE_AMOUNT_NOT_STRUCTURED,Amount-bearing title was not rewritten because at least one denomination is missing from variants/values.,,,"{""variants"":0,""categories"":0,""occasions"":0,""sources"":0,""mediaAssets"":0,""clicks"":0,""verificationEvents"":0,""reviewFlags"":0,""productionVerificationSnapshots"":0}"
REVIEW,REVIEW,,cmta1hfcn008sq8iy6i2fe0bp,cmta1hf65008rq8iyfh7t6wpa,Artcolour,Art & Colour Gift Card - €200,,,https://artcolour.gr/,TITLE_AMOUNT_NOT_STRUCTURED,Amount-bearing title was not rewritten because at least one denomination is missing from variants/values.,,,"{""variants"":0,""categories"":0,""occasions"":0,""sources"":0,""mediaAssets"":0,""clicks"":0,""verificationEvents"":0,""reviewFlags"":0,""productionVerificationSnapshots"":0}"
REVIEW,REVIEW,,cmta1fi60002hq8iyf9s9le0u,cmta1fhz7002gq8iyyert5tbx,Astrongameclub,Nintendo eShop 15 EUR,,,https://www.astrongameclub.gr/gift-card/,THIRD_PARTY_CARD,"Title references nintendo, which is not supported by the merchant identity; title was not rewritten.",,,"{""variants"":0,""categories"":0,""occasions"":0,""sources"":0,""mediaAssets"":0,""clicks"":0,""verificationEvents"":0,""reviewFlags"":0,""productionVerificationSnapshots"":0}"
REVIEW,REVIEW,,cmta1hgn5008wq8iy1ksubp16,cmta1hgfm008vq8iy2pi8rd5p,Avvento Shoes,GIFT CARD 50,,,https://www.avvento-shoes.gr/avvento/gift-card-100eu-gift-card-100eu-101,TITLE_AMOUNT_NOT_STRUCTURED,Amount-bearing title was not rewritten because at least one denomination is missing from variants/values.,,,"{""variants"":0,""categories"":0,""occasions"":0,""sources"":0,""mediaAssets"":0,""clicks"":0,""verificationEvents"":0,""reviewFlags"":0,""productionVerificationSnapshots"":0}"
REVIEW,REVIEW,,cmta1fbd9001xq8iy16jadarj,cmta1fb6o001wq8iy33a59phq,Babydream,BABYDREAM ΔΩΡΟΕΠΙΤΑΓΗ 300,,,https://www.babydream.gr/,TITLE_AMOUNT_NOT_STRUCTURED,Amount-bearing title was not rewritten because at least one denomination is missing from variants/values.,,,"{""variants"":0,""categories"":0,""occasions"":0,""sources"":0,""mediaAssets"":0,""clicks"":0,""verificationEvents"":0,""reviewFlags"":0,""productionVerificationSnapshots"":0}"
REVIEW,REVIEW,,cmta1hiz30092q8iyqu6sq314,cmta1hik80091q8iy7tmtpbi6,Bbq,Δωροκάρτα αξίας 1.000€,,,https://bbq.gr/gift-cards,TITLE_AMOUNT_NOT_STRUCTURED,Amount-bearing title was not rewritten because at least one denomination is missing from variants/values.,,,"{""variants"":0,""categories"":0,""occasions"":0,""sources"":0,""mediaAssets"":0,""clicks"":0,""verificationEvents"":0,""reviewFlags"":0,""productionVerificationSnapshots"":0}"
REVIEW,REVIEW,,cmta1hjk40094q8iyvworgly4,cmta1hjcj0093q8iybfcm521f,Beauty Case,Gift Card - 40€ - Beauty Case,,,https://www.beauty-case.gr/product-category/giftcard/,TITLE_AMOUNT_NOT_STRUCTURED,Amount-bearing title was not rewritten because at least one denomination is missing from variants/values.,,,"{""variants"":0,""categories"":0,""occasions"":0,""sources"":0,""mediaAssets"":0,""clicks"":0,""verificationEvents"":0,""reviewFlags"":0,""productionVerificationSnapshots"":0}"
REVIEW,REVIEW,,cmta1hkhz0098q8iyjadmmr3n,cmta1hkcg0097q8iyw3ydcbip,Beautylink,Gift Card Αξίας 50 Ευρώ,,,https://beautylink.gr/,TITLE_AMOUNT_NOT_STRUCTURED,Amount-bearing title was not rewritten because at least one denomination is missing from variants/values.,,,"{""variants"":0,""categories"":0,""occasions"":0,""sources"":0,""mediaAssets"":0,""clicks"":0,""verificationEvents"":0,""reviewFlags"":0,""productionVerificationSnapshots"":0}"
REVIEW,REVIEW,,cmta1hlab009cq8iyuzff3nxc,cmta1hl4z009bq8iydvy08yy9,Beautyprincess,Gift Card 50€ | BeautyPrincess – Δώρο Ομορφιάς,,,https://beautyprincess.gr/gifts/gift-cards,TITLE_AMOUNT_NOT_STRUCTURED,Amount-bearing title was not rewritten because at least one denomination is missing from variants/values.,,,"{""variants"":0,""categories"":0,""occasions"":0,""sources"":0,""mediaAssets"":0,""clicks"":0,""verificationEvents"":0,""reviewFlags"":0,""productionVerificationSnapshots"":0}"
REVIEW,REVIEW,,cmta1hm2i009gq8iy3vf9bzhy,cmta1hlx2009fq8iy6fwfj2v1,Bestpharmacy,Δωροκάρτα 50,,,https://bestpharmacy.gr/,TITLE_AMOUNT_NOT_STRUCTURED,Amount-bearing title was not rewritten because at least one denomination is missing from variants/values.,,,"{""variants"":0,""categories"":0,""occasions"":0,""sources"":0,""mediaAssets"":0,""clicks"":0,""verificationEvents"":0,""reviewFlags"":0,""productionVerificationSnapshots"":0}"
REVIEW,REVIEW,,cmtb6ui6j000n3giy2kh8ox6c,cmtb6ui1t000m3giy66028e8c,Black Lotus Massage,Black Lotus Massage Δωροκάρτα 30 Ευρώ,,,https://blacklotusmassage.gr/product/%CE%B4%CF%89%CF%81%CE%BF%CE%BA%CE%AC%CF%81%CF%84%CE%B1-40-%CE%B5%CF%85%CF%81%CF%8E/,TITLE_AMOUNT_NOT_STRUCTURED,Amount-bearing title was not rewritten because at least one denomination is missing from variants/values.,,,"{""variants"":0,""categories"":0,""occasions"":0,""sources"":0,""mediaAssets"":0,""clicks"":0,""verificationEvents"":0,""reviewFlags"":0,""productionVerificationSnapshots"":0}"
REVIEW,REVIEW,,cmta1fjhs002nq8iyk0isu1fk,cmta1fjbc002mq8iyuv5gz856,Bonsai Home,ΔΩΡΟΚΑΡΤΑ ΤΩΝ 10,,,https://bonsaihome.gr/product/%ce%b4%cf%89%cf%81%ce%bf%ce%ba%ce%b1%cf%81%cf%84%ce%b1-%cf%84%cf%89%ce%bd-10e/,DENOMINATION_SPECIFIC_URL|TITLE_AMOUNT_NOT_STRUCTURED,Amount-bearing title was not rewritten because at least one denomination is missing from variants/values. URL gift-card segment contains an explicit currency amount (10). URL remains unchanged until its parent is independently validated.,,,"{""variants"":0,""categories"":0,""occasions"":0,""sources"":0,""mediaAssets"":0,""clicks"":0,""verificationEvents"":0,""reviewFlags"":0,""productionVerificationSnapshots"":0}"
REVIEW,REVIEW,,cmta4ybyz000lsciyi05bqwwl,cmta4ybsv000ksciy2wk84kj0,Candlejuice,Δωροκάρτα CandleJuice Gift Card 100€,,,https://candlejuice.gr/product/dorokarta-candlejuice-gift-card-100e/,DENOMINATION_SPECIFIC_URL|TITLE_AMOUNT_NOT_STRUCTURED,Amount-bearing title was not rewritten because at least one denomination is missing from variants/values. URL gift-card segment contains an explicit currency amount (100). URL remains unchanged until its parent is independently validated.,,,"{""variants"":0,""categories"":0,""occasions"":0,""sources"":0,""mediaAssets"":0,""clicks"":0,""verificationEvents"":0,""reviewFlags"":0,""productionVerificationSnapshots"":0}"
REVIEW,REVIEW,,cmta1hs0500a4q8iy6cmwyvew,cmta1hru700a3q8iy6vn9whln,Cavallo,Cavallo e-gift card - Δωροκάρτα Αξίας 20€,,,https://www.cavallo.gr/product/gift-card-100e/,DENOMINATION_SPECIFIC_URL|TITLE_AMOUNT_NOT_STRUCTURED,Amount-bearing title was not rewritten because at least one denomination is missing from variants/values. URL gift-card segment contains an explicit currency amount (100). URL remains unchanged until its parent is independently validated.,,,"{""variants"":0,""categories"":0,""occasions"":0,""sources"":0,""mediaAssets"":0,""clicks"":0,""verificationEvents"":0,""reviewFlags"":0,""productionVerificationSnapshots"":0}"
REVIEW,REVIEW,,cmta1kk4900lkq8iyorzj05jc,cmta1kjxb00ljq8iyqyzzmihw,Celesteshop,Gift Card 50,,,https://celesteshop.gr/c/dwrokarta/,TITLE_AMOUNT_NOT_STRUCTURED,Amount-bearing title was not rewritten because at least one denomination is missing from variants/values.,,,"{""variants"":0,""categories"":0,""occasions"":0,""sources"":0,""mediaAssets"":0,""clicks"":0,""verificationEvents"":0,""reviewFlags"":0,""productionVerificationSnapshots"":0}"
REVIEW,REVIEW,,cmtb7r23t0004u8iyh8gmkixy,cmtb77ti7004mdkiyn5wn9fgi,Chania Culture,Chania Culture Gift Card,,,https://shop.chania-culture.gr/product-category/psifiaka/dorokarta/,POSSIBLE_DUPLICATE_PROGRAM,Merchant has 2 cards; no merge/archive action is planned without a relation-aware keeper decision.,,,"{""variants"":0,""categories"":0,""occasions"":0,""sources"":0,""mediaAssets"":0,""clicks"":0,""verificationEvents"":0,""reviewFlags"":0,""productionVerificationSnapshots"":0}"
REVIEW,REVIEW,,cmtb77tnt004ndkiyw1tey12d,cmtb77ti7004mdkiyn5wn9fgi,Chania Culture,Δωροκάρτα,,,https://shop.chania-culture.gr/product/gift-card/,POSSIBLE_DUPLICATE_PROGRAM,Merchant has 2 cards; no merge/archive action is planned without a relation-aware keeper decision.,,,"{""variants"":0,""categories"":0,""occasions"":0,""sources"":0,""mediaAssets"":0,""clicks"":0,""verificationEvents"":0,""reviewFlags"":0,""productionVerificationSnapshots"":0}"
REVIEW,REVIEW,,cmta1foot0035q8iyj3zj3bf1,cmta1foi10034q8iys3xdtw6v,Chicbee,Δωροκάρτα 20,,,https://chicbee.gr/product/dorokarta-10/,TITLE_AMOUNT_NOT_STRUCTURED,Amount-bearing title was not rewritten because at least one denomination is missing from variants/values.,,,"{""variants"":0,""categories"":0,""occasions"":0,""sources"":0,""mediaAssets"":0,""clicks"":0,""verificationEvents"":0,""reviewFlags"":0,""productionVerificationSnapshots"":0}"
REVIEW,REVIEW,,cmtb7718b000ldkiynw5j1q46,cmtb77130000kdkiy8nzwbibh,Cordella,Δωροκάρτα 500€,,,https://www.cordella.gr/shop/empeiries/taxidia-metakiniseis/xenodoxeia-diamones/dorokarta-500_10995,DENOMINATION_SPECIFIC_URL|TITLE_AMOUNT_NOT_STRUCTURED,Amount-bearing title was not rewritten because at least one denomination is missing from variants/values. URL gift-card segment repeats the title denomination (500). URL remains unchanged until its parent is independently validated.,,,"{""variants"":0,""categories"":0,""occasions"":0,""sources"":0,""mediaAssets"":0,""clicks"":0,""verificationEvents"":0,""reviewFlags"":0,""productionVerificationSnapshots"":0}"
REVIEW,REVIEW,,cmta1mtta00ugq8iy0fpw7nra,cmta1mtmv00ufq8iy7t79x1wg,Dalis,Gift Card 20,,,https://dalis.gr/product-category/gift-cards/,TITLE_AMOUNT_NOT_STRUCTURED,Amount-bearing title was not rewritten because at least one denomination is missing from variants/values.,,,"{""variants"":0,""categories"":0,""occasions"":0,""sources"":0,""mediaAssets"":0,""clicks"":0,""verificationEvents"":0,""reviewFlags"":0,""productionVerificationSnapshots"":0}"
REVIEW,REVIEW,,cmta1hvnc00aiq8iy7f43du8p,cmta1hv0400ahq8iy7wxjbo01,Dbsounds,e-Gift Card (Hλεκτρονική Δωροκάρτα) 500€,,,https://dbsounds.gr/,TITLE_AMOUNT_NOT_STRUCTURED,Amount-bearing title was not rewritten because at least one denomination is missing from variants/values.,,,"{""variants"":0,""categories"":0,""occasions"":0,""sources"":0,""mediaAssets"":0,""clicks"":0,""verificationEvents"":0,""reviewFlags"":0,""productionVerificationSnapshots"":0}"
REVIEW,REVIEW,,cmta1hw4400akq8iykgucmned,cmta1hvy400ajq8iyj0su91kc,Decolight,Δωροκάρτα 20€ - 0001,,,https://decolight.gr/,TITLE_AMOUNT_NOT_STRUCTURED,Amount-bearing title was not rewritten because at least one denomination is missing from variants/values.,,,"{""variants"":0,""categories"":0,""occasions"":0,""sources"":0,""mediaAssets"":0,""clicks"":0,""verificationEvents"":0,""reviewFlags"":0,""productionVerificationSnapshots"":0}"
REVIEW,REVIEW,,cmta1fa1z001rq8iyz9bikmb5,cmta1f9vp001qq8iy90mef58l,DigiShark,Δωροκάρτα 25,,,https://digishark.gr/product/giftcard26/,TITLE_AMOUNT_NOT_STRUCTURED,Amount-bearing title was not rewritten because at least one denomination is missing from variants/values.,,,"{""variants"":0,""categories"":0,""occasions"":0,""sources"":0,""mediaAssets"":0,""clicks"":0,""verificationEvents"":0,""reviewFlags"":0,""productionVerificationSnapshots"":0}"
REVIEW,REVIEW,,cmta1m6ad00s0q8iyjl5guf73,cmta1m63d00rzq8iyrm7v5cfk,Dromeasbikes,Gift voucher €25,,,https://dromeasbikes.gr/product/%ce%b4%cf%89%cf%81%ce%bf%ce%b5%cf%80%ce%b9%cf%84%ce%b1%ce%b3%ce%ae10/,TITLE_AMOUNT_NOT_STRUCTURED,Amount-bearing title was not rewritten because at least one denomination is missing from variants/values.,,,"{""variants"":0,""categories"":0,""occasions"":0,""sources"":0,""mediaAssets"":0,""clicks"":0,""verificationEvents"":0,""reviewFlags"":0,""productionVerificationSnapshots"":0}"
REVIEW,REVIEW,,cmta1m6ti00s2q8iyv2uhr92n,cmta1m6np00s1q8iyh8u312hb,E Snacks,Gift Card 50€ | E-Snacks,,,https://e-snacks.gr/gift-cards,TITLE_AMOUNT_NOT_STRUCTURED,Amount-bearing title was not rewritten because at least one denomination is missing from variants/values.,,,"{""variants"":0,""categories"":0,""occasions"":0,""sources"":0,""mediaAssets"":0,""clicks"":0,""verificationEvents"":0,""reviewFlags"":0,""productionVerificationSnapshots"":0}"
REVIEW,REVIEW,,cmta1m7h100s4q8iy0yg57q08,cmta1m7ap00s3q8iyofu6o4ra,E Socks,€50 Gift Card,,,https://e-socks.gr/collections/giftcards,TITLE_AMOUNT_NOT_STRUCTURED,Amount-bearing title was not rewritten because at least one denomination is missing from variants/values.,,,"{""variants"":0,""categories"":0,""occasions"":0,""sources"":0,""mediaAssets"":0,""clicks"":0,""verificationEvents"":0,""reviewFlags"":0,""productionVerificationSnapshots"":0}"
REVIEW,REVIEW,,cmta1glxb006aq8iyq6z8shi9,cmta1glqy0069q8iyo9pgurro,Efarmakeio,"Δωροκάρτα Αξίας 25,00",,,https://efarmakeio.gr/gift-cards,TITLE_AMOUNT_NOT_STRUCTURED,Amount-bearing title was not rewritten because at least one denomination is missing from variants/values.,,,"{""variants"":0,""categories"":0,""occasions"":0,""sources"":0,""mediaAssets"":0,""clicks"":0,""verificationEvents"":0,""reviewFlags"":0,""productionVerificationSnapshots"":0}"
REVIEW,REVIEW,,cmta1fnc4002zq8iy3yrpxjfz,cmta1fn4k002yq8iypmw8rapu,Ekklisiastika Karditsa,Κολώνας Δωροκάρτα 50,,,https://ekklisiastikakarditsa.gr/,TITLE_AMOUNT_NOT_STRUCTURED,Amount-bearing title was not rewritten because at least one denomination is missing from variants/values.,,,"{""variants"":0,""categories"":0,""occasions"":0,""sources"":0,""mediaAssets"":0,""clicks"":0,""verificationEvents"":0,""reviewFlags"":0,""productionVerificationSnapshots"":0}"
REVIEW,REVIEW,,cmta1myap00uyq8iy05wx63jv,cmta1my4200uxq8iyrtkh2ksx,Enchriso,100€ gift card - Κοσμήματα En Chriso,,,https://enchriso.gr/,TITLE_AMOUNT_NOT_STRUCTURED,Amount-bearing title was not rewritten because at least one denomination is missing from variants/values.,,,"{""variants"":0,""categories"":0,""occasions"":0,""sources"":0,""mediaAssets"":0,""clicks"":0,""verificationEvents"":0,""reviewFlags"":0,""productionVerificationSnapshots"":0}"
REVIEW,REVIEW,,cmta1f6090019q8iygnn0tj4u,cmta1f5tr0018q8iyo2evq1r0,EpiploSet,Δωροκάρτα Ποσό Δωροκάρτας: 50,,,https://www.epiploset.gr/product/gift-card/,TITLE_AMOUNT_NOT_STRUCTURED,Amount-bearing title was not rewritten because at least one denomination is missing from variants/values.,,,"{""variants"":0,""categories"":0,""occasions"":0,""sources"":0,""mediaAssets"":0,""clicks"":0,""verificationEvents"":0,""reviewFlags"":0,""productionVerificationSnapshots"":0}"
REVIEW,REVIEW,,cmta1fsu3003jq8iy5qqq6jin,cmta1fsn8003iq8iy44ffyjo1,Ergaleiogatos,30 EUR,,,https://www.ergaleiogatos.gr/shop/doroepitagi/,TITLE_AMOUNT_NOT_STRUCTURED,Amount-bearing title was not rewritten because at least one denomination is missing from variants/values.,,,"{""variants"":0,""categories"":0,""occasions"":0,""sources"":0,""mediaAssets"":0,""clicks"":0,""verificationEvents"":0,""reviewFlags"":0,""productionVerificationSnapshots"":0}"
REVIEW,REVIEW,,cmtb774ej0011dkiy2n93voje,cmtb7749h0010dkiy4q022h9a,Fagotto Books,Δωροκάρτα αξίας 40 ευρώ,,,https://fagottobooks.gr/en/6005-dorokarta-axias-40-eyro.html,DENOMINATION_SPECIFIC_URL|TITLE_AMOUNT_NOT_STRUCTURED,Amount-bearing title was not rewritten because at least one denomination is missing from variants/values. URL gift-card segment repeats the title denomination (40). URL remains unchanged until its parent is independently validated.,,,"{""variants"":0,""categories"":0,""occasions"":0,""sources"":0,""mediaAssets"":0,""clicks"":0,""verificationEvents"":0,""reviewFlags"":0,""productionVerificationSnapshots"":0}"
REVIEW,REVIEW,,cmta1i8n300boq8iydt4qw67b,cmta1i8g400bnq8iyw7ifw6pq,Fantasea,Δωροεπιταγή 100,,,https://www.fantasea.gr/product/doroepitagi-30-1032/,TITLE_AMOUNT_NOT_STRUCTURED,Amount-bearing title was not rewritten because at least one denomination is missing from variants/values.,,,"{""variants"":0,""categories"":0,""occasions"":0,""sources"":0,""mediaAssets"":0,""clicks"":0,""verificationEvents"":0,""reviewFlags"":0,""productionVerificationSnapshots"":0}"
REVIEW,REVIEW,,cmta1frxq003fq8iydayuc6sk,cmta1frr8003eq8iy26h3rb97,Farmakeio4all,Δωροκάρτα 60 ευρώ,,,https://farmakeio4all.gr/product/dwrokarta-100-evrw-2/,TITLE_AMOUNT_NOT_STRUCTURED,Amount-bearing title was not rewritten because at least one denomination is missing from variants/values.,,,"{""variants"":0,""categories"":0,""occasions"":0,""sources"":0,""mediaAssets"":0,""clicks"":0,""verificationEvents"":0,""reviewFlags"":0,""productionVerificationSnapshots"":0}"
REVIEW,REVIEW,,cmtb774sd0013dkiy6s1lutst,cmtb774mt0012dkiyq4k7d2ow,Feed Me,Feed Me Gift Card,,,https://www.feedmepetshop.gr/%CE%B4%CF%89%CF%81%CE%BF%CE%BA%CE%AC%CF%81%CF%84%CE%B1-giftcard-25e/,DENOMINATION_SPECIFIC_URL,URL gift-card segment contains an explicit currency amount (25). URL remains unchanged until its parent is independently validated.,,,"{""variants"":0,""categories"":0,""occasions"":0,""sources"":0,""mediaAssets"":0,""clicks"":0,""verificationEvents"":0,""reviewFlags"":0,""productionVerificationSnapshots"":0}"
REVIEW,REVIEW,,cmtb6uo3d001i3giyiq64l7pb,cmta5nnll000i54iywoggd8zt,Floraplant,GIFT CARD - Δωροκάρτα - Floraplant & Garden Center,,,https://floraplant.gr/gift-card/,CROSS_DOMAIN_MERCHANT_CLUSTER,Merchant has 2 cards; no merge/archive action is planned without a relation-aware keeper decision.,,,"{""variants"":0,""categories"":0,""occasions"":0,""sources"":0,""mediaAssets"":0,""clicks"":0,""verificationEvents"":0,""reviewFlags"":0,""productionVerificationSnapshots"":0}"
REVIEW,REVIEW,,cmta5nnqb000j54iy5h71qhyd,cmta5nnll000i54iywoggd8zt,Floraplant,Δωροκάρτες - Floraplant,,,https://eshop.floraplant.gr/en/giftcards/,CROSS_DOMAIN_MERCHANT_CLUSTER,Merchant has 2 cards; no merge/archive action is planned without a relation-aware keeper decision.,,,"{""variants"":0,""categories"":0,""occasions"":0,""sources"":0,""mediaAssets"":0,""clicks"":0,""verificationEvents"":0,""reviewFlags"":0,""productionVerificationSnapshots"":0}"
REVIEW,REVIEW,,cmta1iad800bwq8iyw7ce55ti,cmta1ia7500bvq8iypdqd66ct,Funkymonkeyshoes,ΔΩΡΟΚΑΡΤΑ 30€ | 40€ | 50,,,https://funkymonkeyshoes.gr/product/gift-card/,TITLE_AMOUNT_NOT_STRUCTURED,Amount-bearing title was not rewritten because at least one denomination is missing from variants/values.,,,"{""variants"":0,""categories"":0,""occasions"":0,""sources"":0,""mediaAssets"":0,""clicks"":0,""verificationEvents"":0,""reviewFlags"":0,""productionVerificationSnapshots"":0}"
REVIEW,REVIEW,,cmta1ezdj000jq8iyh7o6gmjd,cmta1ez7o000iq8iykgtqu8z5,GC-TECH,ΔΩΡΟΚΑΡΤΑ ΤΩΝ 10 - GIFT CARD,,,https://gctech.gr/,TITLE_AMOUNT_NOT_STRUCTURED,Amount-bearing title was not rewritten because at least one denomination is missing from variants/values.,,,"{""variants"":0,""categories"":0,""occasions"":0,""sources"":0,""mediaAssets"":0,""clicks"":0,""verificationEvents"":0,""reviewFlags"":0,""productionVerificationSnapshots"":0}"
REVIEW,REVIEW,,cmtb7774t001fdkiyhs33c0v6,cmtb776zn001edkiyarmmetay,God Bless Women,25 CHF Gift card,,,https://godblesswomen.gr/products/25-chf-gift-card/236339811/,TITLE_AMOUNT_NOT_STRUCTURED,Amount-bearing title was not rewritten because at least one denomination is missing from variants/values.,,,"{""variants"":0,""categories"":0,""occasions"":0,""sources"":0,""mediaAssets"":0,""clicks"":0,""verificationEvents"":0,""reviewFlags"":0,""productionVerificationSnapshots"":0}"
REVIEW,REVIEW,,cmta1fk9b002pq8iyf5m36fcm,cmta1fk27002oq8iyhbxv0ee5,Grill me,ΔΩΡΟΚΑΡΤΑ 50 Ευρώ,,,https://grillme.gr/gr/,TITLE_AMOUNT_NOT_STRUCTURED,Amount-bearing title was not rewritten because at least one denomination is missing from variants/values.,,,"{""variants"":0,""categories"":0,""occasions"":0,""sources"":0,""mediaAssets"":0,""clicks"":0,""verificationEvents"":0,""reviewFlags"":0,""productionVerificationSnapshots"":0}"
REVIEW,REVIEW,,cmta1icyu00c8q8iytwvndmek,cmta1icso00c7q8iyl4xfcphi,Harmanis,Δωροεπιταγή 300 ευρώ,,,https://harmanis.gr/,TITLE_AMOUNT_NOT_STRUCTURED,Amount-bearing title was not rewritten because at least one denomination is missing from variants/values.,,,"{""variants"":0,""categories"":0,""occasions"":0,""sources"":0,""mediaAssets"":0,""clicks"":0,""verificationEvents"":0,""reviewFlags"":0,""productionVerificationSnapshots"":0}"
REVIEW,REVIEW,,cmta1kqbn00maq8iyrbgsvpn7,cmta1kq4t00m9q8iynfm2daqb,Hobbylobby Yarns,Δωροεπιταγή 100,,,https://www.hobbylobby-yarns.gr/product/doroepitagi-100e/,DENOMINATION_SPECIFIC_URL|TITLE_AMOUNT_NOT_STRUCTURED,Amount-bearing title was not rewritten because at least one denomination is missing from variants/values. URL gift-card segment contains an explicit currency amount (100). URL remains unchanged until its parent is independently validated.,,,"{""variants"":0,""categories"":0,""occasions"":0,""sources"":0,""mediaAssets"":0,""clicks"":0,""verificationEvents"":0,""reviewFlags"":0,""productionVerificationSnapshots"":0}"
REVIEW,REVIEW,,cmtb78fkx007odkiylrl8o7it,cmtb78ffp007ndkiyn4woc6vx,Hobbywood,ΔΩΡΟΚΑΡΤΑ 100€,,,https://www.hobbywood.gr/GIFTCARD100,DENOMINATION_SPECIFIC_URL|TITLE_AMOUNT_NOT_STRUCTURED,Amount-bearing title was not rewritten because at least one denomination is missing from variants/values. URL gift-card segment repeats the title denomination (100). URL remains unchanged until its parent is independently validated.,,,"{""variants"":0,""categories"":0,""occasions"":0,""sources"":0,""mediaAssets"":0,""clicks"":0,""verificationEvents"":0,""reviewFlags"":0,""productionVerificationSnapshots"":0}"
REVIEW,REVIEW,,cmtb779he001rdkiycol4bpk0,cmtb779c5001qdkiy6oykrbp5,Ioannou Cosmetics,Δωροκάρτα 50,,,https://www.ioannou-cosmetics.gr/shop/dwrokartes/dwrokarta-50-e/,DENOMINATION_SPECIFIC_URL|TITLE_AMOUNT_NOT_STRUCTURED,Amount-bearing title was not rewritten because at least one denomination is missing from variants/values. URL gift-card segment repeats the title denomination (50). URL remains unchanged until its parent is independently validated.,,,"{""variants"":0,""categories"":0,""occasions"":0,""sources"":0,""mediaAssets"":0,""clicks"":0,""verificationEvents"":0,""reviewFlags"":0,""productionVerificationSnapshots"":0}"
REVIEW,REVIEW,,cmta1fj1o002lq8iyo5np81fy,cmta1fivj002kq8iypy583huf,Ipatios,Δωροκάρτα 100,,,https://ipatios.gr/c/gynaika/dwrokarta-gynaika/,TITLE_AMOUNT_NOT_STRUCTURED,Amount-bearing title was not rewritten because at least one denomination is missing from variants/values.,,,"{""variants"":0,""categories"":0,""occasions"":0,""sources"":0,""mediaAssets"":0,""clicks"":0,""verificationEvents"":0,""reviewFlags"":0,""productionVerificationSnapshots"":0}"
REVIEW,REVIEW,,cmta1fxm40041q8iyf19nk7km,cmta1fxg20040q8iyzetmsdo8,iQueens,iQueens: Το Ιδανικό Δώρο! Δωροκάρτες από 20€ έως 400€,,,https://www.iqueens.gr/el/dorokartes/309412-ilektroniko-kouponi-aksias-400-.html,TITLE_AMOUNT_NOT_STRUCTURED,Amount-bearing title was not rewritten because at least one denomination is missing from variants/values.,,,"{""variants"":0,""categories"":0,""occasions"":0,""sources"":0,""mediaAssets"":0,""clicks"":0,""verificationEvents"":0,""reviewFlags"":0,""productionVerificationSnapshots"":0}"
REVIEW,REVIEW,,cmta1f16s000rq8iy7vke82nt,cmta1f101000qq8iy6zg8n644,John-Andy,JOHN-ANDY Δωροεπιταγή 20 Ευρώ,,,https://www.john-andy.com/,TITLE_AMOUNT_NOT_STRUCTURED,Amount-bearing title was not rewritten because at least one denomination is missing from variants/values.,,,"{""variants"":0,""categories"":0,""occasions"":0,""sources"":0,""mediaAssets"":0,""clicks"":0,""verificationEvents"":0,""reviewFlags"":0,""productionVerificationSnapshots"":0}"
REVIEW,REVIEW,,cmta1n88i00w2q8iyediptv4s,cmta1n82o00w1q8iyo9230d1u,Kaelego,Gift card-50,,,https://kaelego.gr/gift-card/,TITLE_AMOUNT_NOT_STRUCTURED,Amount-bearing title was not rewritten because at least one denomination is missing from variants/values.,,,"{""variants"":0,""categories"":0,""occasions"":0,""sources"":0,""mediaAssets"":0,""clicks"":0,""verificationEvents"":0,""reviewFlags"":0,""productionVerificationSnapshots"":0}"
REVIEW,REVIEW,,cmta1ksaz00miq8iyz8knfxq5,cmta1ks4x00mhq8iydfmn5xou,Kalousos,Δωροκάρτα (Gift Card) 50,,,https://www.kalousos.gr/el/dorokarta-gift-card-50eur.html,TITLE_AMOUNT_NOT_STRUCTURED,Amount-bearing title was not rewritten because at least one denomination is missing from variants/values.,,,"{""variants"":0,""categories"":0,""occasions"":0,""sources"":0,""mediaAssets"":0,""clicks"":0,""verificationEvents"":0,""reviewFlags"":0,""productionVerificationSnapshots"":0}"
REVIEW,REVIEW,,cmta1lj9c00piq8iynmfth5h9,cmta1lj2s00phq8iymc9sy8cd,Kantarzoglou,€150.00 Gift Card,,,https://www.kantarzoglou.gr/el/my-gift-cards/,TITLE_AMOUNT_NOT_STRUCTURED,Amount-bearing title was not rewritten because at least one denomination is missing from variants/values.,,,"{""variants"":0,""categories"":0,""occasions"":0,""sources"":0,""mediaAssets"":0,""clicks"":0,""verificationEvents"":0,""reviewFlags"":0,""productionVerificationSnapshots"":0}"
REVIEW,REVIEW,,cmta1ilzk00d8q8iy2h8zeglu,cmta1iltx00d7q8iyerhiz1p8,Kazi,Gift Card 80,,,https://kazi.gr/gift-card-519380-1.html,DENOMINATION_SPECIFIC_URL|TITLE_AMOUNT_NOT_STRUCTURED,Amount-bearing title was not rewritten because at least one denomination is missing from variants/values. URL gift-card segment repeats the title denomination (80). URL remains unchanged until its parent is independently validated.,,,"{""variants"":0,""categories"":0,""occasions"":0,""sources"":0,""mediaAssets"":0,""clicks"":0,""verificationEvents"":0,""reviewFlags"":0,""productionVerificationSnapshots"":0}"
REVIEW,REVIEW,,cmta1ims300dcq8iy209yelks,cmta1imn100dbq8iyn4nhj89a,Kikoo,Δωροεπιταγή Kikoo 50€,,,https://kikoo.gr/,TITLE_AMOUNT_NOT_STRUCTURED,Amount-bearing title was not rewritten because at least one denomination is missing from variants/values.,,,"{""variants"":0,""categories"":0,""occasions"":0,""sources"":0,""mediaAssets"":0,""clicks"":0,""verificationEvents"":0,""reviewFlags"":0,""productionVerificationSnapshots"":0}"
REVIEW,REVIEW,,cmta1in6000deq8iyzrf26jcw,cmta1in0q00ddq8iy9ou6k8vv,Kois Optics,Kois Optics Gift Card,,,https://kois-optics.gr/,POSSIBLE_DUPLICATE_PROGRAM,Merchant has 2 cards; no merge/archive action is planned without a relation-aware keeper decision.,,,"{""variants"":0,""categories"":0,""occasions"":0,""sources"":0,""mediaAssets"":0,""clicks"":0,""verificationEvents"":0,""reviewFlags"":0,""productionVerificationSnapshots"":0}"
REVIEW,REVIEW,,cmtb7r3ne000bu8iyhr8e822r,cmta1in0q00ddq8iy9ou6k8vv,Kois Optics,KOIS Optics Gift Card,,,https://www.kois-optics.gr/el/products/giftcard,POSSIBLE_DUPLICATE_PROGRAM,Merchant has 2 cards; no merge/archive action is planned without a relation-aware keeper decision.,,,"{""variants"":0,""categories"":0,""occasions"":0,""sources"":0,""mediaAssets"":0,""clicks"":0,""verificationEvents"":0,""reviewFlags"":0,""productionVerificationSnapshots"":0}"
REVIEW,REVIEW,,cmtb785to006cdkiy9ubl9s4x,cmta1g5ei004sq8iyj1nwtg24,Kotsovolos,Gift Card - Δωροκάρτα | ΚΩΤΣΟΒΟΛΟΣ,,,https://www.kotsovolos.gr/pages/e-giftcard,CROSS_DOMAIN_MERCHANT_CLUSTER,Merchant has 2 cards; no merge/archive action is planned without a relation-aware keeper decision.,,,"{""variants"":0,""categories"":0,""occasions"":0,""sources"":0,""mediaAssets"":0,""clicks"":0,""verificationEvents"":0,""reviewFlags"":0,""productionVerificationSnapshots"":0}"
REVIEW,REVIEW,,cmta1g5lj004tq8iy2gi1o7hn,cmta1g5ei004sq8iyj1nwtg24,Kotsovolos,Kotsovolos Δωροκάρτα – Gift Card!,,,https://kotsovolos-b2b.giftcards-store.com/el,CROSS_DOMAIN_MERCHANT_CLUSTER,Merchant has 2 cards; no merge/archive action is planned without a relation-aware keeper decision.,,,"{""variants"":0,""categories"":0,""occasions"":0,""sources"":0,""mediaAssets"":0,""clicks"":0,""verificationEvents"":0,""reviewFlags"":0,""productionVerificationSnapshots"":0}"
REVIEW,REVIEW,,cmta1flev002rq8iyn4j6f4f1,cmta1fl7h002qq8iyqkgcjboc,Kounio,Δωροκάρτα - Gift Card - 25,,,https://www.kounio.gr/,TITLE_AMOUNT_NOT_STRUCTURED,Amount-bearing title was not rewritten because at least one denomination is missing from variants/values.,,,"{""variants"":0,""categories"":0,""occasions"":0,""sources"":0,""mediaAssets"":0,""clicks"":0,""verificationEvents"":0,""reviewFlags"":0,""productionVerificationSnapshots"":0}"
REVIEW,REVIEW,,cmta1n9za00w8q8iy7ywbxcsm,cmta1n9sv00w7q8iypja3wgnv,Krikisbeauty,Gift Card 20€ | https://krikisbeauty.gr/,,,https://krikisbeauty.gr/shop/gift-card-100e/,DENOMINATION_SPECIFIC_URL|TITLE_AMOUNT_NOT_STRUCTURED,Amount-bearing title was not rewritten because at least one denomination is missing from variants/values. URL gift-card segment contains an explicit currency amount (100). URL remains unchanged until its parent is independently validated.,,,"{""variants"":0,""categories"":0,""occasions"":0,""sources"":0,""mediaAssets"":0,""clicks"":0,""verificationEvents"":0,""reviewFlags"":0,""productionVerificationSnapshots"":0}"
REVIEW,REVIEW,,cmta1grv5006uq8iye4j038gk,cmta1grl4006tq8iy8pmzmbvn,Laloo,Laloo Gift Card 30€,,,https://laloo.gr/el/250-gift-cards,TITLE_AMOUNT_NOT_STRUCTURED,Amount-bearing title was not rewritten because at least one denomination is missing from variants/values.,,,"{""variants"":0,""categories"":0,""occasions"":0,""sources"":0,""mediaAssets"":0,""clicks"":0,""verificationEvents"":0,""reviewFlags"":0,""productionVerificationSnapshots"":0}"
REVIEW,REVIEW,,cmta1inkb00dgq8iyu0pfa6d9,cmta1ineu00dfq8iyw5mpx7lq,Lamillou,Gift Card 100€ | La Millou,,,https://lamillou.gr/%CF%80%CF%81%CE%BF%CF%8A%CF%8C%CE%BD/gift-card-100e/,DENOMINATION_SPECIFIC_URL|TITLE_AMOUNT_NOT_STRUCTURED,Amount-bearing title was not rewritten because at least one denomination is missing from variants/values. URL gift-card segment contains an explicit currency amount (100). URL remains unchanged until its parent is independently validated.,,,"{""variants"":0,""categories"":0,""occasions"":0,""sources"":0,""mediaAssets"":0,""clicks"":0,""verificationEvents"":0,""reviewFlags"":0,""productionVerificationSnapshots"":0}"
REVIEW,REVIEW,,cmta1ldih00owq8iybi4h3dxo,cmta1ldb100ovq8iysbonr92k,Lauraashleyshop,Gift Card Laura Ashley,,,https://www.lauraashleyshop.gr/products/gift-card-laura-ashley,EXACT_URL_DUPLICATE_CLUSTER,Merchant has 2 cards; no merge/archive action is planned without a relation-aware keeper decision.,,,"{""variants"":0,""categories"":0,""occasions"":0,""sources"":0,""mediaAssets"":0,""clicks"":0,""verificationEvents"":0,""reviewFlags"":0,""productionVerificationSnapshots"":0}"
REVIEW,REVIEW,,cmta421t70002t8iywrh9oyoy,cmta1ldb100ovq8iysbonr92k,Lauraashleyshop,Laura Ashley Δωροκάρτα – Gift Card,,,https://www.lauraashleyshop.gr/products/gift-card-laura-ashley,EXACT_URL_DUPLICATE_CLUSTER,Merchant has 2 cards; no merge/archive action is planned without a relation-aware keeper decision.,,,"{""variants"":0,""categories"":0,""occasions"":0,""sources"":0,""mediaAssets"":0,""clicks"":0,""verificationEvents"":0,""reviewFlags"":0,""productionVerificationSnapshots"":0}"
REVIEW,REVIEW,,cmta4yrha002dsciywsr7shx4,cmta4yrb8002csciyx2ses6du,Leatherstudio,"Gift Card 25,00 - Leather Studio",,,https://www.leatherstudio.gr/el/products/copy-of-gift-card?srsltid=AfmBOoqpDrXIE_fA_yZRQ9z47-bZ1Ul0ITgf_sEZLCsb4M3B6YO5K3Xg,TITLE_AMOUNT_NOT_STRUCTURED,Amount-bearing title was not rewritten because at least one denomination is missing from variants/values.,,,"{""variants"":0,""categories"":0,""occasions"":0,""sources"":0,""mediaAssets"":0,""clicks"":0,""verificationEvents"":0,""reviewFlags"":0,""productionVerificationSnapshots"":0}"
REVIEW,REVIEW,,cmta1fsds003hq8iywvbrxbq7,cmta1fs7o003gq8iylqjn4ind,LIAKOPOULOS Brands Store,GIFTCARD 100 (Δωροκάρτα),,,https://www.liakopoulos-store.gr/,TITLE_AMOUNT_NOT_STRUCTURED,Amount-bearing title was not rewritten because at least one denomination is missing from variants/values.,,,"{""variants"":0,""categories"":0,""occasions"":0,""sources"":0,""mediaAssets"":0,""clicks"":0,""verificationEvents"":0,""reviewFlags"":0,""productionVerificationSnapshots"":0}"
REVIEW,REVIEW,,cmtb78cvq007adkiylvhj4shj,cmtb78cqm0079dkiyfu94f14d,LTS GIFT CARD / ΚΑΡΤΑ ΔΩΡΟΥ,LTS GIFT CARD / ΚΑΡΤΑ ΔΩΡΟΥ,,,https://www.tattooathens.gr/blog/news/53-lts-gift-card,UNRESOLVED_MERCHANT_NAME,Merchant name appears generic/polluted and has no exact curated recovery decision.,,,"{""variants"":0,""categories"":0,""occasions"":0,""sources"":0,""mediaAssets"":0,""clicks"":0,""verificationEvents"":0,""reviewFlags"":0,""productionVerificationSnapshots"":0}"
REVIEW,REVIEW,,cmta1ktry00moq8iyk8cnm3ts,cmta1ktlv00mnq8iym8klu36r,Luckytravel,Gift card €100 – €200 - Lucky Travel |,,,https://www.luckytravel.gr/product/giftcard/,TITLE_AMOUNT_NOT_STRUCTURED,Amount-bearing title was not rewritten because at least one denomination is missing from variants/values.,,,"{""variants"":0,""categories"":0,""occasions"":0,""sources"":0,""mediaAssets"":0,""clicks"":0,""verificationEvents"":0,""reviewFlags"":0,""productionVerificationSnapshots"":0}"
REVIEW,REVIEW,,cmta1gsbd006wq8iy8x59y1jr,cmta1gs4h006vq8iydzfivov7,Maniashome,ΔΩΡΟΕΠΙΤΑΓΗ €20,,,https://maniashome.gr/proion/doroepitagi-e10/,TITLE_AMOUNT_NOT_STRUCTURED,Amount-bearing title was not rewritten because at least one denomination is missing from variants/values.,,,"{""variants"":0,""categories"":0,""occasions"":0,""sources"":0,""mediaAssets"":0,""clicks"":0,""verificationEvents"":0,""reviewFlags"":0,""productionVerificationSnapshots"":0}"
REVIEW,REVIEW,,cmta1iskl00e4q8iy4blzttgs,cmta1isf400e3q8iyxulrv2jo,Maralcrafts,Gift Card 50 Euro - Maral Crafts,,,https://maralcrafts.gr/product-category/gift-cards/,TITLE_AMOUNT_NOT_STRUCTURED,Amount-bearing title was not rewritten because at least one denomination is missing from variants/values.,,,"{""variants"":0,""categories"":0,""occasions"":0,""sources"":0,""mediaAssets"":0,""clicks"":0,""verificationEvents"":0,""reviewFlags"":0,""productionVerificationSnapshots"":0}"
REVIEW,REVIEW,,cmta1ndg700wmq8iy0aym5v5k,cmta1nd8500wlq8iyt3qqsq3s,Marinospor,Gift Card - Gift Card 100€ - Marinospor,,,https://marinospor.gr/,TITLE_AMOUNT_NOT_STRUCTURED,Amount-bearing title was not rewritten because at least one denomination is missing from variants/values.,,,"{""variants"":0,""categories"":0,""occasions"":0,""sources"":0,""mediaAssets"":0,""clicks"":0,""verificationEvents"":0,""reviewFlags"":0,""productionVerificationSnapshots"":0}"
REVIEW,REVIEW,,cmta1iszf00e6q8iyhvyjlqm9,cmta1ists00e5q8iybr7fmy1d,Marketfix,Gift Card Niyamas - Ηλεκτρονική Δωροκάρτα 20€,,,https://marketfix.gr/,TITLE_AMOUNT_NOT_STRUCTURED,Amount-bearing title was not rewritten because at least one denomination is missing from variants/values.,,,"{""variants"":0,""categories"":0,""occasions"":0,""sources"":0,""mediaAssets"":0,""clicks"":0,""verificationEvents"":0,""reviewFlags"":0,""productionVerificationSnapshots"":0}"
REVIEW,REVIEW,,cmta1itdc00e8q8iy8qkpk1e1,cmta1it7x00e7q8iyoinm2cbt,Materiaprima,Δωροκάρτα 70 - materiaprima,,,https://materiaprima.gr/product/gift-card-40e/,DENOMINATION_SPECIFIC_URL|TITLE_AMOUNT_NOT_STRUCTURED,Amount-bearing title was not rewritten because at least one denomination is missing from variants/values. URL gift-card segment contains an explicit currency amount (40). URL remains unchanged until its parent is independently validated.,,,"{""variants"":0,""categories"":0,""occasions"":0,""sources"":0,""mediaAssets"":0,""clicks"":0,""verificationEvents"":0,""reviewFlags"":0,""productionVerificationSnapshots"":0}"
REVIEW,REVIEW,,cmta1kaap00kgq8iyxyxwrv9r,cmta1ka4i00kfq8iykvii8j6b,Medi Shop,Gift Card 50,,,https://medi-shop.gr/,TITLE_AMOUNT_NOT_STRUCTURED,Amount-bearing title was not rewritten because at least one denomination is missing from variants/values.,,,"{""variants"":0,""categories"":0,""occasions"":0,""sources"":0,""mediaAssets"":0,""clicks"":0,""verificationEvents"":0,""reviewFlags"":0,""productionVerificationSnapshots"":0}"
REVIEW,REVIEW,,cmta4ytua002nsciye5jdpjc2,cmta4yto2002msciy14cp15ty,Megafitness,"Megafitness Gift Card 300,00€",,,https://www.megafitness.gr/en/megafitness-gift-card-300-00%E2%82%AC-104325,DENOMINATION_SPECIFIC_URL|TITLE_AMOUNT_NOT_STRUCTURED,Amount-bearing title was not rewritten because at least one denomination is missing from variants/values. URL gift-card segment repeats the title denomination (300). URL remains unchanged until its parent is independently validated.,,,"{""variants"":0,""categories"":0,""occasions"":0,""sources"":0,""mediaAssets"":0,""clicks"":0,""verificationEvents"":0,""reviewFlags"":0,""productionVerificationSnapshots"":0}"
REVIEW,REVIEW,,cmta1kard00kiq8iyc8lsfv9b,cmta1kakx00khq8iyslhuttfv,Melispa,Gift Card €30,,,https://www.melispa.gr/el/gift-card,TITLE_AMOUNT_NOT_STRUCTURED,Amount-bearing title was not rewritten because at least one denomination is missing from variants/values.,,,"{""variants"":0,""categories"":0,""occasions"":0,""sources"":0,""mediaAssets"":0,""clicks"":0,""verificationEvents"":0,""reviewFlags"":0,""productionVerificationSnapshots"":0}"
REVIEW,REVIEW,,cmtb77c840025dkiy8nltursd,cmtb77c2z0024dkiyyehncw02,Melissinos Sandals,Gift Voucher - 55,,,http://www.melissinos-sandals.gr/giftvouchers/gift-card-55-detail,DENOMINATION_SPECIFIC_URL|TITLE_AMOUNT_NOT_STRUCTURED,Amount-bearing title was not rewritten because at least one denomination is missing from variants/values. URL gift-card segment repeats the title denomination (55). URL remains unchanged until its parent is independently validated.,,,"{""variants"":0,""categories"":0,""occasions"":0,""sources"":0,""mediaAssets"":0,""clicks"":0,""verificationEvents"":0,""reviewFlags"":0,""productionVerificationSnapshots"":0}"
REVIEW,REVIEW,,cmta1iw3700emq8iyu2nqv2dn,cmta1ivy000elq8iy2l2t9htl,Mfdayspa,ΔΩΡΟΕΠΙΤΑΓΗ 100,,,https://www.mfdayspa.gr/product-category/gift-ideas/gift-cards/,TITLE_AMOUNT_NOT_STRUCTURED,Amount-bearing title was not rewritten because at least one denomination is missing from variants/values.,,,"{""variants"":0,""categories"":0,""occasions"":0,""sources"":0,""mediaAssets"":0,""clicks"":0,""verificationEvents"":0,""reviewFlags"":0,""productionVerificationSnapshots"":0}"
REVIEW,REVIEW,,cmta4yuag002psciyoexjru1o,cmta4yu3q002osciyu5jetmw1,Mgsound,MGsound Gift Card 300€ | Premium Event Gift Card,,,https://www.mgsound.gr/product/gift-card-300/?srsltid=AfmBOor9zJIGcmlK-272F6SOU8U2UDBV-AfXv09-bRqilRiHpN2U7TDO,DENOMINATION_SPECIFIC_URL|TITLE_AMOUNT_NOT_STRUCTURED,Amount-bearing title was not rewritten because at least one denomination is missing from variants/values. URL gift-card segment repeats the title denomination (300). URL remains unchanged until its parent is independently validated.,,,"{""variants"":0,""categories"":0,""occasions"":0,""sources"":0,""mediaAssets"":0,""clicks"":0,""verificationEvents"":0,""reviewFlags"":0,""productionVerificationSnapshots"":0}"
REVIEW,REVIEW,,cmta1ix8a00esq8iyx9vwmckf,cmta1ix3800erq8iyqmw3lkc2,Mikelidis,Δώρα :: Gift Card :: Gift Card 300 €,,,https://www.mikelidis.gr/dora/gift-card/,TITLE_AMOUNT_NOT_STRUCTURED,Amount-bearing title was not rewritten because at least one denomination is missing from variants/values.,,,"{""variants"":0,""categories"":0,""occasions"":0,""sources"":0,""mediaAssets"":0,""clicks"":0,""verificationEvents"":0,""reviewFlags"":0,""productionVerificationSnapshots"":0}"
REVIEW,REVIEW,,cmta1nh7b00x0q8iyvpuik4zd,cmta1nh0t00wzq8iy8gdyp1w2,Morfibeauty,Gift Card 100,,,https://www.morfibeauty.gr/product/gift-card/,TITLE_AMOUNT_NOT_STRUCTURED,Amount-bearing title was not rewritten because at least one denomination is missing from variants/values.,,,"{""variants"":0,""categories"":0,""occasions"":0,""sources"":0,""mediaAssets"":0,""clicks"":0,""verificationEvents"":0,""reviewFlags"":0,""productionVerificationSnapshots"":0}"
REVIEW,REVIEW,,cmta1iyw100f0q8iyyl3g2m31,cmta1iypl00ezq8iypg6kwhfe,Motovinios,ΔΩΡΟΚΑΡΤΑ 100€ Το καλύτερο δώρο για τα αγαπημένα ...,,,https://www.motovinios.gr/c/giftcard,TITLE_AMOUNT_NOT_STRUCTURED,Amount-bearing title was not rewritten because at least one denomination is missing from variants/values.,,,"{""variants"":0,""categories"":0,""occasions"":0,""sources"":0,""mediaAssets"":0,""clicks"":0,""verificationEvents"":0,""reviewFlags"":0,""productionVerificationSnapshots"":0}"
REVIEW,REVIEW,,cmta4yw6q002xsciynztac1t7,cmta4yw0c002wsciyir3okmhf,Msystems,Msystems Δωροκάρτα 10e | Δωροκάρτες,,,https://www.msystems.gr/gifcards/msystems-giftcard-10e,DENOMINATION_SPECIFIC_URL|TITLE_AMOUNT_NOT_STRUCTURED,Amount-bearing title was not rewritten because at least one denomination is missing from variants/values. URL gift-card segment contains an explicit currency amount (10). URL remains unchanged until its parent is independently validated.,,,"{""variants"":0,""categories"":0,""occasions"":0,""sources"":0,""mediaAssets"":0,""clicks"":0,""verificationEvents"":0,""reviewFlags"":0,""productionVerificationSnapshots"":0}"
REVIEW,REVIEW,,cmta5nucz001j54iyk2uep1aq,cmta5nu7u001i54iy26l668bf,Myprotein,"Myprotein Gift Voucher, £50",,,https://www.myprotein.gr/p/protein-accessories/myprotein-gift-voucher-50/10530834/,DENOMINATION_SPECIFIC_URL|TITLE_AMOUNT_NOT_STRUCTURED,Amount-bearing title was not rewritten because at least one denomination is missing from variants/values. URL gift-card segment repeats the title denomination (50). URL remains unchanged until its parent is independently validated.,,,"{""variants"":0,""categories"":0,""occasions"":0,""sources"":0,""mediaAssets"":0,""clicks"":0,""verificationEvents"":0,""reviewFlags"":0,""productionVerificationSnapshots"":0}"
REVIEW,REVIEW,,cmta1fgap002dq8iyswsnc8wa,cmta1fg47002cq8iy4x4ez937,Niceyou,Gift Card 100,,,https://www.niceyou.gr/,TITLE_AMOUNT_NOT_STRUCTURED,Amount-bearing title was not rewritten because at least one denomination is missing from variants/values.,,,"{""variants"":0,""categories"":0,""occasions"":0,""sources"":0,""mediaAssets"":0,""clicks"":0,""verificationEvents"":0,""reviewFlags"":0,""productionVerificationSnapshots"":0}"
REVIEW,REVIEW,,cmta1fnrb0031q8iyg9sqt1g1,cmta1fnl10030q8iyjnfimm6o,Niyamas-Yoga,Gift Card Niyamas - Ηλεκτρονική Δωροκάρτα 20,,,https://niyamas-yoga.com/product/gift-card/,TITLE_AMOUNT_NOT_STRUCTURED,Amount-bearing title was not rewritten because at least one denomination is missing from variants/values.,,,"{""variants"":0,""categories"":0,""occasions"":0,""sources"":0,""mediaAssets"":0,""clicks"":0,""verificationEvents"":0,""reviewFlags"":0,""productionVerificationSnapshots"":0}"
REVIEW,REVIEW,,cmta1fdz30025q8iyjgn4n03r,cmta1fdrv0024q8iy4qoe2q40,O-Biotique,"Ελεκτρονική Δωροκάρτα O-Biotique 50,00",,,https://obiotique.com/el/products/o-biotique-gift-card,TITLE_AMOUNT_NOT_STRUCTURED,Amount-bearing title was not rewritten because at least one denomination is missing from variants/values.,,,"{""variants"":0,""categories"":0,""occasions"":0,""sources"":0,""mediaAssets"":0,""clicks"":0,""verificationEvents"":0,""reviewFlags"":0,""productionVerificationSnapshots"":0}"
REVIEW,REVIEW,,cmtb6v04k003a3giyiu8s30dd,cmtb6uzyo00393giyijqh9v1h,Outdoorway,Δωροεπιταγή Outdoorway 10 Ευρώ,,,https://www.outdoorway.gr/product/15647/doroepitagi-Outdoorway-10-eyro,DENOMINATION_SPECIFIC_URL|TITLE_AMOUNT_NOT_STRUCTURED,Amount-bearing title was not rewritten because at least one denomination is missing from variants/values. URL gift-card segment repeats the title denomination (10). URL remains unchanged until its parent is independently validated.,,,"{""variants"":0,""categories"":0,""occasions"":0,""sources"":0,""mediaAssets"":0,""clicks"":0,""verificationEvents"":0,""reviewFlags"":0,""productionVerificationSnapshots"":0}"
REVIEW,REVIEW,,cmta1kyj500n8q8iyln315obv,cmta1kycr00n7q8iyw5ymk36g,Palazzodiscarpe,Δωροκάρτα 150,,,https://www.palazzodiscarpe.gr/i/giftcards/dwrokarta-70/,TITLE_AMOUNT_NOT_STRUCTURED,Amount-bearing title was not rewritten because at least one denomination is missing from variants/values.,,,"{""variants"":0,""categories"":0,""occasions"":0,""sources"":0,""mediaAssets"":0,""clicks"":0,""verificationEvents"":0,""reviewFlags"":0,""productionVerificationSnapshots"":0}"
REVIEW,REVIEW,,cmta1gu640074q8iyaanq8e4u,cmta1gu0d0073q8iyksj58bpb,Paokfc,Gift Card 100 - PAOK Store,,,https://paokfc.gr/,TITLE_AMOUNT_NOT_STRUCTURED,Amount-bearing title was not rewritten because at least one denomination is missing from variants/values.,,,"{""variants"":0,""categories"":0,""occasions"":0,""sources"":0,""mediaAssets"":0,""clicks"":0,""verificationEvents"":0,""reviewFlags"":0,""productionVerificationSnapshots"":0}"
REVIEW,REVIEW,,cmta1j77e00fyq8iyr9b9nm78,cmta1j70q00fxq8iy9sg5qn8b,Parnass,Gift card Parnass 120,,,https://parnass.gr/,TITLE_AMOUNT_NOT_STRUCTURED,Amount-bearing title was not rewritten because at least one denomination is missing from variants/values.,,,"{""variants"":0,""categories"":0,""occasions"":0,""sources"":0,""mediaAssets"":0,""clicks"":0,""verificationEvents"":0,""reviewFlags"":0,""productionVerificationSnapshots"":0}"
REVIEW,REVIEW,,cmta1j7oa00g0q8iygdnjdv5j,cmta1j7hz00fzq8iy4xlg7dvr,Parousiafashion,ΔΩΡΟΕΠΙΤΑΓΗ 70,,,https://parousiafashion.gr/product-category/gift-cards/,TITLE_AMOUNT_NOT_STRUCTURED,Amount-bearing title was not rewritten because at least one denomination is missing from variants/values.,,,"{""variants"":0,""categories"":0,""occasions"":0,""sources"":0,""mediaAssets"":0,""clicks"":0,""verificationEvents"":0,""reviewFlags"":0,""productionVerificationSnapshots"":0}"
REVIEW,REVIEW,,cmta1ld1900ouq8iyh416pr6o,cmta1lcus00otq8iyclnib1y8,Petrichor,Gift Card 200,,,https://www.petrichor.com.gr/en/gift-card,TITLE_AMOUNT_NOT_STRUCTURED,Amount-bearing title was not rewritten because at least one denomination is missing from variants/values.,,,"{""variants"":0,""categories"":0,""occasions"":0,""sources"":0,""mediaAssets"":0,""clicks"":0,""verificationEvents"":0,""reviewFlags"":0,""productionVerificationSnapshots"":0}"
REVIEW,REVIEW,,cmta1f2jh000xq8iyzwanlt71,cmta1f2cv000wq8iyrguy8go3,PharmNet,Δωροεπιταγή 50 ευρώ,,,https://www.pharmnet.gr/,TITLE_AMOUNT_NOT_STRUCTURED,Amount-bearing title was not rewritten because at least one denomination is missing from variants/values.,,,"{""variants"":0,""categories"":0,""occasions"":0,""sources"":0,""mediaAssets"":0,""clicks"":0,""verificationEvents"":0,""reviewFlags"":0,""productionVerificationSnapshots"":0}"
REVIEW,REVIEW,,cmta1gvbd0078q8iyfrpuq3og,cmta1guui0077q8iybyqma2gp,Phoskitchenware,GiftCard 100€,,,https://www.phoskitchenware.gr/en/content/10-giftcards,TITLE_AMOUNT_NOT_STRUCTURED,Amount-bearing title was not rewritten because at least one denomination is missing from variants/values.,,,"{""variants"":0,""categories"":0,""occasions"":0,""sources"":0,""mediaAssets"":0,""clicks"":0,""verificationEvents"":0,""reviewFlags"":0,""productionVerificationSnapshots"":0}"
REVIEW,REVIEW,,cmta1f0po000pq8iytwczl1ho,cmta1f0j7000oq8iysl6mrjq4,Play-sports,Gift Card 20,,,https://play-sports.gr/product-category/gift-card/,TITLE_AMOUNT_NOT_STRUCTURED,Amount-bearing title was not rewritten because at least one denomination is missing from variants/values.,,,"{""variants"":0,""categories"":0,""occasions"":0,""sources"":0,""mediaAssets"":0,""clicks"":0,""verificationEvents"":0,""reviewFlags"":0,""productionVerificationSnapshots"":0}"
REVIEW,REVIEW,,cmta1jay200geq8iyzdfxuwo3,cmta1jarh00gdq8iyxtg67ir3,Pleasurefashion,Δωροκάρτα 30 Ευρώ - Pleasure Fashion,,,https://pleasurefashion.gr/,TITLE_AMOUNT_NOT_STRUCTURED,Amount-bearing title was not rewritten because at least one denomination is missing from variants/values.,,,"{""variants"":0,""categories"":0,""occasions"":0,""sources"":0,""mediaAssets"":0,""clicks"":0,""verificationEvents"":0,""reviewFlags"":0,""productionVerificationSnapshots"":0}"
REVIEW,REVIEW,,cmta1fqnv003bq8iy3xbbgzju,cmta1fqg6003aq8iyyqfnhn5v,PNN Nightwear,Δωροκάρτα 15,,,https://pnn-nightwear.gr/product/dorokarta-pnn-nightwear/,TITLE_AMOUNT_NOT_STRUCTURED,Amount-bearing title was not rewritten because at least one denomination is missing from variants/values.,,,"{""variants"":0,""categories"":0,""occasions"":0,""sources"":0,""mediaAssets"":0,""clicks"":0,""verificationEvents"":0,""reviewFlags"":0,""productionVerificationSnapshots"":0}"
REVIEW,REVIEW,,cmta5nw9j001t54iybpluaasg,cmta5nw46001s54iy628m45ik,Poem Luxury,Δωροκάρτα Poem-Luxury 100,,,https://poem-luxury.gr/product/giftcard-100/,DENOMINATION_SPECIFIC_URL|TITLE_AMOUNT_NOT_STRUCTURED,Amount-bearing title was not rewritten because at least one denomination is missing from variants/values. URL gift-card segment repeats the title denomination (100). URL remains unchanged until its parent is independently validated.,,,"{""variants"":0,""categories"":0,""occasions"":0,""sources"":0,""mediaAssets"":0,""clicks"":0,""verificationEvents"":0,""reviewFlags"":0,""productionVerificationSnapshots"":0}"
REVIEW,REVIEW,,cmta4239t000at8iyxdbmhou6,cmta4234h0009t8iyslvfmbiy,Powerpharm,Δωροεπιταγή 30,,,https://powerpharm.gr/product-category/gift-vouchers/,TITLE_AMOUNT_NOT_STRUCTURED,Amount-bearing title was not rewritten because at least one denomination is missing from variants/values.,,,"{""variants"":0,""categories"":0,""occasions"":0,""sources"":0,""mediaAssets"":0,""clicks"":0,""verificationEvents"":0,""reviewFlags"":0,""productionVerificationSnapshots"":0}"
REVIEW,REVIEW,,cmta1fpyi0039q8iyyzfu0kma,cmta1fpfj0038q8iyqulj0hwp,Pragmatic,Pragmatic Gift Voucher 100,,,https://www.pragmatic.gr/dora/gift-cards/,TITLE_AMOUNT_NOT_STRUCTURED,Amount-bearing title was not rewritten because at least one denomination is missing from variants/values.,,,"{""variants"":0,""categories"":0,""occasions"":0,""sources"":0,""mediaAssets"":0,""clicks"":0,""verificationEvents"":0,""reviewFlags"":0,""productionVerificationSnapshots"":0}"
REVIEW,REVIEW,,cmtb7i4z6001d04iynhzy9379,cmtb7i4tc001c04iydbkml154,Premium Greek Natural Skincare,Gift Card - Premium Greek Natural Skincare,,,https://oriadathens.com/product/gift-card-50e/,DENOMINATION_SPECIFIC_URL,URL gift-card segment contains an explicit currency amount (50). URL remains unchanged until its parent is independently validated.,,,"{""variants"":0,""categories"":0,""occasions"":0,""sources"":0,""mediaAssets"":0,""clicks"":0,""verificationEvents"":0,""reviewFlags"":0,""productionVerificationSnapshots"":0}"
REVIEW,REVIEW,,cmta1nnui00xqq8iyverz0w50,cmta1nnlj00xpq8iyi0360ygm,Profitstore,ΔωροΕπιταγή - Gift Card αξίας 500€ - ProfitStore,,,https://profitstore.gr/,TITLE_AMOUNT_NOT_STRUCTURED,Amount-bearing title was not rewritten because at least one denomination is missing from variants/values.,,,"{""variants"":0,""categories"":0,""occasions"":0,""sources"":0,""mediaAssets"":0,""clicks"":0,""verificationEvents"":0,""reviewFlags"":0,""productionVerificationSnapshots"":0}"
REVIEW,REVIEW,,cmta1l18300niq8iyfjqu39zb,cmta1l12800nhq8iy7m1jy4ap,Psaltou,Gift Card Αξίας 70,,,https://www.psaltou.gr/gift-cards,TITLE_AMOUNT_NOT_STRUCTURED,Amount-bearing title was not rewritten because at least one denomination is missing from variants/values.,,,"{""variants"":0,""categories"":0,""occasions"":0,""sources"":0,""mediaAssets"":0,""clicks"":0,""verificationEvents"":0,""reviewFlags"":0,""productionVerificationSnapshots"":0}"
REVIEW,REVIEW,,cmta1g612004uq8iy6ctyhbtp,cmt8hesrb000fa8iycuggb6wc,Puma Greece,Gift Card Terms & Conditions,,,https://giftcard.puma.com/de/en/TERMS_AND_CONDITIONS.html,CROSS_DOMAIN_MERCHANT_CLUSTER,Merchant has 2 cards; no merge/archive action is planned without a relation-aware keeper decision.,,,"{""variants"":0,""categories"":0,""occasions"":0,""sources"":0,""mediaAssets"":0,""clicks"":0,""verificationEvents"":0,""reviewFlags"":0,""productionVerificationSnapshots"":0}"
REVIEW,REVIEW,,cmt8hesz5000ga8iykmbj9m8y,cmt8hesrb000fa8iycuggb6wc,Puma Greece,Puma Greece Gift Card,,,https://eu.puma.com/gr/en/pd/digital-gift-card,CROSS_DOMAIN_MERCHANT_CLUSTER,Merchant has 2 cards; no merge/archive action is planned without a relation-aware keeper decision.,,,"{""variants"":1,""categories"":0,""occasions"":0,""sources"":1,""mediaAssets"":0,""clicks"":0,""verificationEvents"":1,""reviewFlags"":0,""productionVerificationSnapshots"":0}"
REVIEW,REVIEW,,cmta1jdvx00gqq8iy4767yu90,cmta1jdpf00gpq8iyjay8pz2w,Secretsofbeauty,Δωροκάρτα 300€ | Secrets of Beauty | Θεσσαλονίκη,,,https://secretsofbeauty.gr/doroepitages-spa/dorokarta-300e,DENOMINATION_SPECIFIC_URL|TITLE_AMOUNT_NOT_STRUCTURED,Amount-bearing title was not rewritten because at least one denomination is missing from variants/values. URL gift-card segment contains an explicit currency amount (300). URL remains unchanged until its parent is independently validated.,,,"{""variants"":0,""categories"":0,""occasions"":0,""sources"":0,""mediaAssets"":0,""clicks"":0,""verificationEvents"":0,""reviewFlags"":0,""productionVerificationSnapshots"":0}"
REVIEW,REVIEW,,cmta1ffa4002bq8iy5k6w34t1,cmta1ff3n002aq8iyrx6zswhx,Shopdali,DA|LI Gift Card 50,,,https://shopdali.gr/products/littles-gift-card-100,TITLE_AMOUNT_NOT_STRUCTURED,Amount-bearing title was not rewritten because at least one denomination is missing from variants/values.,,,"{""variants"":0,""categories"":0,""occasions"":0,""sources"":0,""mediaAssets"":0,""clicks"":0,""verificationEvents"":0,""reviewFlags"":0,""productionVerificationSnapshots"":0}"
REVIEW,REVIEW,,cmta1feu80029q8iy3p7bdse4,cmta1fenw0028q8iy6hk5qrpw,skakistikokentro.com,Δωροεπιταγή αξίας 50 ευρώ,,,https://skakistikokentro.com/shop,TITLE_AMOUNT_NOT_STRUCTURED,Amount-bearing title was not rewritten because at least one denomination is missing from variants/values.,,,"{""variants"":0,""categories"":0,""occasions"":0,""sources"":0,""mediaAssets"":0,""clicks"":0,""verificationEvents"":0,""reviewFlags"":0,""productionVerificationSnapshots"":0}"
REVIEW,REVIEW,,cmta5ny2d002354iyvhj9mkz0,cmta5nxxp002254iy4fqx9dbp,Smaragdasart,E-Δωροκάρτα 200€,,,https://smaragdasart.gr/el/card/171-e-gift-card-100-.html,TITLE_AMOUNT_NOT_STRUCTURED,Amount-bearing title was not rewritten because at least one denomination is missing from variants/values.,,,"{""variants"":0,""categories"":0,""occasions"":0,""sources"":0,""mediaAssets"":0,""clicks"":0,""verificationEvents"":0,""reviewFlags"":0,""productionVerificationSnapshots"":0}"
REVIEW,REVIEW,,cmta1jgrc00h2q8iylmuzku7m,cmta1jgl400h1q8iy35u741e6,Sonice,Gift Card 50 -,,,https://www.sonice.gr/el/185-gift-cards,TITLE_AMOUNT_NOT_STRUCTURED,Amount-bearing title was not rewritten because at least one denomination is missing from variants/values.,,,"{""variants"":0,""categories"":0,""occasions"":0,""sources"":0,""mediaAssets"":0,""clicks"":0,""verificationEvents"":0,""reviewFlags"":0,""productionVerificationSnapshots"":0}"
REVIEW,REVIEW,,cmta1eztn000lq8iyz17iv7nt,cmta1ezmz000kq8iyr2e7ujvq,Sportys,ΔΩΡΟΕΠΙΤΑΓΗ 90 ΕΥΡΩ,,,http://www.sportys.gr/content/12535/%CF%83%CF%84%CE%B5%CE%AF%CE%BB%CF%84%CE%B5-%CE%B4%CF%89%CF%81%CE%BF%CE%B5%CF%80%CE%B9%CF%84%CE%B1%CE%B3%CE%AE-,TITLE_AMOUNT_NOT_STRUCTURED,Amount-bearing title was not rewritten because at least one denomination is missing from variants/values.,,,"{""variants"":0,""categories"":0,""occasions"":0,""sources"":0,""mediaAssets"":0,""clicks"":0,""verificationEvents"":0,""reviewFlags"":0,""productionVerificationSnapshots"":0}"
REVIEW,REVIEW,,cmta1jijd00haq8iy0wkujph9,cmta1jidc00h9q8iy2obggbjm,Stickit,Δωροεπιταγή 10 € - 100 €,,,https://stickit.gr/,TITLE_AMOUNT_NOT_STRUCTURED,Amount-bearing title was not rewritten because at least one denomination is missing from variants/values.,,,"{""variants"":0,""categories"":0,""occasions"":0,""sources"":0,""mediaAssets"":0,""clicks"":0,""verificationEvents"":0,""reviewFlags"":0,""productionVerificationSnapshots"":0}"
REVIEW,REVIEW,,cmta1l69r00o2q8iysx3o77ki,cmta1l63n00o1q8iyl0i4a7xt,Tacticalstore,Δωροκάρτα 50€ Tactical Store – Digital Gift Card - Tacticalstore ...,,,https://www.tacticalstore.gr/product/dorokarta-tactical-store-100e-pro-gift-card/,DENOMINATION_SPECIFIC_URL|TITLE_AMOUNT_NOT_STRUCTURED,Amount-bearing title was not rewritten because at least one denomination is missing from variants/values. URL gift-card segment contains an explicit currency amount (100). URL remains unchanged until its parent is independently validated.,,,"{""variants"":0,""categories"":0,""occasions"":0,""sources"":0,""mediaAssets"":0,""clicks"":0,""verificationEvents"":0,""reviewFlags"":0,""productionVerificationSnapshots"":0}"
REVIEW,REVIEW,,cmta1f888001jq8iyip6oud9c,cmta1f82b001iq8iyewg8e5b5,Theodorou.Shop,e-Δωροκάρτα | 300,,,https://theodorou.shop/edorokarta,TITLE_AMOUNT_NOT_STRUCTURED,Amount-bearing title was not rewritten because at least one denomination is missing from variants/values.,,,"{""variants"":0,""categories"":0,""occasions"":0,""sources"":0,""mediaAssets"":0,""clicks"":0,""verificationEvents"":0,""reviewFlags"":0,""productionVerificationSnapshots"":0}"
REVIEW,REVIEW,,cmta5nyde002454iyc6vaizw0,cmta1fozl0036q8iyfva5aozo,Thomann,Buy Gift voucher at Thomann,,,https://www.thomann.gr/gift_voucher.html,CROSS_DOMAIN_MERCHANT_CLUSTER,Merchant has 2 cards; no merge/archive action is planned without a relation-aware keeper decision.,,,"{""variants"":0,""categories"":0,""occasions"":0,""sources"":0,""mediaAssets"":0,""clicks"":0,""verificationEvents"":0,""reviewFlags"":0,""productionVerificationSnapshots"":0}"
REVIEW,REVIEW,,cmta1fp5c0037q8iy0bte1j9f,cmta1fozl0036q8iyfva5aozo,Thomann,Thomann Gift Certificate 50 EUR,,,https://www.thomann.de/gr/index.html,CROSS_DOMAIN_MERCHANT_CLUSTER|TITLE_AMOUNT_NOT_STRUCTURED,Amount-bearing title was not rewritten because at least one denomination is missing from variants/values. Merchant has 2 cards; no merge/archive action is planned without a relation-aware keeper decision.,,,"{""variants"":0,""categories"":0,""occasions"":0,""sources"":0,""mediaAssets"":0,""clicks"":0,""verificationEvents"":0,""reviewFlags"":0,""productionVerificationSnapshots"":0}"
REVIEW,REVIEW,,cmtb77n4m003qdkiyjf9v5mzc,cmtb77mzs003pdkiyc12og14q,Topgreekwines,Gift voucher 50€,,,https://www.topgreekwines.gr/en-gb/gift-voucher-50%E2%82%AC-wines.html,TITLE_AMOUNT_NOT_STRUCTURED,Amount-bearing title was not rewritten because at least one denomination is missing from variants/values.,,,"{""variants"":0,""categories"":0,""occasions"":0,""sources"":0,""mediaAssets"":0,""clicks"":0,""verificationEvents"":0,""reviewFlags"":0,""productionVerificationSnapshots"":0}"
REVIEW,REVIEW,,cmta1fahw001tq8iy1xha6nv0,cmta1fac7001sq8iyd2v8yrai,Toys and Gifts,100 Χάρισε μια δωροκάρτα 100 ευρώ,,,https://www.toysandgifts.gr/,TITLE_AMOUNT_NOT_STRUCTURED,Amount-bearing title was not rewritten because at least one denomination is missing from variants/values.,,,"{""variants"":0,""categories"":0,""occasions"":0,""sources"":0,""mediaAssets"":0,""clicks"":0,""verificationEvents"":0,""reviewFlags"":0,""productionVerificationSnapshots"":0}"
REVIEW,REVIEW,,cmta1gy2c007iq8iysz2lc12v,cmta1gxwr007hq8iydqyoi0d1,Toys Shop,Toys-shop Choice Egift Card 10 TSGC10,,,https://toys-shop.gr/,TITLE_AMOUNT_NOT_STRUCTURED,Amount-bearing title was not rewritten because at least one denomination is missing from variants/values.,,,"{""variants"":0,""categories"":0,""occasions"":0,""sources"":0,""mediaAssets"":0,""clicks"":0,""verificationEvents"":0,""reviewFlags"":0,""productionVerificationSnapshots"":0}"
REVIEW,REVIEW,,cmtb77ob5003wdkiyrw1g9la4,cmtb77o6f003vdkiysq2nbo5o,Tsiantakishome,Δωροκάρτα 40,,,https://www.tsiantakishome.gr/shop/dwrokartes/dwrokarta-40e/,DENOMINATION_SPECIFIC_URL|TITLE_AMOUNT_NOT_STRUCTURED,Amount-bearing title was not rewritten because at least one denomination is missing from variants/values. URL gift-card segment contains an explicit currency amount (40). URL remains unchanged until its parent is independently validated.,,,"{""variants"":0,""categories"":0,""occasions"":0,""sources"":0,""mediaAssets"":0,""clicks"":0,""verificationEvents"":0,""reviewFlags"":0,""productionVerificationSnapshots"":0}"
REVIEW,REVIEW,,cmta1jsr800ieq8iywfmnl4tl,cmta1jska00idq8iyoro6mc23,Turritella,Δωροκάρτα 50€ - Turritella,,,https://turritella.gr/giftcards/,TITLE_AMOUNT_NOT_STRUCTURED,Amount-bearing title was not rewritten because at least one denomination is missing from variants/values.,,,"{""variants"":0,""categories"":0,""occasions"":0,""sources"":0,""mediaAssets"":0,""clicks"":0,""verificationEvents"":0,""reviewFlags"":0,""productionVerificationSnapshots"":0}"
REVIEW,REVIEW,,cmta1h0ab007sq8iyxev6cx5s,cmta1h047007rq8iyu0fz8xw6,Undergroundshop,GIFTCARD 10 EURO GIFTCARD_1,,,https://undergroundshop.gr/,TITLE_AMOUNT_NOT_STRUCTURED,Amount-bearing title was not rewritten because at least one denomination is missing from variants/values.,,,"{""variants"":0,""categories"":0,""occasions"":0,""sources"":0,""mediaAssets"":0,""clicks"":0,""verificationEvents"":0,""reviewFlags"":0,""productionVerificationSnapshots"":0}"
REVIEW,REVIEW,,cmtb77pqn0044dkiykqllgm6x,cmtb77pls0043dkiy7d0f0hyj,Vinoteca,Δωροκάρτα 100,,,https://www.vinoteca.gr/gift-card-100.html,TITLE_AMOUNT_NOT_STRUCTURED,Amount-bearing title was not rewritten because at least one denomination is missing from variants/values.,,,"{""variants"":0,""categories"":0,""occasions"":0,""sources"":0,""mediaAssets"":0,""clicks"":0,""verificationEvents"":0,""reviewFlags"":0,""productionVerificationSnapshots"":0}"
REVIEW,REVIEW,,cmta1nyzl00yyq8iy0qetgjxm,cmta1nys900yxq8iye6g35elk,Vinylartclothing,Vinyl gift card 40€,,,https://vinylartclothing.gr/products/gift-card-40,DENOMINATION_SPECIFIC_URL|TITLE_AMOUNT_NOT_STRUCTURED,Amount-bearing title was not rewritten because at least one denomination is missing from variants/values. URL gift-card segment repeats the title denomination (40). URL remains unchanged until its parent is independently validated.,,,"{""variants"":0,""categories"":0,""occasions"":0,""sources"":0,""mediaAssets"":0,""clicks"":0,""verificationEvents"":0,""reviewFlags"":0,""productionVerificationSnapshots"":0}"
REVIEW,REVIEW,,cmta1k33j00jmq8iy7dosx0mg,cmta1k2vw00jlq8iy0gndm22x,Wine24shop,Gift Card 20 euro - Wine24shop,,,https://www.wine24shop.gr/dorokarta-100-euro.el.aspx,TITLE_AMOUNT_NOT_STRUCTURED,Amount-bearing title was not rewritten because at least one denomination is missing from variants/values.,,,"{""variants"":0,""categories"":0,""occasions"":0,""sources"":0,""mediaAssets"":0,""clicks"":0,""verificationEvents"":0,""reviewFlags"":0,""productionVerificationSnapshots"":0}"
REVIEW,REVIEW,,cmta1lg2500p6q8iyyuuzs7jr,cmta1lfvh00p5q8iygw2r78qv,Woodyline,GIFT CARD 200?,,,https://woodyline.gr/,TITLE_AMOUNT_NOT_STRUCTURED,Amount-bearing title was not rewritten because at least one denomination is missing from variants/values.,,,"{""variants"":0,""categories"":0,""occasions"":0,""sources"":0,""mediaAssets"":0,""clicks"":0,""verificationEvents"":0,""reviewFlags"":0,""productionVerificationSnapshots"":0}"
REVIEW,REVIEW,,cmta1jyv900j4q8iyp2i9pyz5,cmta1jyov00j3q8iy67j6xwig,Yellowstars,Δωροκάρτα 20€ YellowStars,,,https://yellowstars.gr/category/dorokarta,TITLE_AMOUNT_NOT_STRUCTURED,Amount-bearing title was not rewritten because at least one denomination is missing from variants/values.,,,"{""variants"":0,""categories"":0,""occasions"":0,""sources"":0,""mediaAssets"":0,""clicks"":0,""verificationEvents"":0,""reviewFlags"":0,""productionVerificationSnapshots"":0}"
REVIEW,REVIEW,,cmta1o01w00z2q8iyrp45us19,cmta1nzvg00z1q8iylezj7e09,Yourdigitalcourses,ΔΩΡΟΚΑΡΤΑ 50,,,https://yourdigitalcourses.gr/product/dorokarta-200e/,DENOMINATION_SPECIFIC_URL|TITLE_AMOUNT_NOT_STRUCTURED,Amount-bearing title was not rewritten because at least one denomination is missing from variants/values. URL gift-card segment contains an explicit currency amount (200). URL remains unchanged until its parent is independently validated.,,,"{""variants"":0,""categories"":0,""occasions"":0,""sources"":0,""mediaAssets"":0,""clicks"":0,""verificationEvents"":1,""reviewFlags"":0,""productionVerificationSnapshots"":0}"
REVIEW,REVIEW,,cmta1fu97003pq8iyip5e1paw,cmta1fu2m003oq8iy4ozx9tlx,Z-Ergaleia,Δωροκάρτα 300,,,https://www.z-ergaleia.gr/,TITLE_AMOUNT_NOT_STRUCTURED,Amount-bearing title was not rewritten because at least one denomination is missing from variants/values.,,,"{""variants"":0,""categories"":0,""occasions"":0,""sources"":0,""mediaAssets"":0,""clicks"":0,""verificationEvents"":0,""reviewFlags"":0,""productionVerificationSnapshots"":0}"
REVIEW,REVIEW,,cmtb78e22007gdkiyojyhhg7e,cmtb78dwy007fdkiyd2xzj5l1,Zador,Gift Voucher 100 EUR,,,https://www.zador.gr/en/products/gift-voucher-100-eur,DENOMINATION_SPECIFIC_URL|TITLE_AMOUNT_NOT_STRUCTURED,Amount-bearing title was not rewritten because at least one denomination is missing from variants/values. URL gift-card segment repeats the title denomination (100). URL remains unchanged until its parent is independently validated.,,,"{""variants"":0,""categories"":0,""occasions"":0,""sources"":0,""mediaAssets"":0,""clicks"":0,""verificationEvents"":0,""reviewFlags"":0,""productionVerificationSnapshots"":0}"
