type,actionId,cardId,merchantId,expected,value,variant,evidence
UPDATE_CARD_TITLE,update-title:cmta1itdc00e8q8iy8qkpk1e1,cmta1itdc00e8q8iy8qkpk1e1,cmta1it7x00e7q8iyoinm2cbt,Δωροκάρτα 70 - materiaprima,Materiaprima Gift Card,,"Official product copy explicitly states digital gift-card delivery to the recipient by email.|Official product copy explicitly supports the online shop and physical stores and states three-month expiry.|The official gift-card category lists exactly four products: €20, €40, €70 and €120.|The verified same-domain gift-card category replaces the conflicting €40 product URL."
UPDATE_OFFICIAL_URL,update-official-url:cmta1itdc00e8q8iy8qkpk1e1,cmta1itdc00e8q8iy8qkpk1e1,cmta1it7x00e7q8iyoinm2cbt,https://materiaprima.gr/product/gift-card-40e/,https://materiaprima.gr/specials/dorokartes/,,"Official product copy explicitly states digital gift-card delivery to the recipient by email.|Official product copy explicitly supports the online shop and physical stores and states three-month expiry.|The official gift-card category lists exactly four products: €20, €40, €70 and €120.|The verified same-domain gift-card category replaces the conflicting €40 product URL."
CREATE_VARIANT,create-variant:cmta1itdc00e8q8iy8qkpk1e1,cmta1itdc00e8q8iy8qkpk1e1,cmta1it7x00e7q8iyoinm2cbt,,,"{""name"":""Digital"",""type"":""DIGITAL"",""minValue"":""20"",""maxValue"":""120"",""customValueAllowed"":false,""values"":[""20"",""40"",""70"",""120""],""deliveryMethods"":[""EMAIL""],""redemptionChannels"":[""ONLINE"",""PHYSICAL_STORE""],""validityMonths"":3}","Official product copy explicitly states digital gift-card delivery to the recipient by email.|Official product copy explicitly supports the online shop and physical stores and states three-month expiry.|The official gift-card category lists exactly four products: €20, €40, €70 and €120.|The verified same-domain gift-card category replaces the conflicting €40 product URL."
UPDATE_CARD_TITLE,update-title:cmta1l69r00o2q8iysx3o77ki,cmta1l69r00o2q8iysx3o77ki,cmta1l63n00o1q8iyl0i4a7xt,Δωροκάρτα 50€ Tactical Store – Digital Gift Card - Tacticalstore ...,Tacticalstore Gift Card,,"Official product copy explicitly states digital delivery by email.|Official product copy explicitly states twelve-month validity.|The official category contains exactly €25, €50 and €100 gift cards.|No redemption channel is inferred because the official copy does not explicitly state one.|The verified same-domain gift-card category replaces the conflicting €100 product URL."
UPDATE_OFFICIAL_URL,update-official-url:cmta1l69r00o2q8iysx3o77ki,cmta1l69r00o2q8iysx3o77ki,cmta1l63n00o1q8iyl0i4a7xt,https://www.tacticalstore.gr/product/dorokarta-tactical-store-100e-pro-gift-card/,https://www.tacticalstore.gr/cat/dorokartes/,,"Official product copy explicitly states digital delivery by email.|Official product copy explicitly states twelve-month validity.|The official category contains exactly €25, €50 and €100 gift cards.|No redemption channel is inferred because the official copy does not explicitly state one.|The verified same-domain gift-card category replaces the conflicting €100 product URL."
CREATE_VARIANT,create-variant:cmta1l69r00o2q8iysx3o77ki,cmta1l69r00o2q8iysx3o77ki,cmta1l63n00o1q8iyl0i4a7xt,,,"{""name"":""Digital"",""type"":""DIGITAL"",""minValue"":""25"",""maxValue"":""100"",""customValueAllowed"":false,""values"":[""25"",""50"",""100""],""deliveryMethods"":[""EMAIL""],""redemptionChannels"":[],""validityMonths"":12}","Official product copy explicitly states digital delivery by email.|Official product copy explicitly states twelve-month validity.|The official category contains exactly €25, €50 and €100 gift cards.|No redemption channel is inferred because the official copy does not explicitly state one.|The verified same-domain gift-card category replaces the conflicting €100 product URL."
UPDATE_CARD_TITLE,update-title:cmta1nyzl00yyq8iy0qetgjxm,cmta1nyzl00yyq8iy0qetgjxm,cmta1nys900yxq8iye6g35elk,Vinyl gift card 40€,Vinylartclothing Gift Card,,"Each of the five official product pages is checked after opening its visible Description accordion.|Each product description explicitly states physical delivery in gift packaging.|Each product description explicitly states e-shop-only redemption with the checkout coupon code.|The official same-domain search lists the five fixed values €40, €60, €80, €100 and €130.|The general same-domain gift-card search replaces the denomination-specific €40 product URL."
UPDATE_OFFICIAL_URL,update-official-url:cmta1nyzl00yyq8iy0qetgjxm,cmta1nyzl00yyq8iy0qetgjxm,cmta1nys900yxq8iye6g35elk,https://vinylartclothing.gr/products/gift-card-40,https://vinylartclothing.gr/search?q=gift%20card,,"Each of the five official product pages is checked after opening its visible Description accordion.|Each product description explicitly states physical delivery in gift packaging.|Each product description explicitly states e-shop-only redemption with the checkout coupon code.|The official same-domain search lists the five fixed values €40, €60, €80, €100 and €130.|The general same-domain gift-card search replaces the denomination-specific €40 product URL."
CREATE_VARIANT,create-variant:cmta1nyzl00yyq8iy0qetgjxm,cmta1nyzl00yyq8iy0qetgjxm,cmta1nys900yxq8iye6g35elk,,,"{""name"":""Physical"",""type"":""PHYSICAL"",""minValue"":""40"",""maxValue"":""130"",""customValueAllowed"":false,""values"":[""40"",""60"",""80"",""100"",""130""],""deliveryMethods"":[""PHYSICAL_DELIVERY""],""redemptionChannels"":[""ONLINE""],""validityMonths"":null}","Each of the five official product pages is checked after opening its visible Description accordion.|Each product description explicitly states physical delivery in gift packaging.|Each product description explicitly states e-shop-only redemption with the checkout coupon code.|The official same-domain search lists the five fixed values €40, €60, €80, €100 and €130.|The general same-domain gift-card search replaces the denomination-specific €40 product URL."
