status,merchantId,merchantName,giftCardId,label,addressLine,city,area,administrativeArea,postalCode,countryCode,latitude,longitude,sourceUrl,verificationStatus,reason,actionId
SAFE,cmta4y7vg0004sciy2y9wokq6,Agigma,cmta4y81w0005sciybyesa197,Agigma Holistic Spa,Mahiton Sholis Chorofilakis 7,Ρέθυμνο,,Κρήτη,741 00,GR,0,0,https://agigma.gr/,VERIFIED,OFFICIAL_COMPLETE_PHYSICAL_BUSINESS_JSON_LD,e493d9208727d0c33eeeb355be22593f1faa2eb96aa86e43a4abcc37e8fd11d8
SAFE,cmtb77z45005gdkiyowzvvqms,Angels Boutique,cmtb77z8g005hdkiybcw8e79m,Angels Boutique,Tzavella 26,Εύοσμος,,Κεντρική Μακεδονία,562 24,GR,0,0,https://www.angels-boutique.gr/,VERIFIED,OFFICIAL_COMPLETE_PHYSICAL_BUSINESS_JSON_LD,400fe298556d7db0722d13be3acd7f03f21649a7e5f2da1a0ba59465b071d919
SAFE,cmtikaq840000csiynr88cto8,Antithesis Clothing,cmtb77r83004bdkiycl9k0utt,Antithesis Clothing,Νικολάου Πλαστήρα 2 Διαβατά,Διαβατά,,Κεντρική Μακεδονία,570 08,GR,40.6899829,22.855066,https://antithesisclothing.gr/,VERIFIED,OFFICIAL_COMPLETE_PHYSICAL_BUSINESS_JSON_LD,b30654eb8c0fbc43cfd9e0bf4584da33b10aec74fae0290c6a327f6a8af06bd8
SAFE,cmta1hfri008tq8iyyvmypizt,Athensmassagecenter,cmta1hfz2008uq8iykkf41lee,Athens Massage Center,Αμφείας 14,Αθήνα,,Αττική,114 75,GR,37.994373624754665,23.751516152367763,https://athensmassagecenter.gr/,VERIFIED,OFFICIAL_COMPLETE_PHYSICAL_BUSINESS_JSON_LD,4efeeeb444c658c01a98b202434e4d0c6894c31bf65983e58aa90d68b030c3ea
SAFE,cmta1lkoo00pnq8iy3a0nyj35,Avgerinospharmacy,cmta1lkvc00poq8iyrf4ok9ea,Avgerinos Pharmacy,Leoforos Vasileos Konstantinou 138,Κορωπί,,Αττική,194 00,GR,0,0,https://avgerinospharmacy.gr/,VERIFIED,OFFICIAL_COMPLETE_PHYSICAL_BUSINESS_JSON_LD,88c23910b9723238baddd06b6708172772b56c94e83280258317c290308fb7ca
SAFE,cmta1mjw600tdq8iy2ln2bbdn,Babyvalia,cmta1mk2p00teq8iywlymg7ut,Βabyvalia Collections,Αθηνάς 75,Ίλιον,,Αττική,131 22,GR,0,0,https://babyvalia.gr/,VERIFIED,OFFICIAL_COMPLETE_PHYSICAL_BUSINESS_JSON_LD,653767ab25731a0cd03250598f86f649707b30a731f2b97c87502d247527062e
SAFE,cmta1hjup0095q8iyvtvlgy9z,Beautybliss,cmta1hk2v0096q8iyp1g0rj8w,Beauty Bliss,13 Εθνικής Αντιστάσεως,Γέρακας,,Αττική,153 44,GR,0,0,https://www.beautybliss.gr/,VERIFIED,OFFICIAL_COMPLETE_PHYSICAL_BUSINESS_JSON_LD,4426c63771ab26cd19b7efabfe14b7f4032729952bdca94e14f5f0c1b59acd40
SAFE,cmta1hkqq0099q8iyde9km7bg,Beautypeak,cmta1hkw1009aq8iy1ebujztj,Beauty Peak,3 Λυκούργου,Καλλιθέα,,Αττική,176 76,GR,0,0,https://www.beautypeak.gr/,VERIFIED,OFFICIAL_COMPLETE_PHYSICAL_BUSINESS_JSON_LD,bde1c2c7aacb22824facd571fdb0a97f77735c006e69f86f8b0fb80a02d30dab
SAFE,cmta1hl4z009bq8iydvy08yy9,Beautyprincess,cmta1hlab009cq8iyuzff3nxc,Beautyprincess.gr,Μπισκίνη 24,Ζωγράφου,,Αττική,157 71,GR,37.9768,23.7651,https://beautyprincess.gr/,VERIFIED,OFFICIAL_COMPLETE_PHYSICAL_BUSINESS_JSON_LD,9db9202a032501c1a07d58ea91d0fc0caa490d53f3babed82e7c6709aca5c223
SAFE,cmta1hn3o009lq8iyhn7qa9mo,Bloss,cmta1hn8m009mq8iyulc5z4tr,BLOSS Fashion e-Shop,11 Ditikis Thrakis,Σέρρες,,Κεντρική Μακεδονία,621 24,GR,0,0,https://www.bloss.gr/,VERIFIED,OFFICIAL_COMPLETE_PHYSICAL_BUSINESS_JSON_LD,1694cfab72b27aacc3205d8d306c16fcf74191c9979e585e4e62cd15c3b6649e
SAFE,cmta4ybba000isciyih7hob24,Box Box,cmta4ybhz000jsciys63enlye,Box-Box,Στρ. Καραϊσκάκη 88,Χαϊδάρι,,Αττική,124 61,GR,0,0,https://box-box.gr/,VERIFIED,OFFICIAL_COMPLETE_PHYSICAL_BUSINESS_JSON_LD,6b75834b591a5ab1a44a068552dc7a67bd51a9fd8e4c0b167334d0e93bca4306
SAFE,cmta1hoou009rq8iyjmqa7rlt,Bwoman,cmta1hou3009sq8iy5e9xah2t,B Woman,Περγάμου 46,Μέγαρα,,Αττική,191 00,GR,0,0,https://bwoman.gr/,VERIFIED,OFFICIAL_COMPLETE_PHYSICAL_BUSINESS_JSON_LD,ff05289f2b28cd62492b3e816a9318b1c56e1ceae4568fc7ff33a5230e41a9d6
SAFE,cmta1ls5c00qfq8iypc6nerrf,Carousel,cmta1lsbl00qgq8iyhk5pv19c,Carousel.gr,Νόρμαν 5-7,Άρτα,,Ήπειρος,471 32,GR,0,0,https://carousel.gr/,VERIFIED,OFFICIAL_COMPLETE_PHYSICAL_BUSINESS_JSON_LD,666a00829d3a08dc5859dbf47e3f5595504a14d2d359f89a47257d6c4abbb5d5
SAFE,cmta1moyw00txq8iyppaqhxxs,Cavakalomenidis,cmta1mp5900tyq8iyvpa0dnxr,Cava Kalomenidis,Παυλίδη Αδαμοπούλου 5,Πτολεμαΐδα,,Δυτική Μακεδονία,502 00,GR,40.5143395,21.6805329,https://cavakalomenidis.gr/,VERIFIED,OFFICIAL_COMPLETE_PHYSICAL_BUSINESS_JSON_LD,818487dd58561a117f695d323aec77d0d4810ee9551f0824491e15703e6b1fbd
SAFE,cmta1hs9s00a5q8iy7uqk99as,Champselysees,cmta1hsfo00a6q8iyzzo5j9r0,Ελισάβετ Μαυρουδή - Champs Elysées Institut,"Χαρίτων 13 B, Εύοσμος",Εύοσμος,,Κεντρική Μακεδονία,562 24,GR,40.67480789035335,22.9072278134948,https://champselysees.gr/,VERIFIED,OFFICIAL_COMPLETE_PHYSICAL_BUSINESS_JSON_LD,249170faa37a604d6784f81d404824ec52b74b3c9b78086ec16661a62578f96a
SAFE,cmtb7hy3h000e04iyq74d13gb,Cretelocaladventures,cmtb7hy8e000f04iyjz2kwfs2,Crete Local Adventures,109 Selinou,Χανιά,,Κρήτη,731 31,GR,35.5125635,24.007672,https://www.cretelocaladventures.com/,VERIFIED,OFFICIAL_COMPLETE_PHYSICAL_BUSINESS_JSON_LD,66389bb250d72b6853eaf9456a1859d96c5a5d3c171a5f47356b2dd81ea99666
SAFE,cmta1klv100lrq8iyi3h52q5r,Despykboutique,cmta1km1x00lsq8iyzx1su6ol,DespyK Boutique – Περιστέρι (Κεντρικό),Εθν. Αντιστάσεως 2,Περιστέρι,,Αττική,121 34,GR,0,0,https://despykboutique.gr/,VERIFIED,OFFICIAL_COMPLETE_PHYSICAL_BUSINESS_JSON_LD,f2456b7ccddb6a9ca168c1436f09b66f3961d2d398eef971f90fa0469b9ac147
SAFE,cmta1klv100lrq8iyi3h52q5r,Despykboutique,cmta1km1x00lsq8iyzx1su6ol,DespyK Boutique – Περιστέρι Outlet (2ος όροφος),"Λεωφόρος Παναγή Τσαλδάρη 21, 2ος όροφος",Περιστέρι,,Αττική,121 34,GR,0,0,https://despykboutique.gr/,VERIFIED,OFFICIAL_COMPLETE_PHYSICAL_BUSINESS_JSON_LD,6a2c8151b17a1afaed537c6b7aa30bbf4c64535cee951f38c01e97d9fe30bc83
SAFE,cmta1klv100lrq8iyi3h52q5r,Despykboutique,cmta1km1x00lsq8iyzx1su6ol,DespyK Boutique – Γλυφάδα,Φοίβης 11,Γλυφάδα,,Αττική,166 74,GR,0,0,https://despykboutique.gr/,VERIFIED,OFFICIAL_COMPLETE_PHYSICAL_BUSINESS_JSON_LD,39053855925d85b8e6a3405e656a5ba1c4e2a88a1c5ba47cec64fc82b42f97cf
SAFE,cmta1hxrm00arq8iyhvy95v45,Doctorfish,cmta1hxy000asq8iyykd06tm3,Doctor Fish Athens - Day Spa & Nail Bar in Athens City Center,69 Adrianou,Αθήνα,,Αττική,105 56,GR,0,0,https://www.doctorfish.gr/,VERIFIED,OFFICIAL_COMPLETE_PHYSICAL_BUSINESS_JSON_LD,fc0b21425b65ce94ea4134542f52b81caf41b5760bbfa0f322814eed3e24d8bf
SAFE,cmtb6e05h0000i4iydjpp2xn1,EA Bags,cmtb6e0aj0001i4iyas7ed2u8,Elena Athanasiou Bags ®,28 Katouni,Θεσσαλονίκη,Λαδάδικα,Κεντρική Μακεδονία,546 25,GR,0,0,https://eabags.gr/,VERIFIED,OFFICIAL_COMPLETE_PHYSICAL_BUSINESS_JSON_LD,69192aaaed02e514eea1db47fa80fadeab70be2729eb1fd3b5ec4aa5c6f245a5
SAFE,cmta1i3qb00b3q8iy5go5mq9p,Ecrystal,cmta1i3wg00b4q8iywcrwt5kb,Ecrystal,Tsimiski 87,Θεσσαλονίκη,,Κεντρική Μακεδονία,546 22,GR,0,0,https://ecrystal.gr/,VERIFIED,OFFICIAL_COMPLETE_PHYSICAL_BUSINESS_JSON_LD,c301c05be2ddb47564a0054f238a939a4823946e34ee9b036faaa9aff1a6acdd
SAFE,cmta1gb230053q8iy8buu3rfv,Efantasy,cmta1gb8s0054q8iyvvktnacz,eFantasy,"Ermou 55, City center",Θεσσαλονίκη,Κέντρο,Κεντρική Μακεδονία,546 23,GR,40.634618,22.9433703,https://www.efantasy.gr/,VERIFIED,OFFICIAL_COMPLETE_PHYSICAL_BUSINESS_JSON_LD,b0cc2dd44ac85cf1b8be02d262f9a14d61dd8b8f0c251fda7bea61e338050453
SAFE,cmta1i46g00b5q8iy2z5otzf9,Eightboutiquegym,cmta1i4c700b6q8iyjxtelg4g,Eight Boutique Gym,8C Kassandras,Αθήνα,,Αττική,104 47,GR,0,0,https://www.eightboutiquegym.gr/,VERIFIED,OFFICIAL_COMPLETE_PHYSICAL_BUSINESS_JSON_LD,2301499de1a589fe9c821ba325c8f5a243c951271c3ed3336f8db3ed807ced3e
SAFE,cmta1i4m300b7q8iydyj6mvak,Elegancy,cmta1i4s700b8q8iy5xesqkh9,Elegancy,127 Leoforos Likourgou,Σπάρτη,,Πελοπόννησος,231 00,GR,0,0,https://www.elegancy.gr/,VERIFIED,OFFICIAL_COMPLETE_PHYSICAL_BUSINESS_JSON_LD,008dcc94ff106a4ab4fd258f9c62626cd0893a9913baf830147bf9263bcea89c
SAFE,cmtb782b5005wdkiybx3tkhjs,Elemental Studios,cmtb782g1005xdkiyq9opz2o1,Elemental Pilates Studios,20 Friderikou Tsentner,Αθήνα,,Αττική,115 25,GR,0,0,https://www.elementalpilates.gr/,VERIFIED,OFFICIAL_COMPLETE_PHYSICAL_BUSINESS_JSON_LD,2decb20e55e5ce6b0e9feae805be75b1c8097c95f2ec101bd9086018ff6d795d
SAFE,cmta1myls00uzq8iy57frgnry,Epipla24,cmta1mys100v0q8iy16qgugkj,Epipla24,Λεωφ. Εθνικής Αντιστάσεως 9,Νέα Ιωνία,,Αττική,142 34,GR,38.0377597,23.7628756,https://epipla24.gr/,VERIFIED,OFFICIAL_COMPLETE_PHYSICAL_BUSINESS_JSON_LD,6e99ae51b0ca771845ccea57034f0dcf8f65ac60936ee47bb4552d5bd75c0643
SAFE,cmta1m8wn00s9q8iygc3o000e,Flashfashion,cmta1m93500saq8iycjty6l3s,FLASH FASHION,25 Sotiros Dios,Πειραιάς,,Αττική,185 35,GR,0,0,https://www.flashfashion.shop/,VERIFIED,OFFICIAL_COMPLETE_PHYSICAL_BUSINESS_JSON_LD,d84d1a3964c667a6db7e56e7b9e85c3cae62414a70887c2896587b7640d88a89
SAFE,cmtb6uorg001l3giy24moh9jp,Francesca,cmtb6uox1001m3giybq8qyts9,Francesca Jewels,33 Tsamadou,Πειραιάς,,Αττική,185 31,GR,0,0,https://www.francesca.gr/,VERIFIED,OFFICIAL_COMPLETE_PHYSICAL_BUSINESS_JSON_LD,071459e978a9254215448594499735763b531a403069627dc317ca7be013ede2
SAFE,cmta1ez7o000iq8iykgtqu8z5,GC-TECH,cmta1ezdj000jq8iyh7o6gmjd,GCTECH,Γούναρη 73,Γλυφάδα,,Αττική,165 61,GR,0,0,https://gctech.gr/,VERIFIED,OFFICIAL_COMPLETE_PHYSICAL_BUSINESS_JSON_LD,637424b74abb9c5ac841fdda61c0f718cff25480adcaaa9d200b6ca44f159950
SAFE,cmta1gd4f005dq8iyu9jftu4f,Haritidis,cmta1gdar005eq8iym6dznhq7,Κατάστημα Ευόσμου,Κωνσταντίνου Καραμανλή 41,Εύοσμος,Ελευθέριο,Κεντρική Μακεδονία,563 34,GR,40.66719,22.89834,https://www.haritidis.gr/el,VERIFIED,OFFICIAL_COMPLETE_PHYSICAL_BUSINESS_JSON_LD,1d78f82f0dbfc7cdc8f39bdf892528dbf5684056442fbffe2da0ecff4cfdb5eb
SAFE,cmta1gd4f005dq8iyu9jftu4f,Haritidis,cmta1gdar005eq8iym6dznhq7,Κατάστημα Κέντρου,Προξένου Κορομηλά 33,Θεσσαλονίκη,Κέντρο,Κεντρική Μακεδονία,546 22,GR,40.62989,22.94486,https://www.haritidis.gr/el,VERIFIED,OFFICIAL_COMPLETE_PHYSICAL_BUSINESS_JSON_LD,8c06a0b7f6a0972a6a97135e0b491a0998f80abc46bf2d949437380ca27eee88
SAFE,cmta1id9100c9q8iypixzj7p1,Harmony Spa,cmta1idf400caq8iyjdg0i0lk,Harmony Spa,"Amarousiou-Chalandriou 73 & Pigasou 2, 2nd Floor",Μαρούσι,,Αττική,151 25,GR,0,0,https://harmony-spa.gr/,VERIFIED,OFFICIAL_COMPLETE_PHYSICAL_BUSINESS_JSON_LD,89106d68c3ef738d93e1ae9daf04eb8682cc3e6fbe65f86bcdc665e5d3e4a8ad
SAFE,cmtb7785l001kdkiysx9add6j,Headplus,cmtb778bh001ldkiylnmlumkn,Headplus®,Ευγενών 10,Περιστέρι,,Αττική,121 34,GR,0,0,https://headplus.gr/,VERIFIED,OFFICIAL_COMPLETE_PHYSICAL_BUSINESS_JSON_LD,1b3455407a14a79b06f8afed122f9cc7ab942ed9e3c56dea886f31e40c095313
SAFE,cmta1kp7g00m5q8iyfoppvhdk,Hercshop,cmta1kpd600m6q8iytyzbbym9,Herc Urban Wear,Τζων Κέννεντυ 76,Περιστέρι,,Αττική,121 36,GR,0,0,https://hercshop.gr/,VERIFIED,OFFICIAL_COMPLETE_PHYSICAL_BUSINESS_JSON_LD,9d330f73556f23f3f2d10ad29380dbf34e1782b2ea15194910d24312fa2525f1
SAFE,cmta1ihdj00cpq8iy8h7fdcbs,Hydrowellness,cmta1ihj500cqq8iylrnmfl4p,Hydro - Wellness Concept,6 Dimitriou Glinou,Νέο Ηράκλειο,,Αττική,141 22,GR,0,0,https://www.hydrowellness.gr/,VERIFIED,OFFICIAL_COMPLETE_PHYSICAL_BUSINESS_JSON_LD,7ec05d75e564d47c6648941029000a47734ce1ea7939ab5cd309f112335f72e7
SAFE,cmta4ykr0001ksciypzktgyzf,Iaso,cmta4ykx8001lsciyu1m24dqd,ΙΑΣΩ,Λεωφόρος Κηφισίας 37-39,Αθήνα,,Αττική,151 23,GR,38.03536,23.79351,https://www.iaso.gr/,VERIFIED,OFFICIAL_COMPLETE_PHYSICAL_BUSINESS_JSON_LD,951eb9742b3c96bef11318b999e5fb479a60549be6703789ded0af247e21d09f
SAFE,cmta5nps0000u54iywzcctom5,Kantzos,cmta5npws000v54iyrybp6vpj,Kantzos Travel Services,"Αιμιλιανού Γρεβενών 35-37, Περισσός",Νέα Ιωνία,Περισσός,Αττική,142 32,GR,0,0,https://kantzos.gr/contact.aspx,VERIFIED,OFFICIAL_COMPLETE_PHYSICAL_BUSINESS_JSON_LD,8f908e14e4f3bd70870d764bf28ce303c5dc723aab012fb072ae198f04099c9a
SAFE,cmtb6utnu002b3giyor4hxvtf,Kivotos Oniron,cmtb6utt5002c3giyo3joolsl,Κιβωτός Ονείρων,Μοναστηρίου 1 & 29ης Ιουνίου,Σέρρες,,Κεντρική Μακεδονία,621 23,GR,41.088687,23.545313,https://www.kivotosoniron.gr/,VERIFIED,OFFICIAL_COMPLETE_PHYSICAL_BUSINESS_JSON_LD,fc0aac8b913978024ab59a20fa1f944c446c85f354e120fff369d50f80e89766
SAFE,cmta1fl7h002qq8iyqkgcjboc,Kounio,cmta1flev002rq8iyn4j6f4f1,Kounio.gr,Κομνηνών 24,Θεσσαλονίκη,,Κεντρική Μακεδονία,546 24,GR,0,0,https://kounio.gr/,VERIFIED,OFFICIAL_COMPLETE_PHYSICAL_BUSINESS_JSON_LD,04e81b9d1fcbad5210ba8bda5239a3faa7879d6996d23ccfb0fddc32025113f2
SAFE,cmtb6uusr002h3giyhmaoqygo,Lavalmore,cmtb6uux3002i3giypec585z9,LavalMore,Ερμού 63,Θεσσαλονίκη,,Κεντρική Μακεδονία,546 23,GR,0,0,https://lavalmore.gr/,VERIFIED,OFFICIAL_COMPLETE_PHYSICAL_BUSINESS_JSON_LD,f1af3c44822abf680d763abc8d2d79f15cd981282e0802f19f0b6f801ba8cc41
SAFE,cmta5nqv3001054iy0ijpm7zg,Lazoptics,cmta5nr07001154iydfgb6an6,Laz Optics,Λεωφόρος Ηρώων Πολυτεχνείου 61,Πειραιάς,,Αττική,185 35,GR,0,0,https://lazoptics.gr/,VERIFIED,OFFICIAL_COMPLETE_PHYSICAL_BUSINESS_JSON_LD,7406b9fecfc0781d0c185d58ef1f0217f93402591853408797ae6d74339bd071
SAFE,cmta1ln0z00pxq8iyjhjzyywx,Lu Eur,cmta1ln7x00pyq8iyxk9nswcq,Lueur skincare makeup,Στρ. Τομπρα 5,Αγία Παρασκευή,,Αττική,153 42,GR,0,0,https://www.lu-eur.gr/,VERIFIED,OFFICIAL_COMPLETE_PHYSICAL_BUSINESS_JSON_LD,40653817ebda8be6c3dae904d0afd3a17f9b0dad9a2bbc81709d6b2cc77dd1cc
SAFE,cmta5nsp6001a54iy8w9nska0,Massage για Χαλάρωση & Ευεξία - Magic Hands,cmta5nsu9001b54iyw6qf1feq,Magic Hands Massage,Αργυροκάστρου 44,Πειραιάς,,Αττική,185 42,GR,37.962395101332625,23.65267617435329,https://magichands.gr/,VERIFIED,OFFICIAL_COMPLETE_PHYSICAL_BUSINESS_JSON_LD,628e6fee446374b0ef0354af59015ca065e55151f61dd5d9919d8aa58435dcc1
SAFE,cmta1nedk00wpq8iy6r51tuyw,Massagejoy,cmta1nek400wqq8iyvh5byguc,Massage Joy,Πατησίων 21,Αθήνα,,Αττική,106 77,GR,0,0,https://massagejoy.gr/,VERIFIED,OFFICIAL_COMPLETE_PHYSICAL_BUSINESS_JSON_LD,988247b28e5b0e0596c2801ab25cca9dc226f280e9a7c2f26027241851eba575
SAFE,cmta1lxzg00r3q8iyk2zswrtf,Massaha,cmta1ly6p00r4q8iypbasfshf,MASSAHA WELLNESS,65 Lazaraki,Γλυφάδα,,Αττική,166 74,GR,0,0,https://www.massaha.gr/,VERIFIED,OFFICIAL_COMPLETE_PHYSICAL_BUSINESS_JSON_LD,69c0d4b52df669334217f6231438640fa0ea8e809862179ff9934be86765691a
SAFE,cmta4yt64002ksciy3tound9j,Mavri Thalassa,cmta4ytda002lsciyilen6atl,Μαύρη Θάλασσα,"Nικολάου Πλαστήρα 3, Καλαμαριά",Καλαμαριά,,Κεντρική Μακεδονία,551 32,GR,40.5784321,22.9432287,https://mavri-thalassa.gr/,VERIFIED,OFFICIAL_COMPLETE_PHYSICAL_BUSINESS_JSON_LD,e9c6dfb12ffc03fd7108d7b208f75c49d829a723f897e108eb2ffa38db0fc7a4
SAFE,cmta1itlq00e9q8iy1bb28dtt,Mavrogiannistravel,cmta1itr600eaq8iydau8m0py,Τουριστικό γραφείο Mavrogiannis,Τράλλεων 88,Γαλάτσι,,Αττική,111 46,GR,40.761293,-73.982294,https://www.mavrogiannistravel.gr/,VERIFIED,OFFICIAL_COMPLETE_PHYSICAL_BUSINESS_JSON_LD,860fc0ff17f6ffea04d4d26c3c9e574f2be89fa2b62d7f4a72539f9239625438
SAFE,cmta1itzx00ebq8iyerir1tmb,Maziotisjewels,cmta1iu5p00ecq8iyczdel2ss,Maziotis Jewels,30 Kiprou,Κόρινθος,,Πελοπόννησος,201 31,GR,0,0,https://www.maziotisjewels.gr/,VERIFIED,OFFICIAL_COMPLETE_PHYSICAL_BUSINESS_JSON_LD,8ee1ab75d5a4689e1054294c3722e6cf30ef6ddc847cd8765968655339c6042d
SAFE,cmta1iy9o00exq8iyeaxubcr1,Molliashoes,cmta1iyh900eyq8iyewrmhob9,Mollia,Πάριδος 78,Ίλιον,,Αττική,131 22,GR,0,0,https://molliashoes.gr/,VERIFIED,OFFICIAL_COMPLETE_PHYSICAL_BUSINESS_JSON_LD,a0f0c48e9ac1edb9f18e9718059e66fd7fb03e74472f5d9c8def79790113cf8b
SAFE,cmta1izhy00f3q8iya0mr8ool,Movelab,cmta1izn900f4q8iyb8ps8p5a,Move - Wellness & Fitness Lab,268 Λεωφόρος Βασιλέως Κωνσταντίνου,Κορωπί,,Αττική,194 00,GR,0,0,https://www.movelab.gr/,VERIFIED,OFFICIAL_COMPLETE_PHYSICAL_BUSINESS_JSON_LD,456a2248a5fd75d59d3f881fd36d9ce9b1e15234f76274770818a73566c6d37f
SAFE,cmta5nkyr000454iyyhuhz99q,Museumofillusions,cmta5nl44000554iylrg3qski,Museum of Illusions Athens,"Ermou 119, Entrance from Astiggos 12",Αθήνα,Μοναστηράκι,Αττική,105 55,GR,37.9786,23.7244,https://athens.museumofillusions.gr/,VERIFIED,OFFICIAL_COMPLETE_PHYSICAL_BUSINESS_JSON_LD,9ddc5f1ba0df1dbddaab36c9a7b567a781de87f1e2de35283c83b1a0050ddfd9
SAFE,cmta1kwhj00mzq8iyqv0xws2k,Musicland,cmta1kwnq00n0q8iy09gmn7q7,MusicLand,Αθηνών 1,Κατερίνη,,Κεντρική Μακεδονία,601 33,GR,40.272534812614786,22.506274085941627,https://www.musicland.gr/,VERIFIED,OFFICIAL_COMPLETE_PHYSICAL_BUSINESS_JSON_LD,8f1f2837697b1bf12a532d828cc2d0ffe0e89732f59edd9007e1011f9936c781
SAFE,cmta1j64i00ftq8iybi7vezby,Osteriamamma,cmta1j6a900fuq8iyosylt8ne,Osteria Mamma,64 Salaminos,Αθήνα,,Αττική,104 35,GR,0,0,https://www.osteriamamma.gr/,VERIFIED,OFFICIAL_COMPLETE_PHYSICAL_BUSINESS_JSON_LD,4735fe5eb0352dbbec8e29e55f9bf7f070bc55c4e23b852b9825d6cd204c027b
SAFE,cmta1f2ts000yq8iy8va3cqab,Papachatzis,cmta1f2ys000zq8iy7gecoj9o,&Pi;&Alpha;&Pi;&Alpha;&Chi;&Alpha;&Tau;&Zeta;&Eta;&Sigma; HOME,Kouma 22,Λάρισα,,Θεσσαλία,412 22,GR,39.63764204414693,22.418432080600432,https://www.papachatzis.com/,VERIFIED,OFFICIAL_COMPLETE_PHYSICAL_BUSINESS_JSON_LD,40c7aa28e5d8d74bd3afc905d2ba0849194d2edd6731c4d71e26b5702b010a55
SAFE,cmtb77gmh002sdkiytfif5f3w,Pavone Shoes,cmtb77gud002tdkiyoa7zz562,PAVONE shoes concept store,Γερμανού 8,Πύργος,,Δυτική Ελλάδα,271 31,GR,0,0,https://pavoneshoes.gr/,VERIFIED,OFFICIAL_COMPLETE_PHYSICAL_BUSINESS_JSON_LD,728c158307fea3911e65d76e02b12b0671f9cb87a7278e271abb954e3ae79691
SAFE,cmta1f76v001eq8iyc18zqq0c,Pegabo Shoes,cmta1f7dj001fq8iyv92yainl,Pegabo,Γρ. Αυξεντίου 52,Ζωγράφου,,Αττική,157 71,GR,37.9761,23.7723,https://pegaboshoes.gr/product-category/dorokarta/,VERIFIED,OFFICIAL_COMPLETE_PHYSICAL_BUSINESS_JSON_LD,28f879f460a0e8f678fea355c6c139f5e5537ee4e191ed6436728a81689ac1d0
SAFE,cmta1nlq100xhq8iyhrd4aiit,Physioathens,cmta1nlwe00xiq8iylzovy6xf,Physioathens,Αγίας Ελεούσης 118Β,Μαρούσι,,Αττική,151 25,GR,0,0,https://physioathens.gr/,VERIFIED,OFFICIAL_COMPLETE_PHYSICAL_BUSINESS_JSON_LD,96b7086292e875ef7d7c748ff38fd9902f1eeb054e99bf37e81f58296c259e33
SAFE,cmtb77hgm002wdkiy7a6hmw6n,Physis Massage,cmtb77hlh002xdkiyk3j9xven,Physis Massage Therapy Center,Tsimiski 62,Θεσσαλονίκη,,Κεντρική Μακεδονία,546 22,GR,0,0,https://physismassage.gr/,VERIFIED,OFFICIAL_COMPLETE_PHYSICAL_BUSINESS_JSON_LD,73c03364d714ee9675844e6de5ddc7c79ba10997897b2445aeda90a1452de340
SAFE,cmta1l02r00ndq8iyx2i3307v,Pibu,cmta1l09c00neq8iy2d769fb1,PIBU,Χατζηγάκη 7,Τρίκαλα,,Θεσσαλία,421 31,GR,39.55467930630122,21.765759522810708,https://www.pibu.gr/,VERIFIED,OFFICIAL_COMPLETE_PHYSICAL_BUSINESS_JSON_LD,65b6567ce487db5a7f17243bf48a336bf52cf08ec18a8fa5e08fc4c2d28ffa9d
SAFE,cmta1jabo00gbq8iyfkwzzwws,Playroot,cmta1jaht00gcq8iyymttuqej,Playroot,Αλ. Φλέμινγκ 41,Θεσσαλονίκη,,Κεντρική Μακεδονία,546 42,GR,0,0,https://playroot.gr/,VERIFIED,OFFICIAL_COMPLETE_PHYSICAL_BUSINESS_JSON_LD,7d55ab0b1d02b187563d5632cfd0e884a8b8d1e628481278e638b7a36405b38b
SAFE,cmta1jcpl00glq8iyiewjd0bh,Ptbox,cmta1jcvk00gmq8iyrx516n5h,PT Box,36 El. Venizelou,Δάφνη,,Αττική,172 34,GR,0,0,https://www.ptbox.gr/,VERIFIED,OFFICIAL_COMPLETE_PHYSICAL_BUSINESS_JSON_LD,5ea4fa9826d5773fdc1b9c2474189e4f2ae3e580c837a367536248438ca583f7
SAFE,cmta1g1rb004eq8iybuvsqb1m,Red Raven Eyewear,cmta1g1xp004fq8iycs60b0nu,Red Raven Eyewear - Χαλάνδρι,Κατσουλιέρη 4,Χαλάνδρι,,Αττική,152 33,GR,38.0214,23.7983,https://myredraven.com/,VERIFIED,OFFICIAL_COMPLETE_PHYSICAL_BUSINESS_JSON_LD,21dcd5bc8228f18706caa211f3baf496d1c764a008e9e85e05649abe6049216f
SAFE,cmta1g1rb004eq8iybuvsqb1m,Red Raven Eyewear,cmta1g1xp004fq8iycs60b0nu,Red Raven Eyewear - Περιστέρι,Εθνικής Αντιστάσεως 43 & Δελφών,Περιστέρι,,Αττική,121 34,GR,38.0167,23.6917,https://myredraven.com/,VERIFIED,OFFICIAL_COMPLETE_PHYSICAL_BUSINESS_JSON_LD,96c42337b5e92605b27db59ba5afa2a3392e601ab0ad79530c2f5b41d91c731e
SAFE,cmta1non000xtq8iytp353wfo,Revitalash,cmta1nouh00xuq8iyjwmt7jy4,RevitaLash Greece,Γράμμου 71,Μαρούσι,,Αττική,151 24,GR,0,0,https://revitalash.gr/,VERIFIED,OFFICIAL_COMPLETE_PHYSICAL_BUSINESS_JSON_LD,3cdfdf2cce7461fecc74823bb01899302f0c554cf3468641623423e2b2f50d03
SAFE,cmta1k1x700jhq8iyxupg6exd,Romeo,cmta1k23q00jiq8iynvqcl54v,Romeo,7-9 Menekleous,Ρόδος,,Νότιο Αιγαίο,851 00,GR,0,0,https://www.romeo.gr/,VERIFIED,OFFICIAL_COMPLETE_PHYSICAL_BUSINESS_JSON_LD,b20617fb921695e51c7eb26cf22c6944767611ec265bd655c1ca2c36e3237aef
SAFE,cmta1nq7z00xzq8iyb6nd72za,Sbokos,cmta1nqfr00y0q8iyq52gta2b,Sbokos Deco Art Είδη Γάμου Βάφτισης,Εκάβης & Πετράκη 2,Ηράκλειο,,Κρήτη,713 04,GR,35.3282704,25.1121389,https://sbokos.gr/,VERIFIED,OFFICIAL_COMPLETE_PHYSICAL_BUSINESS_JSON_LD,cf07bfffd4282b99c6c7a98ec3a1961b3893ed1a2343ec122495584dc209fc4c
REVIEW,cmtb6udw300003giywjrb4w57,5star Travel,cmtb6ue1m00013giy0vcuqr01,,,,,,,,,,https://www.5star-travel.gr/,,INCOMPLETE_ADDRESS,
REVIEW,cmtb6uffz00083giyn667ly3j,Alhimistis Bags,cmtb6ufkl00093giymppi9r6l,Alhimistis Bags,,,,,,,,,https://alhimistisbags.gr/,,INCOMPLETE_ADDRESS,
REVIEW,cmtb6uffz00083giyn667ly3j,Alhimistis Bags,cmtb6ufkl00093giymppi9r6l,Alhimistis Bags,,,,,,,,,https://alhimistisbags.gr/product/dwroepitagh-alhimistis-bags/,,INCOMPLETE_ADDRESS,
REVIEW,cmta1g2lu004iq8iyuc7d7h3h,Anthemion Flowers,cmta1g2s8004jq8iyfscrgkeo,Anthemion Flowers,Λ. Θηβών 499,"Αιγάλεω, Αθήνα",,,122 43,,,,https://anthemionflowers.com/attica_el,,ONLINE_ORGANIZATION_ADDRESS_NOT_CUSTOMER_LOCATION,
REVIEW,cmtb770ps000idkiyolfowk77,Archives,cmtb770up000jdkiys2xgzyjl,Cicado Creative Studio,Αγίας Παρασκευής 32,Χαλάνδρι,,,152 32,,,,https://cicado.gr/,,MERCHANT_IDENTITY_MISMATCH_MUST_BE_RESOLVED_BEFORE_LOCATION_IMPORT,
REVIEW,cmtb770ps000idkiyolfowk77,Archives,cmtb770up000jdkiys2xgzyjl,Cicado Creative Studio,Agias Paraskevis 32,Chalandri,,,152 32,,,,https://cicado.gr/en/product-category/gift-cards/,,MERCHANT_IDENTITY_MISMATCH_MUST_BE_RESOLVED_BEFORE_LOCATION_IMPORT,
REVIEW,cmta1gh86005xq8iydzgewhf3,Artmie,cmta1ghdm005yq8iy044r8ucx,ARTMIE,Strojárska 603/85,Snina,,,069 01,,,,https://artmie.gr/,,NON_GREEK_LOCATION_REVIEW,
REVIEW,cmta1fhz7002gq8iyyert5tbx,AstronGameClub,cmta1fi60002hq8iyf9s9le0u,,Λ. Πάρνηθος 99,,,,136 71,,,,https://www.astrongameclub.gr/,,INCOMPLETE_ADDRESS,
REVIEW,cmta1fhz7002gq8iyyert5tbx,AstronGameClub,cmta1fi60002hq8iyf9s9le0u,AstronGameClub,Λ. Πάρνηθος 99,,,,136 71,,,,https://www.astrongameclub.gr/,,INCOMPLETE_ADDRESS,
REVIEW,cmta1fhz7002gq8iyyert5tbx,AstronGameClub,cmta1fi60002hq8iyf9s9le0u,,Λ. Πάρνηθος 99,,,,136 71,,,,https://www.astrongameclub.gr/gift-card/,,INCOMPLETE_ADDRESS,
REVIEW,cmta1fhz7002gq8iyyert5tbx,AstronGameClub,cmta1fi60002hq8iyf9s9le0u,AstronGameClub,Λ. Πάρνηθος 99,,,,136 71,,,,https://www.astrongameclub.gr/gift-card/,,INCOMPLETE_ADDRESS,
REVIEW,cmta5nlc8000654iynn5wpmru,Athens Green Apartments,cmta5nlif000754iynlqaag0t,Athens Green Apartments,25 Agras St.,Athens,,,116 35,,,,https://athensgreen.gr/,,ORGANIZATION_OR_UNTYPED_ADDRESS_NOT_PROVEN_AS_CUSTOMER_LOCATION,
REVIEW,cmtb77rzv004edkiyu06p2n1l,Badila,cmtb77s4y004fdkiyo03xtcof,Badila.gr,Monemvasias 60 Nea Filadelfia,Athens,,,143 41,,,,https://www.badila.gr/el-gr/,,ORGANIZATION_OR_UNTYPED_ADDRESS_NOT_PROVEN_AS_CUSTOMER_LOCATION,
REVIEW,cmta1li4l00pdq8iy7duep71a,Beautylafee,cmta1lib900peq8iyg74tb65g,,Γρ. Λαμπράκη & Ιπποδρομίου 36,Άνω Τούμπα,,,543 51,,,,https://beautylafee.gr/,,ORGANIZATION_OR_UNTYPED_ADDRESS_NOT_PROVEN_AS_CUSTOMER_LOCATION,
REVIEW,cmta1exse000cq8iym36sal68,Belmond,cmta1exzc000dq8iywmqdc2xg,Belmond,"Wogan House, 99 Great Portland Street",London,,,W1W 7NY,,,,https://www.belmond.com/en,,ORGANIZATION_OR_UNTYPED_ADDRESS_NOT_PROVEN_AS_CUSTOMER_LOCATION,
REVIEW,cmtb6uj4n000s3giyox390qaa,Borsanuova,cmtb6uja2000t3giyytc1fg40,,Leoforos Vouliagmenis 229,Dafni,,,172 37,,,,https://borsanuova.gr/,,ORGANIZATION_OR_UNTYPED_ADDRESS_NOT_PROVEN_AS_CUSTOMER_LOCATION,
REVIEW,cmta1kixz00lfq8iy9x9nga0g,Boudoirspawellness,cmta1kj4f00lgq8iylswrmmny,Boudoir Spa Wellness,Ελευθερίου Βενιζέλου 140,Αττική,,,163 45,,,,https://boudoirspawellness.gr/,,CITY_FIELD_IS_NOT_A_CITY,
REVIEW,cmta1hob9009pq8iyyk64soz7,Buzzsneakers,cmta1hogh009qq8iya5sh3t4x,Sport Vision S.A,II Merarchias Str no 2,Piraeus,,,851 31,,,,https://www.buzzsneakers.gr/,,SOURCE_REPEATS_RHODES_POSTAL_CODE_ACROSS_UNRELATED_BRANCHES_AND_LOGISTICS_POINTS,
REVIEW,cmta1hob9009pq8iyyk64soz7,Buzzsneakers,cmta1hogh009qq8iya5sh3t4x,Buzz Rhodes - G328 - Buzz Rhodes,Τάρπον Σπρίνγκς 33,ΡΟΔΟΣ,,,851 31,,,,https://www.buzzsneakers.gr/,,SOURCE_REPEATS_RHODES_POSTAL_CODE_ACROSS_UNRELATED_BRANCHES_AND_LOGISTICS_POINTS,
REVIEW,cmta1hob9009pq8iyyk64soz7,Buzzsneakers,cmta1hogh009qq8iya5sh3t4x,CW QB Buzz 6701-7711 - CW QB Buzz 6701/7711,Ανδρέα Παπανδρέου 9,ΓΛΥΦΑΔΑ,,,851 31,,,,https://www.buzzsneakers.gr/,,SOURCE_REPEATS_RHODES_POSTAL_CODE_ACROSS_UNRELATED_BRANCHES_AND_LOGISTICS_POINTS,
REVIEW,cmta1hob9009pq8iyyk64soz7,Buzzsneakers,cmta1hogh009qq8iya5sh3t4x,CW Sarmed Buzz G701-1201 - CW Sarmed Buzz G701/1201,Παναγίας Τήνου 00,ΑΣΠΡΟΠΥΡΓΟΣ (ΑΤΤΙΚΗΣ),,,851 31,,,,https://www.buzzsneakers.gr/,,SOURCE_REPEATS_RHODES_POSTAL_CODE_ACROSS_UNRELATED_BRANCHES_AND_LOGISTICS_POINTS,
REVIEW,cmta1hob9009pq8iyyk64soz7,Buzzsneakers,cmta1hogh009qq8iya5sh3t4x,Buzz Volos - G325 - Buzz Volos,Ερμού 122,ΒΟΛΟΣ,,,851 31,,,,https://www.buzzsneakers.gr/,,SOURCE_REPEATS_RHODES_POSTAL_CODE_ACROSS_UNRELATED_BRANCHES_AND_LOGISTICS_POINTS,
REVIEW,cmta1hob9009pq8iyyk64soz7,Buzzsneakers,cmta1hogh009qq8iya5sh3t4x,Buzz Piraeus - G304 - Buzz Piraeus,Λεωφόρος Ηρώων Πολυτεχνείου 51,ΠΕΙΡΑΙΑΣ,,,851 31,,,,https://www.buzzsneakers.gr/,,SOURCE_REPEATS_RHODES_POSTAL_CODE_ACROSS_UNRELATED_BRANCHES_AND_LOGISTICS_POINTS,
REVIEW,cmta1hob9009pq8iyyk64soz7,Buzzsneakers,cmta1hogh009qq8iya5sh3t4x,Buzz Patras - G305 - Buzz Patras,Αγίου Νικολάου 15,ΠΑΤΡΑ,,,851 31,,,,https://www.buzzsneakers.gr/,,SOURCE_REPEATS_RHODES_POSTAL_CODE_ACROSS_UNRELATED_BRANCHES_AND_LOGISTICS_POINTS,
REVIEW,cmta1hob9009pq8iyyk64soz7,Buzzsneakers,cmta1hogh009qq8iya5sh3t4x,Buzz Larissa - G319 - Buzz Larissa,Ρούσβελτ Φραγκλίνου 24,ΛΑΡΙΣΑ,,,851 31,,,,https://www.buzzsneakers.gr/,,SOURCE_REPEATS_RHODES_POSTAL_CODE_ACROSS_UNRELATED_BRANCHES_AND_LOGISTICS_POINTS,
REVIEW,cmta1hob9009pq8iyyk64soz7,Buzzsneakers,cmta1hogh009qq8iya5sh3t4x,Buzz Kalamata - G317 - Buzz Kalamata,Βασιλέως Γεωργίου 2,ΚΑΛΑΜΑΤΑ,,,851 31,,,,https://www.buzzsneakers.gr/,,SOURCE_REPEATS_RHODES_POSTAL_CODE_ACROSS_UNRELATED_BRANCHES_AND_LOGISTICS_POINTS,
REVIEW,cmta1hob9009pq8iyyk64soz7,Buzzsneakers,cmta1hogh009qq8iya5sh3t4x,Buzz Outlet Airport - G314 - Buzz Outlet Airport,Εμπορικό Πάρκο Αερολιμένα Αθηνών,ΠΑΙΑΝΙΑ,,,851 31,,,,https://www.buzzsneakers.gr/,,SOURCE_REPEATS_RHODES_POSTAL_CODE_ACROSS_UNRELATED_BRANCHES_AND_LOGISTICS_POINTS,
REVIEW,cmta1hob9009pq8iyyk64soz7,Buzzsneakers,cmta1hogh009qq8iya5sh3t4x,Buzz Thessaloniki - G309 - Buzz Thessaloniki,Τσιμισκή 59,ΘΕΣΣΑΛΟΝΙΚΗ,,,851 31,,,,https://www.buzzsneakers.gr/,,SOURCE_REPEATS_RHODES_POSTAL_CODE_ACROSS_UNRELATED_BRANCHES_AND_LOGISTICS_POINTS,
REVIEW,cmta1m5mp00rxq8iyvry3zmpd,Cakeshop,cmta1m5td00ryq8iyiwqmzlza,CakeShop Θεσσαλονίκη,Στρατάρχου Αλεξάνδρου Παπάγου 80Α,"Εύοσμος, Θεσσαλονίκη",,,562 24,,,,https://www.cakeshop.gr/,,ORGANIZATION_OR_UNTYPED_ADDRESS_NOT_PROVEN_AS_CUSTOMER_LOCATION,
REVIEW,cmtb7hwwi000804iyxo3b6lop,Calisti Oia,cmtb7hx2h000904iykt7d99h5,Callisti Oia,,,,,,,,,https://www.callistioia.com/,,INCOMPLETE_ADDRESS,
REVIEW,cmta4ybsv000ksciy2wk84kj0,Candlejuice,cmta4ybyz000lsciyi05bqwwl,CandleJuice.gr,Athanasiou Diakoy 19,Thessaloniki,,,546 41,,,,https://candlejuice.gr/,,ORGANIZATION_OR_UNTYPED_ADDRESS_NOT_PROVEN_AS_CUSTOMER_LOCATION,
REVIEW,cmta1mnxe00ttq8iy4l6zbq3p,Carbon,cmta1mo4u00tuq8iy0hphimg0,CFC_CarbonFiberCustoms,2112169661 Varis Koropiou 131,Koropi,,,194 41,,,,https://www.carbon.gr/,,STREET_ADDRESS_IS_POLLUTED_WITH_PHONE_NUMBER,
REVIEW,cmtb77zu6005kdkiygwtlbq6b,Carrot Store,cmtb77zz5005ldkiyl90mvph8,,ΠΥΡΓΟΣ 0,,,,847 00,,,,https://carrotstore.gr/,,INCOMPLETE_ADDRESS,
REVIEW,cmtb77zu6005kdkiygwtlbq6b,Carrot Store,cmtb77zz5005ldkiyl90mvph8,Carrot Concept Store,ΠΥΡΓΟΣ 0,,,,847 00,,,,https://carrotstore.gr/,,INCOMPLETE_ADDRESS,
REVIEW,cmtb77zu6005kdkiygwtlbq6b,Carrot Store,cmtb77zz5005ldkiyl90mvph8,,ΠΥΡΓΟΣ 0,,,,847 00,,,,https://carrotstore.gr/gift-cards/150e-gift-card/,,INCOMPLETE_ADDRESS,
REVIEW,cmtb77zu6005kdkiygwtlbq6b,Carrot Store,cmtb77zz5005ldkiyl90mvph8,Carrot Concept Store,ΠΥΡΓΟΣ 0,,,,847 00,,,,https://carrotstore.gr/gift-cards/150e-gift-card/,,INCOMPLETE_ADDRESS,
REVIEW,cmta1hren00a1q8iyh9eqqfbk,Cavadelvino,cmta1hrkk00a2q8iy903vqpyl,Cava Del Vino,Evaggelistrias,Porto Cheli,,,210 61,,,,https://www.cavadelvino.gr/,,STREET_NUMBER_MISSING,
REVIEW,cmt8hel9g0000a8iyg8p0ioj7,Celestino,cmt8helgp0001a8iy47hrjge7,Celestino,Ploutonos 17,Aigaleo,,,122 41,,,,https://www.celestino.gr/,,ORGANIZATION_OR_UNTYPED_ADDRESS_NOT_PROVEN_AS_CUSTOMER_LOCATION,
REVIEW,cmt79idzw000b84iysotz7chu,Cosmos Sport,cmt79ie3d000c84iy2ec5ea06,Cosmos Sport,,,,,,,,,https://www.cosmossport.gr/,,INCOMPLETE_ADDRESS,
REVIEW,cmt79idzw000b84iysotz7chu,Cosmos Sport,cmt79ie3d000c84iy2ec5ea06,Cosmos Sport,,,,,,,,,https://www.cosmossport.gr/el/stores,,INCOMPLETE_ADDRESS,
REVIEW,cmt79idzw000b84iysotz7chu,Cosmos Sport,cmt79ie3d000c84iy2ec5ea06,Cosmos Sport,,,,,,,,,https://www.cosmossport.gr/el/content/104-the-company,,INCOMPLETE_ADDRESS,
REVIEW,cmta1mrph00u7q8iydrmvmhtt,Crudeshop,cmta1mrvv00u8q8iyjkk14wuw,Crude Shop,Solonos,Athina,,,121 37,,,,https://www.crudeshop.gr/,,STREET_NUMBER_MISSING,
REVIEW,cmt8hp8ic0000pgiyqhluxgaw,DPAM,cmt8hp8oi0001pgiybmxi7lqx,DPAM Αγία Παρασκευή,"ΛΕΩΦΟΡΟΣ ΜΕΣΟΓΕΙΩΝ 455 ,15343 ,ΑΘΗΝΑ",,,,,,,,https://www.dpam.gr/stores,,INCOMPLETE_ADDRESS,
REVIEW,cmt8hp8ic0000pgiyqhluxgaw,DPAM,cmt8hp8oi0001pgiybmxi7lqx,DPAM Shopping House,"ΘΕΟΜΗΤΟΡΟΣ 41 ,17456 ,ΑΘΗΝΑ",,,,,,,,https://www.dpam.gr/stores,,INCOMPLETE_ADDRESS,
REVIEW,cmt8hp8ic0000pgiyqhluxgaw,DPAM,cmt8hp8oi0001pgiybmxi7lqx,DPAM Πειραιάς,"ΓΡΗΓΟΡΙΟΥ ΛΑΜΠΡΑΚΗ 138 ,18534 ,ΠΕΙΡΑΙΑΣ",,,,,,,,https://www.dpam.gr/stores,,INCOMPLETE_ADDRESS,
REVIEW,cmt8hp8ic0000pgiyqhluxgaw,DPAM,cmt8hp8oi0001pgiybmxi7lqx,DPAM The Mall Athens,"ΑΝΔΡΕΑ ΠΑΠΑΝΔΡΕΟΥ 35 ,15122 ,ΑΘΗΝΑ",,,,,,,,https://www.dpam.gr/stores,,INCOMPLETE_ADDRESS,
REVIEW,cmt8hp8ic0000pgiyqhluxgaw,DPAM,cmt8hp8oi0001pgiybmxi7lqx,DPAM River West,"ΛΕΩΦΟΡΟΣ ΚΗΦΙΣΟΥ 96-98 ,12241 ,ΑΘΗΝΑ",,,,,,,,https://www.dpam.gr/stores,,INCOMPLETE_ADDRESS,
REVIEW,cmt8hp8ic0000pgiyqhluxgaw,DPAM,cmt8hp8oi0001pgiybmxi7lqx,DPAM Κορυδαλλός,"ΤΑΞΙΑΡΧΩΝ 59 ,18120 ,ΑΘΗΝΑ",,,,,,,,https://www.dpam.gr/stores,,INCOMPLETE_ADDRESS,
REVIEW,cmt8hp8ic0000pgiyqhluxgaw,DPAM,cmt8hp8oi0001pgiybmxi7lqx,DPAM Golden Hall,"ΛΕΩΦΟΡΟΣ ΚΗΦΙΣΙΑΣ 37Α ,15123 ,ΑΘΗΝΑ",,,,,,,,https://www.dpam.gr/stores,,INCOMPLETE_ADDRESS,
REVIEW,cmt8hp8ic0000pgiyqhluxgaw,DPAM,cmt8hp8oi0001pgiybmxi7lqx,DPAM Metro Mall,"ΛΕΩΦΟΡΟΣ ΒΟΥΛΙΑΓΜΕΝΗΣ 276 ,17343 ,ΑΘΗΝΑ",,,,,,,,https://www.dpam.gr/stores,,INCOMPLETE_ADDRESS,
REVIEW,cmt8hp8ic0000pgiyqhluxgaw,DPAM,cmt8hp8oi0001pgiybmxi7lqx,DPAM Γλυφάδα,"ΛΕΩΦΟΡΟΣ ΔΗΜΑΡΧΟΥ ΑΓΓ.ΜΕΤΑΞΑ 23 ,16674 ,ΑΘΗΝΑ",,,,,,,,https://www.dpam.gr/stores,,INCOMPLETE_ADDRESS,
REVIEW,cmt8hp8ic0000pgiyqhluxgaw,DPAM,cmt8hp8oi0001pgiybmxi7lqx,DPAM Avenue,"ΛΕΩΦΟΡΟΣ ΚΗΦΙΣΙΑΣ 41-47 ,15123 ,ΑΘΗΝΑ",,,,,,,,https://www.dpam.gr/stores,,INCOMPLETE_ADDRESS,
REVIEW,cmt8hp8ic0000pgiyqhluxgaw,DPAM,cmt8hp8oi0001pgiybmxi7lqx,DPAM Smart Park,"ΠΟΥΛΑΚΗ ΘΕΣΗ ΓΥΑΛΟΥ ,19100 ,ΑΘΗΝΑ",,,,,,,,https://www.dpam.gr/stores,,INCOMPLETE_ADDRESS,
REVIEW,cmt8hp8ic0000pgiyqhluxgaw,DPAM,cmt8hp8oi0001pgiybmxi7lqx,Dpam Νέα Ερυθραία,"ΧΑΡΙΛΑΟΥ ΤΡΙΚΟΥΠΗ 127 & ΣΤΡΟΦΥΛΙΟΥ ,14671 ,Νέα Ερυθραία",,,,,,,,https://www.dpam.gr/stores,,INCOMPLETE_ADDRESS,
REVIEW,cmt8hp8ic0000pgiyqhluxgaw,DPAM,cmt8hp8oi0001pgiybmxi7lqx,DPAM Mediterannean Cosmos,"11 ΧΛΜ ΕΟ ΘΕΣΣΑΛΟΝΙΚΗΣ ΜΟΥΔΑΝΙΩΝ 0 ,57001 ,ΘΕΣΣΑΛΟΝΙΚΗ",,,,,,,,https://www.dpam.gr/stores,,INCOMPLETE_ADDRESS,
REVIEW,cmt8hp8ic0000pgiyqhluxgaw,DPAM,cmt8hp8oi0001pgiybmxi7lqx,DPAM Βόλος,"ΕΡΜΟΥ 155 ΚΑΙ ΑΡΓΟΥΣ 1 ,38221 ,ΒΟΛΟΣ",,,,,,,,https://www.dpam.gr/stores,,INCOMPLETE_ADDRESS,
REVIEW,cmt8hp8ic0000pgiyqhluxgaw,DPAM,cmt8hp8oi0001pgiybmxi7lqx,DPAM Χαλκίδα,"ΑΒΑΝΤΩΝ 14 ΚΑΙ ΧΑΛΚΙΔΙΚΗΣ 3 ,34100 ,ΧΑΛΚΙΔΑ",,,,,,,,https://www.dpam.gr/stores,,INCOMPLETE_ADDRESS,
REVIEW,cmt8hp8ic0000pgiyqhluxgaw,DPAM,cmt8hp8oi0001pgiybmxi7lqx,DPAM Ηράκλειο Κρήτης,"ΛΕΩΦ. ΚΑΛΟΚΑΙΡΙΝΟΥ 45 ΚΑΙ ΑΓΙΩΝ ΔΕΚΑ ,71201 ,ΗΡΑΚΛΕΙΟ",,,,,,,,https://www.dpam.gr/stores,,INCOMPLETE_ADDRESS,
REVIEW,cmt8hp8ic0000pgiyqhluxgaw,DPAM,cmt8hp8oi0001pgiybmxi7lqx,DPAM Πάτρα,"ΜΑΙΖΩΝΟΣ 79 ,26221 ,ΠΑΤΡΑ",,,,,,,,https://www.dpam.gr/stores,,INCOMPLETE_ADDRESS,
REVIEW,cmt8hp8ic0000pgiyqhluxgaw,DPAM,cmt8hp8oi0001pgiybmxi7lqx,DPAM Λάρισα,"ΑΣΚΛΗΠΙΟΥ 9 11 ,41222 ,ΛΑΡΙΣΑ",,,,,,,,https://www.dpam.gr/stores,,INCOMPLETE_ADDRESS,
REVIEW,cmt8hp8ic0000pgiyqhluxgaw,DPAM,cmt8hp8oi0001pgiybmxi7lqx,DPAM Καλαμάτα,"ΜΗΤΡΟΠΕΤΡΟΒΑ ΚΑΙ ΣΙΔΗΡΟΔΡΟΜΙΚΟΥ ΣΤΑΘΜΟΥ 12 ΤΚ:2410 ,24100 ,ΚΑΛΑΜΑΤΑ",,,,,,,,https://www.dpam.gr/stores,,INCOMPLETE_ADDRESS,
REVIEW,cmt8hp8ic0000pgiyqhluxgaw,DPAM,cmt8hp8oi0001pgiybmxi7lqx,DPAM Ιωάννινα,"ΒΛΑΧΛΕΙΔΗ 4 ,45332 ,ΙΩΑΝΝΙΝΑ",,,,,,,,https://www.dpam.gr/stores,,INCOMPLETE_ADDRESS,
REVIEW,cmt8hp8ic0000pgiyqhluxgaw,DPAM,cmt8hp8oi0001pgiybmxi7lqx,DPAM Notos Θεσσαλονίκη,"Τσιμισκή 24 & Μητροπόλεως, 546 24, Θεσσαλονίκη",,,,,,,,https://www.dpam.gr/stores,,INCOMPLETE_ADDRESS,
REVIEW,cmt8hp8ic0000pgiyqhluxgaw,DPAM,cmt8hp8oi0001pgiybmxi7lqx,DPAM The Mall of Cyprus,"Βεργίνας 3, 2025, Στρόβολος",,,,,,,,https://www.dpam.gr/stores,,INCOMPLETE_ADDRESS,
REVIEW,cmt8hp8ic0000pgiyqhluxgaw,DPAM,cmt8hp8oi0001pgiybmxi7lqx,DPAM Kings Avenue Mall,"Corner St. Paul & Λεωφ. Τάφοι των Βασιλέων 2, 80 46, Πάφος",,,,,,,,https://www.dpam.gr/stores,,INCOMPLETE_ADDRESS,
REVIEW,cmt8hp8ic0000pgiyqhluxgaw,DPAM,cmt8hp8oi0001pgiybmxi7lqx,DPAM Nicosia Mall,"2 Madrid Street, 23 06, Λευκωσία",,,,,,,,https://www.dpam.gr/stores,,INCOMPLETE_ADDRESS,
REVIEW,cmt8hp8ic0000pgiyqhluxgaw,DPAM,cmt8hp8oi0001pgiybmxi7lqx,DPAM My Mall Limassol,"Φραγκλίνου Ρούζβελτ 285, 3150, Κύπρος",,,,,,,,https://www.dpam.gr/stores,,INCOMPLETE_ADDRESS,
REVIEW,cmt8hp8ic0000pgiyqhluxgaw,DPAM,cmt8hp8oi0001pgiybmxi7lqx,DPAM Metropolis Mall,"European Union Avenue 5, 6043, Κύπρος",,,,,,,,https://www.dpam.gr/stores,,INCOMPLETE_ADDRESS,
REVIEW,cmta1mur500ujq8iy6zqovzbu,Dionysioumedispa,cmta1muxk00ukq8iy2hcfp6jr,Dionysiou Beauty & Medi Spa,"4 Demetri Lagiou, 4150 Kato Polemidia – Limassol",,,,4150,,,,https://www.dionysioumedispa.com/,,INCOMPLETE_ADDRESS,
REVIEW,cmta1mur500ujq8iy6zqovzbu,Dionysioumedispa,cmta1muxk00ukq8iy2hcfp6jr,Dionysiou Beauty & Medi Spa,"4 Demetri Lagiou, 4150 Kato Polemidia – Limassol",,,,4150,,,,https://www.dionysioumedispa.com/product-category/gift-cards-el/,,INCOMPLETE_ADDRESS,
REVIEW,cmta1mur500ujq8iy6zqovzbu,Dionysioumedispa,cmta1muxk00ukq8iy2hcfp6jr,Dionysiou Beauty & Medi Spa,"4 Demetri Lagiou, 4150 Kato Polemidia – Limassol",,,,4150,,,,https://www.dionysioumedispa.com/shop/,,INCOMPLETE_ADDRESS,
REVIEW,cmta1mur500ujq8iy6zqovzbu,Dionysioumedispa,cmta1muxk00ukq8iy2hcfp6jr,Dionysiou Beauty & Medi Spa,"4 Demetri Lagiou, 4150 Kato Polemidia – Limassol",,,,4150,,,,https://www.dionysioumedispa.com/contacts/,,INCOMPLETE_ADDRESS,
REVIEW,cmta1mur500ujq8iy6zqovzbu,Dionysioumedispa,cmta1muxk00ukq8iy2hcfp6jr,Dionysiou Beauty & Medi Spa,"4 Demetri Lagiou, 4150 Kato Polemidia – Limassol",,,,4150,,,,https://www.dionysioumedispa.com/shop/gift-cards-el/beauty-and-spa-gift-card/,,INCOMPLETE_ADDRESS,
REVIEW,cmta1kmby00ltq8iyovtwgjv9,Dreamypicnics,cmta1kmim00luq8iyq8uf0otm,Dreamy Picnics,,,,,630 85,,,,https://www.dreamypicnics.gr/,,INCOMPLETE_ADDRESS,
REVIEW,cmta1i2rt00b1q8iy1f6azwdh,E Shop,cmta1i3fk00b2q8iycwvf7d3a,e-shop.gr,"Anemonis 6 & Katara, Acharnes",,,,136 71,,,,https://www.e-shop.gr/,,INCOMPLETE_ADDRESS,
REVIEW,cmta1mwnr00urq8iy6kvgl9y6,Ecoliving,cmta1mwtx00usq8iyvzyrsho0,Eco Living Greece,,,,,,,,,https://ecoliving.gr/,,INCOMPLETE_ADDRESS,
REVIEW,cmta1mwnr00urq8iy6kvgl9y6,Ecoliving,cmta1mwtx00usq8iyvzyrsho0,Eco Living Greece,,,,,,,,,https://ecoliving.gr/product/gift-card/,,INCOMPLETE_ADDRESS,
REVIEW,cmta1mwnr00urq8iy6kvgl9y6,Ecoliving,cmta1mwtx00usq8iyvzyrsho0,Eco Living Greece,,,,,,,,,https://ecoliving.gr/product-category/fysika-kallyntika/gia-ta-mallia/sterea-sabouan/,,INCOMPLETE_ADDRESS,
REVIEW,cmta1mwnr00urq8iy6kvgl9y6,Ecoliving,cmta1mwtx00usq8iyvzyrsho0,Eco Living Greece,,,,,,,,,https://ecoliving.gr/contact-us/,,INCOMPLETE_ADDRESS,
REVIEW,cmta1mwnr00urq8iy6kvgl9y6,Ecoliving,cmta1mwtx00usq8iyvzyrsho0,Eco Living Greece,,,,,,,,,https://ecoliving.gr/shop/,,INCOMPLETE_ADDRESS,
REVIEW,cmta1i3qb00b3q8iy5go5mq9p,Ecrystal,cmta1i3wg00b4q8iywcrwt5kb,Lakitas Swarovski,Τσιμισκή 87,Κέντρο,,,546 22,,,,https://ecrystal.gr/,,ORGANIZATION_OR_UNTYPED_ADDRESS_NOT_PROVEN_AS_CUSTOMER_LOCATION,
REVIEW,cmt8pswfr0001tgiyw7z7ffed,Elisabetta Franchi,cmt8pswn40002tgiy70wwlvyq,Elisabetta Franchi,,,,,,,,,https://www.elisabettafranchi.com/roe/,,INCOMPLETE_ADDRESS,
REVIEW,cmt8pswfr0001tgiyw7z7ffed,Elisabetta Franchi,cmt8pswn40002tgiy70wwlvyq,Elisabetta Franchi,,,,,,,,,https://www.elisabettafranchi.com/eu/gift-card-combined/,,INCOMPLETE_ADDRESS,
REVIEW,cmt8pswfr0001tgiyw7z7ffed,Elisabetta Franchi,cmt8pswn40002tgiy70wwlvyq,Elisabetta Franchi,,,,,,,,,https://www.elisabettafranchi.com/roe/company-showroom/,,INCOMPLETE_ADDRESS,
REVIEW,cmt8pswfr0001tgiyw7z7ffed,Elisabetta Franchi,cmt8pswn40002tgiy70wwlvyq,Elisabetta Franchi,,,,,,,,,https://www.elisabettafranchi.com/roe/contacts/,,INCOMPLETE_ADDRESS,
REVIEW,cmt8pswfr0001tgiyw7z7ffed,Elisabetta Franchi,cmt8pswn40002tgiy70wwlvyq,Elisabetta Franchi,,,,,,,,,https://www.elisabettafranchi.com/roe/storelocator/,,INCOMPLETE_ADDRESS,
REVIEW,cmta4ygm80014sciyasobys4q,Fairytale,cmta4ygt70015sciy7ka9te7j,Fairytale,,,,,,,,,https://fairytale.com.gr/,,INCOMPLETE_ADDRESS,
REVIEW,cmta4ygm80014sciyasobys4q,Fairytale,cmta4ygt70015sciy7ka9te7j,Fairytale,,,,,,,,,https://fairytale.com.gr/en/product/fairytale-gift-card/?srsltid=AfmBOor8Ibifq_G5Z787tkZNY5Tl6yhx9lujOGDrW4OnG-Azk2KUCE52,,INCOMPLETE_ADDRESS,
REVIEW,cmta4ygm80014sciyasobys4q,Fairytale,cmta4ygt70015sciy7ka9te7j,Fairytale,,,,,,,,,https://fairytale.com.gr/store-menu/,,INCOMPLETE_ADDRESS,
REVIEW,cmta4ygm80014sciyasobys4q,Fairytale,cmta4ygt70015sciy7ka9te7j,Fairytale,,,,,,,,,https://fairytale.com.gr/locations/,,INCOMPLETE_ADDRESS,
REVIEW,cmtb774mt0012dkiyq4k7d2ow,Feed Me,cmtb774sd0013dkiy6s1lutst,,Αδάνων 31,Κάτω Τούμπα,,,544 54,,,,https://www.feedmepetshop.gr/,,ORGANIZATION_OR_UNTYPED_ADDRESS_NOT_PROVEN_AS_CUSTOMER_LOCATION,
REVIEW,cmtb62hzc000g94iyu8xt54ke,Fmsstores,cmtb62i42000h94iyyunpk1hf,Fms Stores,,"Ηράκλειο Κρήτης, Ελλάδα",,,,,,,https://www.fmsstores.gr/el/,,INCOMPLETE_ADDRESS,
REVIEW,cmtb62hzc000g94iyu8xt54ke,Fmsstores,cmtb62i42000h94iyyunpk1hf,Fms Stores,,"Ηράκλειο Κρήτης, Greece",,,,,,,https://www.fmsstores.gr/en/p/2-gift-card,,INCOMPLETE_ADDRESS,
REVIEW,cmtb62hzc000g94iyu8xt54ke,Fmsstores,cmtb62i42000h94iyyunpk1hf,Fms Stores,,"Ηράκλειο Κρήτης, Ελλάδα",,,,,,,https://www.fmsstores.gr/el/c/21-magio,,INCOMPLETE_ADDRESS,
REVIEW,cmtb62hzc000g94iyu8xt54ke,Fmsstores,cmtb62i42000h94iyyunpk1hf,Fms Stores,,"Ηράκλειο Κρήτης, Ελλάδα",,,,,,,https://www.fmsstores.gr/el/c/137-trigono,,INCOMPLETE_ADDRESS,
REVIEW,cmtb62hzc000g94iyu8xt54ke,Fmsstores,cmtb62i42000h94iyyunpk1hf,Fms Stores,,"Ηράκλειο Κρήτης, Ελλάδα",,,,,,,https://www.fmsstores.gr/el/c/130-brazil,,INCOMPLETE_ADDRESS,
REVIEW,cmt8hempd0005a8iym064amwx,Funky Buddha,cmt8hemvv0006a8iygh01eja0,Funky Buddha,,Αθήνα,,,,,,,https://www.funky-buddha.com/el/,,INCOMPLETE_ADDRESS,
REVIEW,cmt8hempd0005a8iym064amwx,Funky Buddha,cmt8hemvv0006a8iygh01eja0,Funky Buddha,,Αθήνα,,,,,,,https://www.funky-buddha.com/el/giftcards.html,,INCOMPLETE_ADDRESS,
REVIEW,cmt8hempd0005a8iym064amwx,Funky Buddha,cmt8hemvv0006a8iygh01eja0,Funky Buddha,,Αθήνα,,,,,,,https://www.funky-buddha.com/el/storelocator/,,INCOMPLETE_ADDRESS,
REVIEW,cmt8hempd0005a8iym064amwx,Funky Buddha,cmt8hemvv0006a8iygh01eja0,Funky Buddha,,Athens,,,,,,,https://www.funky-buddha.com/en/,,INCOMPLETE_ADDRESS,
REVIEW,cmt8henex000aa8iyqbolahxb,Galerie de Beauté,cmt8henle000ba8iyo0c9qq77,galerie,,,,,,,,,https://www.galeriedebeaute.gr/el-gr,,INCOMPLETE_ADDRESS,
REVIEW,cmt8henex000aa8iyqbolahxb,Galerie de Beauté,cmt8henle000ba8iyo0c9qq77,galerie,,,,,,,,,https://www.galeriedebeaute.gr/el-gr/giftcard,,INCOMPLETE_ADDRESS,
REVIEW,cmt8henex000aa8iyqbolahxb,Galerie de Beauté,cmt8henle000ba8iyo0c9qq77,galerie,,,,,,,,,https://www.galeriedebeaute.gr/el-gr/stores,,INCOMPLETE_ADDRESS,
REVIEW,cmt8henex000aa8iyqbolahxb,Galerie de Beauté,cmt8henle000ba8iyo0c9qq77,galerie,,,,,,,,,https://www.galeriedebeaute.gr/el-gr/contact,,INCOMPLETE_ADDRESS,
REVIEW,cmta1n3np00vjq8iy2z8m64lj,Gotshirts,cmta1n3tk00vkq8iyuuxusuix,GOTShirts,Prodikou 1,Nicosia,,,1045,,,,https://www.gotshirts.gr/,,NON_GREEK_LOCATION_REVIEW,
REVIEW,cmt8nqyha00050oiyo37488v6,Grecotel,cmt8nqyne00060oiy5y174836,Luxury Hotels & Resorts in Greece | Grecotel Resorts to Live,Emmanouil Portaliou 23,Rethymno,,,741 00,,,,https://www.grecotel.com/,,GENERIC_CORPORATE_ADDRESS_IS_NOT_A_SPECIFIC_CUSTOMER_LOCATION,
REVIEW,cmta1ibyg00c3q8iy7eqka0ch,Gymbeam,cmta1ic4800c4q8iyph5olsg8,GymBeam,Unter den Linden 21,Berlin,,,101 17,,,,https://gymbeam.gr/,,ORGANIZATION_OR_UNTYPED_ADDRESS_NOT_PROVEN_AS_CUSTOMER_LOCATION,
REVIEW,cmta1n4m400vnq8iy8minvqk0,Habitatgreece,cmta1n4su00voq8iyrrjvgoxw,,"Λεωφόρος Κηφισίας 118Α &, Miltiadou Iatridou",Athens,,,115 26,,,,https://habitatgreece.gr/,,ORGANIZATION_OR_UNTYPED_ADDRESS_NOT_PROVEN_AS_CUSTOMER_LOCATION,
REVIEW,cmta1gbip0055q8iyzwigl93e,Hallofbrands,cmta1gbo80056q8iy0413x1yf,Hall of Brands,6o χλμ E.O. Ιωαννίνων - Αθηνών,Ιωάννινα,,,454 44,,,,https://www.hallofbrands.gr/,,ORGANIZATION_OR_UNTYPED_ADDRESS_NOT_PROVEN_AS_CUSTOMER_LOCATION,
REVIEW,cmta1if3i00chq8iy4r1xwv4g,Hellenicorchids,cmta1if9800ciq8iyclu1fq49,,ΘΕΣΗ ΠΕΤΣΙ,Δυτικός Περιφερειακός,,,431 00,,,,https://www.hellenicorchids.gr/,,ORGANIZATION_OR_UNTYPED_ADDRESS_NOT_PROVEN_AS_CUSTOMER_LOCATION,
REVIEW,cmtb7hzyg000o04iy31m1lgd4,Herminaathens,cmtb7i03o000p04iysnqf105v,,5 Limpona Street,,,,105 60,,,,https://herminaathens.com/,,INCOMPLETE_ADDRESS,
REVIEW,cmtb7hzyg000o04iy31m1lgd4,Herminaathens,cmtb7i03o000p04iysnqf105v,Hermina Athens,5 Limpona Street,,,,105 60,,,,https://herminaathens.com/,,INCOMPLETE_ADDRESS,
REVIEW,cmtb7hzyg000o04iy31m1lgd4,Herminaathens,cmtb7i03o000p04iysnqf105v,,5 Limpona Street,,,,105 60,,,,https://herminaathens.com/product/gift-card/,,INCOMPLETE_ADDRESS,
REVIEW,cmtb7hzyg000o04iy31m1lgd4,Herminaathens,cmtb7i03o000p04iysnqf105v,Hermina Athens,5 Limpona Street,,,,105 60,,,,https://herminaathens.com/product/gift-card/,,INCOMPLETE_ADDRESS,
REVIEW,cmtb7hzyg000o04iy31m1lgd4,Herminaathens,cmtb7i03o000p04iysnqf105v,,5 Limpona Street,,,,105 60,,,,https://herminaathens.com/hermina-world/,,INCOMPLETE_ADDRESS,
REVIEW,cmtb7hzyg000o04iy31m1lgd4,Herminaathens,cmtb7i03o000p04iysnqf105v,Hermina Athens,5 Limpona Street,,,,105 60,,,,https://herminaathens.com/hermina-world/,,INCOMPLETE_ADDRESS,
REVIEW,cmtb7hzyg000o04iy31m1lgd4,Herminaathens,cmtb7i03o000p04iysnqf105v,,5 Limpona Street,,,,105 60,,,,https://herminaathens.com/contact/,,INCOMPLETE_ADDRESS,
REVIEW,cmtb7hzyg000o04iy31m1lgd4,Herminaathens,cmtb7i03o000p04iysnqf105v,Hermina Athens,5 Limpona Street,,,,105 60,,,,https://herminaathens.com/contact/,,INCOMPLETE_ADDRESS,
REVIEW,cmta1f1x0000uq8iy6l2rr7td,Hintsdeco,cmta1f235000vq8iyuf6yeye1,HINTSDECO,"Γλαύκου 10, Παλαιό Φάληρο",Αθήνα,,,175 64,,,,https://hintsdeco.com/,,ORGANIZATION_OR_UNTYPED_ADDRESS_NOT_PROVEN_AS_CUSTOMER_LOCATION,
REVIEW,cmta1kq4t00m9q8iynfm2daqb,Hobbylobby Yarns,cmta1kqbn00maq8iyrbgsvpn7,HOBBY LOBBY - Yarns,"Κολοκοτρώνη 33 Σύνταγμα, Αθήνα",EL,,,105 62,,,,https://www.hobbylobby-yarns.gr/,,CITY_FIELD_IS_NOT_A_CITY,
REVIEW,cmta1ighj00cnq8iyulsu7slc,Hotelshops,cmta1ih5a00coq8iy028nylzo,Hotelshops,Ο. Ανδρούτσου 174,Πειραιάς,,,185 35,,,,https://www.hotelshops.gr/,,ORGANIZATION_OR_UNTYPED_ADDRESS_NOT_PROVEN_AS_CUSTOMER_LOCATION,
REVIEW,cmt8hpbl40005pgiygrv6zswp,Ianos,cmt8hpbs90006pgiynvd5ktbb,ΙΑΝΟΣ Α.Ε.,,,,,,,,,https://www.ianos.gr/,,INCOMPLETE_ADDRESS,
REVIEW,cmt8hpbl40005pgiygrv6zswp,Ianos,cmt8hpbs90006pgiynvd5ktbb,ΙΑΝΟΣ Α.Ε.,,,,,,,,,https://www.ianos.gr/giftcards/dorokarta-ianos,,INCOMPLETE_ADDRESS,
REVIEW,cmt8hpbl40005pgiygrv6zswp,Ianos,cmt8hpbs90006pgiynvd5ktbb,ΙΑΝΟΣ Α.Ε.,,,,,,,,,https://www.ianos.gr/p/category/katasthmata,,INCOMPLETE_ADDRESS,
REVIEW,cmta1k8qh00k9q8iyaho07xw2,Iridaspa,cmta1k8xm00kaq8iy3sqsa28b,,"Φορμίωνος 30 & Υμηττού, Παγκράτι",Αθήνα,,,116 34,,,,https://www.iridaspa.gr/,,ORGANIZATION_OR_UNTYPED_ADDRESS_NOT_PROVEN_AS_CUSTOMER_LOCATION,
REVIEW,cmt8gzrhy000014iyuz59nurc,JD Sports Greece,cmt8gzro7000114iywjzh5sfg,JD Sports,"Ε.Poulaki, Spata","Spata Loutsa, Attica",,,190 04,,,,https://www.jdsports.gr/,,ORGANIZATION_OR_UNTYPED_ADDRESS_NOT_PROVEN_AS_CUSTOMER_LOCATION,
REVIEW,cmt8l5uyt000c5giyccj0b6md,JYSK Greece,cmt8l5v5n000d5giy6vtukpbo,JYSK,29 Chrysanthou Trapezountos & Athanasiou Diakou,Elliniko,,,167 77,,,,https://jysk.gr/,,ORGANIZATION_OR_UNTYPED_ADDRESS_NOT_PROVEN_AS_CUSTOMER_LOCATION,
REVIEW,cmta1ijf900czq8iymaa7h0du,Janeiredale,cmta1ijkr00d0q8iy6yfqptbx,,Γράμμου 71,Μαρούσι,,,151 24,,,,https://janeiredale.gr/,,ORGANIZATION_OR_UNTYPED_ADDRESS_NOT_PROVEN_AS_CUSTOMER_LOCATION,
REVIEW,cmta1lv4500qrq8iyl55acy6j,Jthomedesign,cmta1lvat00qsq8iycnrsfz70,,79 Konstantinou Karamanli Ave.,,,,136 71,,,,https://jthomedesign.gr/,,INCOMPLETE_ADDRESS,
REVIEW,cmta1lv4500qrq8iyl55acy6j,Jthomedesign,cmta1lvat00qsq8iycnrsfz70,Έπιπλα σπιτιού Joanna Terizi,79 Konstantinou Karamanli Ave.,,,,136 71,,,,https://jthomedesign.gr/,,INCOMPLETE_ADDRESS,
REVIEW,cmta1lv4500qrq8iyl55acy6j,Jthomedesign,cmta1lvat00qsq8iycnrsfz70,,79 Konstantinou Karamanli Ave.,,,,136 71,,,,https://jthomedesign.gr/gift-cards/,,INCOMPLETE_ADDRESS,
REVIEW,cmta1lv4500qrq8iyl55acy6j,Jthomedesign,cmta1lvat00qsq8iycnrsfz70,Έπιπλα σπιτιού Joanna Terizi,79 Konstantinou Karamanli Ave.,,,,136 71,,,,https://jthomedesign.gr/gift-cards/,,INCOMPLETE_ADDRESS,
REVIEW,cmta1lv4500qrq8iyl55acy6j,Jthomedesign,cmta1lvat00qsq8iycnrsfz70,,79 Konstantinou Karamanli Ave.,,,,136 71,,,,https://jthomedesign.gr/shop/,,INCOMPLETE_ADDRESS,
REVIEW,cmta1lv4500qrq8iyl55acy6j,Jthomedesign,cmta1lvat00qsq8iycnrsfz70,Έπιπλα σπιτιού Joanna Terizi,79 Konstantinou Karamanli Ave.,,,,136 71,,,,https://jthomedesign.gr/shop/,,INCOMPLETE_ADDRESS,
REVIEW,cmta1lv4500qrq8iyl55acy6j,Jthomedesign,cmta1lvat00qsq8iycnrsfz70,,79 Konstantinou Karamanli Ave.,,,,136 71,,,,https://jthomedesign.gr/contact-us/,,INCOMPLETE_ADDRESS,
REVIEW,cmta1lv4500qrq8iyl55acy6j,Jthomedesign,cmta1lvat00qsq8iycnrsfz70,Έπιπλα σπιτιού Joanna Terizi,79 Konstantinou Karamanli Ave.,,,,136 71,,,,https://jthomedesign.gr/contact-us/,,INCOMPLETE_ADDRESS,
REVIEW,cmta5nps0000u54iywzcctom5,Kantzos,cmta5npws000v54iyrybp6vpj,Kantzos Travel Services,,,,,,,,,https://kantzos.gr/,,INCOMPLETE_ADDRESS,
REVIEW,cmta1fclq0020q8iyoxiqve8f,Kiddo World,cmta1fcvq0021q8iyp94dnc3i,,ΛΕΥΚΩΝΑΣ ΠΡΕΣΠΩΝ,ΦΛΩΡΙΝΑ,,,530 77,,,,https://kiddoworld.gr/,,ORGANIZATION_OR_UNTYPED_ADDRESS_NOT_PROVEN_AS_CUSTOMER_LOCATION,
REVIEW,cmta1in0q00ddq8iy9ou6k8vv,Kois Optics,cmta1in6000deq8iyzrf26jcw,Κεντρικό κατάστημα,"Θυμ. Σπερχειού 16, Ερμούπολη, Σύρος",Ερμούπολη,,,841 00,,,,https://www.kois-optics.gr/el,,ORGANIZATION_OR_UNTYPED_ADDRESS_NOT_PROVEN_AS_CUSTOMER_LOCATION,
REVIEW,cmta4yqce0028sciyc74lfd4c,Kurlandspa,cmta4yqjm0029sciywfsyzwns,Kurland Spa,Leof. Kifisias 348,Chalandri,,,152 33,,,,https://www.kurlandspa.gr/,,ORGANIZATION_OR_UNTYPED_ADDRESS_NOT_PROVEN_AS_CUSTOMER_LOCATION,
REVIEW,cmtb7r3vw000cu8iymcg5xfjl,LVK Premium Fitness,cmtb7r40m000du8iyupsublbp,Γυμναστήριο LVK PREMIUM FITNESS Ν. Σμύρνη - Unthink Fitness Republic Hub,Λ. Συγγρού 247,Αθήνα,,,171 22,,,,https://lvk.ufr.gr/,,ORGANIZATION_OR_UNTYPED_ADDRESS_NOT_PROVEN_AS_CUSTOMER_LOCATION,
REVIEW,cmtb7r3vw000cu8iymcg5xfjl,LVK Premium Fitness,cmtb7r40m000du8iyupsublbp,,Λ. Συγγρού 247,"Αθήνα, 17122",,,,,,,https://lvk.ufr.gr/,,ORGANIZATION_OR_UNTYPED_ADDRESS_NOT_PROVEN_AS_CUSTOMER_LOCATION,
REVIEW,cmta1ioc400djq8iyrvz4q898,Led7,cmta1ioio00dkq8iyn3i3z7k3,,ΑΦΑΙΑΣ 25,ΓΑΛΑΤΣΙ,,,111 47,,,,https://led7.gr/,,ORGANIZATION_OR_UNTYPED_ADDRESS_NOT_PROVEN_AS_CUSTOMER_LOCATION,
REVIEW,cmt79ig8y000z84iye5bnelem,Lentiamo,cmt79igbu001084iy7fkqj7p6,Lentiamo.gr,Λαγουμιτζή 24,Καλλιθέα,,,176 71,,,,https://www.lentiamo.gr/,,ORGANIZATION_OR_UNTYPED_ADDRESS_NOT_PROVEN_AS_CUSTOMER_LOCATION,
REVIEW,cmtb77bbd0020dkiyyi6uurk8,Lookshop,cmtb77bgd0021dkiyy3u2x8qn,Lookshop,,Athens,,,105 64,,,,https://lookshop.gr/,,INCOMPLETE_ADDRESS,
REVIEW,cmtb77bbd0020dkiyyi6uurk8,Lookshop,cmtb77bgd0021dkiyy3u2x8qn,Lookshop,,Athens,,,105 64,,,,https://lookshop.gr/giftcard2.html,,INCOMPLETE_ADDRESS,
REVIEW,cmtb77bbd0020dkiyyi6uurk8,Lookshop,cmtb77bgd0021dkiyy3u2x8qn,Lookshop,,Athens,,,105 64,,,,https://lookshop.gr/contact,,INCOMPLETE_ADDRESS,
REVIEW,cmtb77bbd0020dkiyyi6uurk8,Lookshop,cmtb77bgd0021dkiyy3u2x8qn,Lookshop,,Athens,,,105 64,,,,https://lookshop.gr/sunglasses.html,,INCOMPLETE_ADDRESS,
REVIEW,cmtb77bbd0020dkiyyi6uurk8,Lookshop,cmtb77bgd0021dkiyy3u2x8qn,Lookshop,,Athens,,,105 64,,,,https://lookshop.gr/new-releases-sunglasses.html,,INCOMPLETE_ADDRESS,
REVIEW,cmta1nba500wdq8iyj8n4yj7q,Lucejewelry,cmta1nbgt00weq8iyvk7kt9b7,Ioanna Mavropoulou,,Ilioupoli,,,163 46,,,,https://www.lucejewelry.gr/,,INCOMPLETE_ADDRESS,
REVIEW,cmtb77bot0022dkiyc1z2at3w,Manicurious,cmtb77bua0023dkiy8p69dxkl,Manicurious,,,,,,,,,https://www.manicurious.gr/,,INCOMPLETE_ADDRESS,
REVIEW,cmtb7i3a3001504iyg9dda4td,Massage Gift Cards Kefalonia,cmtb7i3f1001604iyarnf8jny,4 Elements Massage Kefalonia,Epar.Od. Keramion - Vlachatas,Afrato,,,281 00,,,,https://massage4kefalonia.com/,,LOCALITY_CONFLICT_REQUIRES_MANUAL_CONFIRMATION,
REVIEW,cmta1it7x00e7q8iyoinm2cbt,Materiaprima,cmta1itdc00e8q8iy8qkpk1e1,,Falirou 68,,,,117 41,,,,https://materiaprima.gr/,,INCOMPLETE_ADDRESS,
REVIEW,cmta1it7x00e7q8iyoinm2cbt,Materiaprima,cmta1itdc00e8q8iy8qkpk1e1,materiaprima,Falirou 68,,,,117 41,,,,https://materiaprima.gr/,,INCOMPLETE_ADDRESS,
REVIEW,cmta1it7x00e7q8iyoinm2cbt,Materiaprima,cmta1itdc00e8q8iy8qkpk1e1,,Falirou 68,,,,117 41,,,,https://materiaprima.gr/product/gift-card-40e/,,INCOMPLETE_ADDRESS,
REVIEW,cmta1it7x00e7q8iyoinm2cbt,Materiaprima,cmta1itdc00e8q8iy8qkpk1e1,materiaprima,Falirou 68,,,,117 41,,,,https://materiaprima.gr/product/gift-card-40e/,,INCOMPLETE_ADDRESS,
REVIEW,cmta1it7x00e7q8iyoinm2cbt,Materiaprima,cmta1itdc00e8q8iy8qkpk1e1,,Falirou 68,,,,117 41,,,,https://materiaprima.gr/shop/,,INCOMPLETE_ADDRESS,
REVIEW,cmta1it7x00e7q8iyoinm2cbt,Materiaprima,cmta1itdc00e8q8iy8qkpk1e1,materiaprima,Falirou 68,,,,117 41,,,,https://materiaprima.gr/shop/,,INCOMPLETE_ADDRESS,
REVIEW,cmta1it7x00e7q8iyoinm2cbt,Materiaprima,cmta1itdc00e8q8iy8qkpk1e1,,Falirou 68,,,,117 41,,,,https://materiaprima.gr/shop/filter/pa_specials%3A540,,INCOMPLETE_ADDRESS,
REVIEW,cmta1it7x00e7q8iyoinm2cbt,Materiaprima,cmta1itdc00e8q8iy8qkpk1e1,materiaprima,Falirou 68,,,,117 41,,,,https://materiaprima.gr/shop/filter/pa_specials%3A540,,INCOMPLETE_ADDRESS,
REVIEW,cmta1it7x00e7q8iyoinm2cbt,Materiaprima,cmta1itdc00e8q8iy8qkpk1e1,,Falirou 68,,,,117 41,,,,https://materiaprima.gr/shop/filter/pa_specials%3A83,,INCOMPLETE_ADDRESS,
REVIEW,cmta1it7x00e7q8iyoinm2cbt,Materiaprima,cmta1itdc00e8q8iy8qkpk1e1,materiaprima,Falirou 68,,,,117 41,,,,https://materiaprima.gr/shop/filter/pa_specials%3A83,,INCOMPLETE_ADDRESS,
REVIEW,cmta4yt64002ksciy3tound9j,Mavri Thalassa,cmta4ytda002lsciyilen6atl,Mavri Thalassa,"Nikolaou Plastira 3, Kalamaria",Thessaloniki,,,551 32,,,,https://mavri-thalassa.gr/en/contact/,,TRANSLITERATED_DUPLICATE_OF_GREEK_MAVRI_THALASSA_ADDRESS,
REVIEW,cmta1iwph00epq8iyrz9rtzzn,Michanossport,cmta1iwun00eqq8iyol8nrtwy,Michanos Sport,,,,,,,,,https://www.michanossport.gr/?language=el,,INCOMPLETE_ADDRESS,
REVIEW,cmta1iwph00epq8iyrz9rtzzn,Michanossport,cmta1iwun00eqq8iyol8nrtwy,Michanos Sport,,,,,,,,,https://www.michanossport.gr/gift-card-m-10228.html,,INCOMPLETE_ADDRESS,
REVIEW,cmta1iwph00epq8iyrz9rtzzn,Michanossport,cmta1iwun00eqq8iyol8nrtwy,Michanos Sport,,,,,,,,,https://www.michanossport.gr/contact_us.php,,INCOMPLETE_ADDRESS,
REVIEW,cmta1iwph00epq8iyrz9rtzzn,Michanossport,cmta1iwun00eqq8iyol8nrtwy,Michanos Sport,,,,,,,,,https://www.michanossport.gr/shirt-gynaikeia-athlitika-shop-c-102_10202_1020201.html,,INCOMPLETE_ADDRESS,
REVIEW,cmta1iwph00epq8iyrz9rtzzn,Michanossport,cmta1iwun00eqq8iyol8nrtwy,Michanos Sport,,,,,,,,,https://www.michanossport.gr/athlitika-sortsakia-gynaikeia-online-shop-c-102_10202_1020202.html,,INCOMPLETE_ADDRESS,
REVIEW,cmta1ixh000etq8iyrstbzf45,Misa,cmta1ixm400euq8iy6w8fh6ah,Misa,,Thessaloniki,,,,,,,https://www.misa.gr/,,INCOMPLETE_ADDRESS,
REVIEW,cmta1kvzh00mxq8iyki8p745z,Mocannella,cmta1kw6300myq8iyzkj9hpsf,Mocannella,Λεωφόρος Παπαναστασίου 102,Ηράκλειο,,,714 09,,,,https://www.mocannella.gr/,,ORGANIZATION_OR_UNTYPED_ADDRESS_NOT_PROVEN_AS_CUSTOMER_LOCATION,
REVIEW,cmtb7898i006tdkiypwp1jv9x,Mom & Me,cmtb789dc006udkiyns09pnli,MOM&ME family concept store,Kougioumtzoglou 70,Eleysina,,,192 00,,,,https://momandme.gr/,,NON_GREEK_LOCATION_REVIEW,
REVIEW,cmta5nkyr000454iyyhuhz99q,Museumofillusions,cmta5nl44000554iylrg3qski,Museum of Illusions Athens,"Ermou 119, Entrance from Astiggos 12.",Monastiraki,,,105 55,,,,https://athens.museumofillusions.gr/,,DUPLICATE_MUSEUM_ADDRESS_WITH_NEIGHBORHOOD_IN_CITY_FIELD,
REVIEW,cmta1j0ma00f7q8iympq1uy5p,Muststore,cmta1j0st00f8q8iyavkhvjm3,,Ρούσβελτ 29-31,Λάρισα,,,412 23,,,,https://www.muststore.gr/,,ORGANIZATION_OR_UNTYPED_ADDRESS_NOT_PROVEN_AS_CUSTOMER_LOCATION,
REVIEW,cmta1j14200f9q8iy4qbjvx5d,Mycolours,cmta1j1af00faq8iyw0v4fvvw,Athina Balasi,,Athens,,,117 42,,,,https://www.mycolours.gr/,,INCOMPLETE_ADDRESS,
REVIEW,cmta1j1lq00fbq8iyblkew33r,Mymarket,cmta1j1rt00fcq8iyyrjwj6oi,mymarket.gr,Σωρού 1,"Μεταμόρφωση, Αττική",,,144 51,,,,https://www.mymarket.gr/,,ORGANIZATION_OR_UNTYPED_ADDRESS_NOT_PROVEN_AS_CUSTOMER_LOCATION,
REVIEW,cmta1nj0h00x7q8iy2h241z80,Naira,cmta1nj7800x8q8iyqp5pjntz,,Kyprou 10-12,Thessaloniki,,,566 26,,,,https://naira.gr/,,ORGANIZATION_OR_UNTYPED_ADDRESS_NOT_PROVEN_AS_CUSTOMER_LOCATION,
REVIEW,cmta1j54l00fpq8iy3f65bz5f,Nextsystems,cmta1j5b400fqq8iyyo1vs0cc,Next Systems,"ΑΔΕΛΦΩΝ ΚΥΠΡΑΙΟΥ 160, ΙΣΟΓΕΙΟ",ΕΛΕΥΣΙΝΑ,,,192 00,,,,https://nextsystems.gr/,,ORGANIZATION_OR_UNTYPED_ADDRESS_NOT_PROVEN_AS_CUSTOMER_LOCATION,
REVIEW,cmta1g4xm004qq8iytymwcg9a,Notos,cmta1g537004rq8iytxjpvtx8,Notos,,,,,,,,,https://www.notos.gr/,,INCOMPLETE_ADDRESS,
REVIEW,cmta1g4xm004qq8iytymwcg9a,Notos,cmta1g537004rq8iytxjpvtx8,Notos,,,,,,,,,https://www.notos.gr/e-gift-cards-purchase/,,INCOMPLETE_ADDRESS,
REVIEW,cmta1g4xm004qq8iytymwcg9a,Notos,cmta1g537004rq8iytxjpvtx8,Notos,,,,,,,,,https://www.notos.gr/gynaika/tsades/omou-shopper-bags/,,INCOMPLETE_ADDRESS,
REVIEW,cmta1g4xm004qq8iytymwcg9a,Notos,cmta1g537004rq8iytxjpvtx8,Notos,,,,,,,,,https://www.notos.gr/katastimata/,,INCOMPLETE_ADDRESS,
REVIEW,cmta1g4xm004qq8iytymwcg9a,Notos,cmta1g537004rq8iytxjpvtx8,Notos,,,,,,,,,https://www.notos.gr/nees-afikseis-rouxwn-aksesouar/,,INCOMPLETE_ADDRESS,
REVIEW,cmtb6uz6p00353giyzkow4qml,OMG,cmtb6uzbu00363giyjxgyidjk,OMG,12 The Grange,London,,,SE1 3GW,,,,https://omg.gr/,,NON_GREEK_LOCATION_REVIEW,
REVIEW,cmta1f2ts000yq8iy8va3cqab,Papachatzis,cmta1f2ys000zq8iy7gecoj9o,&Pi;&alpha;&pi;&alpha;&chi;&alpha;&tau;&zeta;&#942;&sigmaf; Home,&Kappa;&omicron;&#973;&mu;&alpha; 22,&Lambda;&#940;&rho;&iota;&sigma;&alpha;,,,412 23,,,,https://www.papachatzis.com/,,ORGANIZATION_OR_UNTYPED_ADDRESS_NOT_PROVEN_AS_CUSTOMER_LOCATION,
REVIEW,cmta1f2ts000yq8iy8va3cqab,Papachatzis,cmta1f2ys000zq8iy7gecoj9o,&Pi;&alpha;&pi;&alpha;&chi;&alpha;&tau;&zeta;&#942;&sigmaf; Home,Kouma 22,Larisa,,,412 22,,,,https://www.papachatzis.com/contact/,,ORGANIZATION_OR_UNTYPED_ADDRESS_NOT_PROVEN_AS_CUSTOMER_LOCATION,
REVIEW,cmta1j7yx00g1q8iyxpec0ovr,Patistascosmetics,cmta1j85q00g2q8iyvsncmagm,Patistas Cosmetics,Κλεισθένους 217,Γέρακας,,,153 44,,,,https://patistascosmetics.gr/,,ONLINE_ORGANIZATION_ADDRESS_NOT_CUSTOMER_LOCATION,
REVIEW,cmtb77gmh002sdkiytfif5f3w,Pavone Shoes,cmtb77gud002tdkiyoa7zz562,Pavone Shoes,8 Γερμανού,Πύργος,,,271 31,,,,https://pavoneshoes.gr/,,DUPLICATE_PAVONE_ADDRESS_WITH_REVERSED_STREET_ORDER,
REVIEW,cmta1j8i300g3q8iy6tehieg8,Pethellas,cmta1j8og00g4q8iyvg84dauk,,"Leof. 62 Martiron 136, Iraklio 713 03",,,,713 03,,,,https://pethellas.gr/,,INCOMPLETE_ADDRESS,
REVIEW,cmta1j8i300g3q8iy6tehieg8,Pethellas,cmta1j8og00g4q8iyvg84dauk,Pet Hellas - Online Petshop,"Leof. 62 Martiron 136, Iraklio 713 03",,,,713 03,,,,https://pethellas.gr/,,INCOMPLETE_ADDRESS,
REVIEW,cmta1j8i300g3q8iy6tehieg8,Pethellas,cmta1j8og00g4q8iyvg84dauk,,"Leof. 62 Martiron 136, Iraklio 713 03",,,,713 03,,,,https://pethellas.gr/product/gift-card/,,INCOMPLETE_ADDRESS,
REVIEW,cmta1j8i300g3q8iy6tehieg8,Pethellas,cmta1j8og00g4q8iyvg84dauk,Pet Hellas - Online Petshop,"Leof. 62 Martiron 136, Iraklio 713 03",,,,713 03,,,,https://pethellas.gr/product/gift-card/,,INCOMPLETE_ADDRESS,
REVIEW,cmta1j8i300g3q8iy6tehieg8,Pethellas,cmta1j8og00g4q8iyvg84dauk,,"Leof. 62 Martiron 136, Iraklio 713 03",,,,713 03,,,,https://pethellas.gr/shop/,,INCOMPLETE_ADDRESS,
REVIEW,cmta1j8i300g3q8iy6tehieg8,Pethellas,cmta1j8og00g4q8iyvg84dauk,Pet Hellas - Online Petshop,"Leof. 62 Martiron 136, Iraklio 713 03",,,,713 03,,,,https://pethellas.gr/shop/,,INCOMPLETE_ADDRESS,
REVIEW,cmta1j8i300g3q8iy6tehieg8,Pethellas,cmta1j8og00g4q8iyvg84dauk,,"Leof. 62 Martiron 136, Iraklio 713 03",,,,713 03,,,,https://pethellas.gr/epikoinonia-2/,,INCOMPLETE_ADDRESS,
REVIEW,cmta1j8i300g3q8iy6tehieg8,Pethellas,cmta1j8og00g4q8iyvg84dauk,Pet Hellas - Online Petshop,"Leof. 62 Martiron 136, Iraklio 713 03",,,,713 03,,,,https://pethellas.gr/epikoinonia-2/,,INCOMPLETE_ADDRESS,
REVIEW,cmt79igs4001584iyx1lcaw5f,Pharm24,cmt79igv3001684iyrqjuar1j,Pharm24.gr,Δαφνί,Σπάρτη,,,230 57,,,,https://www.pharm24.gr/,,ORGANIZATION_OR_UNTYPED_ADDRESS_NOT_PROVEN_AS_CUSTOMER_LOCATION,
REVIEW,cmta1kzhi00nbq8iyvl7pvepj,Philatravel,cmta1kzo800ncq8iydupudze1,Phila Travel,Dekeleias 83,Attica,,,143 41,,,,https://philatravel.gr/,,CITY_FIELD_IS_NOT_A_CITY,
REVIEW,cmta1nl7700xfq8iycudfjd9o,Philsgranola,cmta1nlfj00xgq8iyfl7238ki,Phil's Granola,Θεμιστοκλέους 26,Άλιμος,,,174 55,,,,https://philsgranola.gr/,,ORGANIZATION_OR_UNTYPED_ADDRESS_NOT_PROVEN_AS_CUSTOMER_LOCATION,
REVIEW,cmta1gecq005jq8iyyuke43mc,Politikos Shop,cmta1gehv005kq8iy5t425hrk,Πολυκατάστημα Πολιτικός,Kapodistriou & Amalias 2,Lamia,,,351 00,,,,https://www.politikos-shop.gr/el-gr/,,ORGANIZATION_OR_UNTYPED_ADDRESS_NOT_PROVEN_AS_CUSTOMER_LOCATION,
REVIEW,cmt79ihwt001h84iy9ye6u3j2,Prenatal,cmt79ii0a001i84iy9nr3cfur,ΝΕΟ Prénatal megastore ΘΕΣΣΑΛΟΝΙΚΗΣ,"11ο χλμ Θεσσαλονίκης - Aεροδρομίου, 57001 Θεσσαλονίκη (Δεξιά πλευρά)",,,,570 01,,,,https://prenatal.gr/,,INCOMPLETE_ADDRESS,
REVIEW,cmt79ihwt001h84iy9ye6u3j2,Prenatal,cmt79ii0a001i84iy9nr3cfur,Prénatal megastore ΑΓΙΑΣ ΠΑΡΑΣΚΕΥΗΣ Νέο!,"Λεωφ. Μεσογείων 479 Αγία Παρασκευή, 153 43, Ελλάδα",,,,153 43,,,,https://prenatal.gr/,,INCOMPLETE_ADDRESS,
REVIEW,cmt79ihwt001h84iy9ye6u3j2,Prenatal,cmt79ii0a001i84iy9nr3cfur,Prénatal ΚΟΖΑΝΗ,"11ης Οκτωβρίου 37, 50132 Κοζάνη",,,,501 32,,,,https://prenatal.gr/,,INCOMPLETE_ADDRESS,
REVIEW,cmt79ihwt001h84iy9ye6u3j2,Prenatal,cmt79ii0a001i84iy9nr3cfur,Prénatal ΚΑΡΔΙΤΣΑ,"Σμύρνης 3, 43100 Καρδίτσα",,,,431 00,,,,https://prenatal.gr/,,INCOMPLETE_ADDRESS,
REVIEW,cmt79ihwt001h84iy9ye6u3j2,Prenatal,cmt79ii0a001i84iy9nr3cfur,Prénatal ΚΕΡΚΥΡΑ,"ΛΕΩΦΟΡΟΣ ΕΠΤΑΝΗΣΟΥ (περιοχή Τρία Γεφύρια), 49100 Κέρκυρα",,,,491 00,,,,https://prenatal.gr/,,INCOMPLETE_ADDRESS,
REVIEW,cmt79ihwt001h84iy9ye6u3j2,Prenatal,cmt79ii0a001i84iy9nr3cfur,Prénatal ΗΡΑΚΛΕΙΟ ΚΡΗΤΗΣ 3,"Αβέρωφ 1, 71201 Ηράκλειο Κρήτης",,,,712 01,,,,https://prenatal.gr/,,INCOMPLETE_ADDRESS,
REVIEW,cmt79ihwt001h84iy9ye6u3j2,Prenatal,cmt79ii0a001i84iy9nr3cfur,Prénatal megastore THE MALL ATHENS,"Ανδρέα Παπανδρέου 35 15122, Μαρούσι, Ελλάδα",,,,151 22,,,,https://prenatal.gr/,,INCOMPLETE_ADDRESS,
REVIEW,cmt79ihwt001h84iy9ye6u3j2,Prenatal,cmt79ii0a001i84iy9nr3cfur,Prénatal megastore RIVER WEST Νέος χώρος,"Παρ. Λεωφόρου Κηφισού 96, Αιγάλεω 122 41, Ελλάδα",,,,122 41,,,,https://prenatal.gr/,,INCOMPLETE_ADDRESS,
REVIEW,cmt79ihwt001h84iy9ye6u3j2,Prenatal,cmt79ii0a001i84iy9nr3cfur,Prénatal ATHENS METRO MALL,"Παρ. Λεωφ. Βουλιαγμένης 276, Αγ. Δημήτριος 173 43, Ελλάδα",,,,173 43,,,,https://prenatal.gr/,,INCOMPLETE_ADDRESS,
REVIEW,cmt79ihwt001h84iy9ye6u3j2,Prenatal,cmt79ii0a001i84iy9nr3cfur,Prénatal ΛΑΡΙΣΑ,"ΑΛΕΞ. ΠΑΝΑΓΟΥΛΗ 32, 41222 ΛΑΡΙΣΑ",,,,412 22,,,,https://prenatal.gr/,,INCOMPLETE_ADDRESS,
REVIEW,cmt79ihwt001h84iy9ye6u3j2,Prenatal,cmt79ii0a001i84iy9nr3cfur,Prénatal ΡΟΔΟΣ,"ΕΘΝΙΚΗΣ ΑΝΤΙΣΤΑΣΕΩΣ 54, 85100 ΡΟΔΟΣ",,,,851 00,,,,https://prenatal.gr/,,INCOMPLETE_ADDRESS,
REVIEW,cmt79ihwt001h84iy9ye6u3j2,Prenatal,cmt79ii0a001i84iy9nr3cfur,Prénatal ΡΕΘΥΜΝΟ,"ΕΜΜΑΝΟΥΗΛ ΠΟΡΤΑΛΙΟΥ 31, 74100 ΡΕΘΥΜΝΟ",,,,741 00,,,,https://prenatal.gr/,,INCOMPLETE_ADDRESS,
REVIEW,cmt79ihwt001h84iy9ye6u3j2,Prenatal,cmt79ii0a001i84iy9nr3cfur,Prénatal ΧΑΝΙΑ,"ΜΥΛΩΝΟΓΙΑΝΝΗ 21, 73135 ΧΑΝΙΑ",,,,731 35,,,,https://prenatal.gr/,,INCOMPLETE_ADDRESS,
REVIEW,cmt79ihwt001h84iy9ye6u3j2,Prenatal,cmt79ii0a001i84iy9nr3cfur,Prénatal Mediterranean Cosmos Θεσσαλονίκη,"11οχλμ. οδού Θεσ/νίκης - Μουδανιών, Θεσσαλονίκη 570 01",,,,570 01,,,,https://prenatal.gr/,,INCOMPLETE_ADDRESS,
REVIEW,cmt79ihwt001h84iy9ye6u3j2,Prenatal,cmt79ii0a001i84iy9nr3cfur,Prénatal ΗΡΑΚΛΕΙΟ ΚΡΗΤΗΣ 2,"ΚΑΛΟΚΑΙΡΙΝΟΥ 215, 71201 ΗΡΑΚΛΕΙΟ ΚΡΗΤΗΣ",,,,712 01,,,,https://prenatal.gr/,,INCOMPLETE_ADDRESS,
REVIEW,cmt79ihwt001h84iy9ye6u3j2,Prenatal,cmt79ii0a001i84iy9nr3cfur,Prénatal ΠΛΑΤΕΙΑ ODEON Θεσσαλονίκη,"ΤΣΙΜΙΣΚΗ 43, 54623 ΘΕΣΣΑΛΟΝΙΚΗ",,,,546 23,,,,https://prenatal.gr/,,INCOMPLETE_ADDRESS,
REVIEW,cmt79ihwt001h84iy9ye6u3j2,Prenatal,cmt79ii0a001i84iy9nr3cfur,Prénatal AVENUE,"Λεωφ. Κηφισίας 41-47, Μαρούσι 151 23, Ελλάδα",,,,151 23,,,,https://prenatal.gr/,,INCOMPLETE_ADDRESS,
REVIEW,cmt79ihwt001h84iy9ye6u3j2,Prenatal,cmt79ii0a001i84iy9nr3cfur,Prénatal ΚΑΛΑΜΑΤΑ,"ΑΡΙΣΤΟΜΕΝΟΥΣ 12, 24100 ΚΑΛΑΜΑΤΑ, ΕΛΛΑΔΑ",,,,241 00,,,,https://prenatal.gr/,,INCOMPLETE_ADDRESS,
REVIEW,cmt79ihwt001h84iy9ye6u3j2,Prenatal,cmt79ii0a001i84iy9nr3cfur,Prénatal ΒΟΛΟΣ,"Δημητριάδος 116 και Τοπάλη, 38221 ΒΟΛΟΣ",,,,382 21,,,,https://prenatal.gr/,,INCOMPLETE_ADDRESS,
REVIEW,cmt79ihwt001h84iy9ye6u3j2,Prenatal,cmt79ii0a001i84iy9nr3cfur,ΝΕΟ Prénatal megastore ΘΕΣΣΑΛΟΝΙΚΗΣ,"11ο χλμ Θεσσαλονίκης - Aεροδρομίου, 57001 Θεσσαλονίκη (Δεξιά πλευρά)",,,,570 01,,,,https://prenatal.gr/gift-card/,,INCOMPLETE_ADDRESS,
REVIEW,cmt79ihwt001h84iy9ye6u3j2,Prenatal,cmt79ii0a001i84iy9nr3cfur,Prénatal megastore ΑΓΙΑΣ ΠΑΡΑΣΚΕΥΗΣ Νέο!,"Λεωφ. Μεσογείων 479 Αγία Παρασκευή, 153 43, Ελλάδα",,,,153 43,,,,https://prenatal.gr/gift-card/,,INCOMPLETE_ADDRESS,
REVIEW,cmt79ihwt001h84iy9ye6u3j2,Prenatal,cmt79ii0a001i84iy9nr3cfur,Prénatal ΚΟΖΑΝΗ,"11ης Οκτωβρίου 37, 50132 Κοζάνη",,,,501 32,,,,https://prenatal.gr/gift-card/,,INCOMPLETE_ADDRESS,
REVIEW,cmt79ihwt001h84iy9ye6u3j2,Prenatal,cmt79ii0a001i84iy9nr3cfur,Prénatal ΚΑΡΔΙΤΣΑ,"Σμύρνης 3, 43100 Καρδίτσα",,,,431 00,,,,https://prenatal.gr/gift-card/,,INCOMPLETE_ADDRESS,
REVIEW,cmt79ihwt001h84iy9ye6u3j2,Prenatal,cmt79ii0a001i84iy9nr3cfur,Prénatal ΚΕΡΚΥΡΑ,"ΛΕΩΦΟΡΟΣ ΕΠΤΑΝΗΣΟΥ (περιοχή Τρία Γεφύρια), 49100 Κέρκυρα",,,,491 00,,,,https://prenatal.gr/gift-card/,,INCOMPLETE_ADDRESS,
REVIEW,cmt79ihwt001h84iy9ye6u3j2,Prenatal,cmt79ii0a001i84iy9nr3cfur,Prénatal ΗΡΑΚΛΕΙΟ ΚΡΗΤΗΣ 3,"Αβέρωφ 1, 71201 Ηράκλειο Κρήτης",,,,712 01,,,,https://prenatal.gr/gift-card/,,INCOMPLETE_ADDRESS,
REVIEW,cmt79ihwt001h84iy9ye6u3j2,Prenatal,cmt79ii0a001i84iy9nr3cfur,Prénatal megastore THE MALL ATHENS,"Ανδρέα Παπανδρέου 35 15122, Μαρούσι, Ελλάδα",,,,151 22,,,,https://prenatal.gr/gift-card/,,INCOMPLETE_ADDRESS,
REVIEW,cmt79ihwt001h84iy9ye6u3j2,Prenatal,cmt79ii0a001i84iy9nr3cfur,Prénatal megastore RIVER WEST Νέος χώρος,"Παρ. Λεωφόρου Κηφισού 96, Αιγάλεω 122 41, Ελλάδα",,,,122 41,,,,https://prenatal.gr/gift-card/,,INCOMPLETE_ADDRESS,
REVIEW,cmt79ihwt001h84iy9ye6u3j2,Prenatal,cmt79ii0a001i84iy9nr3cfur,Prénatal ATHENS METRO MALL,"Παρ. Λεωφ. Βουλιαγμένης 276, Αγ. Δημήτριος 173 43, Ελλάδα",,,,173 43,,,,https://prenatal.gr/gift-card/,,INCOMPLETE_ADDRESS,
REVIEW,cmt79ihwt001h84iy9ye6u3j2,Prenatal,cmt79ii0a001i84iy9nr3cfur,Prénatal ΛΑΡΙΣΑ,"ΑΛΕΞ. ΠΑΝΑΓΟΥΛΗ 32, 41222 ΛΑΡΙΣΑ",,,,412 22,,,,https://prenatal.gr/gift-card/,,INCOMPLETE_ADDRESS,
REVIEW,cmt79ihwt001h84iy9ye6u3j2,Prenatal,cmt79ii0a001i84iy9nr3cfur,Prénatal ΡΟΔΟΣ,"ΕΘΝΙΚΗΣ ΑΝΤΙΣΤΑΣΕΩΣ 54, 85100 ΡΟΔΟΣ",,,,851 00,,,,https://prenatal.gr/gift-card/,,INCOMPLETE_ADDRESS,
REVIEW,cmt79ihwt001h84iy9ye6u3j2,Prenatal,cmt79ii0a001i84iy9nr3cfur,Prénatal ΡΕΘΥΜΝΟ,"ΕΜΜΑΝΟΥΗΛ ΠΟΡΤΑΛΙΟΥ 31, 74100 ΡΕΘΥΜΝΟ",,,,741 00,,,,https://prenatal.gr/gift-card/,,INCOMPLETE_ADDRESS,
REVIEW,cmt79ihwt001h84iy9ye6u3j2,Prenatal,cmt79ii0a001i84iy9nr3cfur,Prénatal ΧΑΝΙΑ,"ΜΥΛΩΝΟΓΙΑΝΝΗ 21, 73135 ΧΑΝΙΑ",,,,731 35,,,,https://prenatal.gr/gift-card/,,INCOMPLETE_ADDRESS,
REVIEW,cmt79ihwt001h84iy9ye6u3j2,Prenatal,cmt79ii0a001i84iy9nr3cfur,Prénatal Mediterranean Cosmos Θεσσαλονίκη,"11οχλμ. οδού Θεσ/νίκης - Μουδανιών, Θεσσαλονίκη 570 01",,,,570 01,,,,https://prenatal.gr/gift-card/,,INCOMPLETE_ADDRESS,
REVIEW,cmt79ihwt001h84iy9ye6u3j2,Prenatal,cmt79ii0a001i84iy9nr3cfur,Prénatal ΗΡΑΚΛΕΙΟ ΚΡΗΤΗΣ 2,"ΚΑΛΟΚΑΙΡΙΝΟΥ 215, 71201 ΗΡΑΚΛΕΙΟ ΚΡΗΤΗΣ",,,,712 01,,,,https://prenatal.gr/gift-card/,,INCOMPLETE_ADDRESS,
REVIEW,cmt79ihwt001h84iy9ye6u3j2,Prenatal,cmt79ii0a001i84iy9nr3cfur,Prénatal ΠΛΑΤΕΙΑ ODEON Θεσσαλονίκη,"ΤΣΙΜΙΣΚΗ 43, 54623 ΘΕΣΣΑΛΟΝΙΚΗ",,,,546 23,,,,https://prenatal.gr/gift-card/,,INCOMPLETE_ADDRESS,
REVIEW,cmt79ihwt001h84iy9ye6u3j2,Prenatal,cmt79ii0a001i84iy9nr3cfur,Prénatal AVENUE,"Λεωφ. Κηφισίας 41-47, Μαρούσι 151 23, Ελλάδα",,,,151 23,,,,https://prenatal.gr/gift-card/,,INCOMPLETE_ADDRESS,
REVIEW,cmt79ihwt001h84iy9ye6u3j2,Prenatal,cmt79ii0a001i84iy9nr3cfur,Prénatal ΚΑΛΑΜΑΤΑ,"ΑΡΙΣΤΟΜΕΝΟΥΣ 12, 24100 ΚΑΛΑΜΑΤΑ, ΕΛΛΑΔΑ",,,,241 00,,,,https://prenatal.gr/gift-card/,,INCOMPLETE_ADDRESS,
REVIEW,cmt79ihwt001h84iy9ye6u3j2,Prenatal,cmt79ii0a001i84iy9nr3cfur,Prénatal ΒΟΛΟΣ,"Δημητριάδος 116 και Τοπάλη, 38221 ΒΟΛΟΣ",,,,382 21,,,,https://prenatal.gr/gift-card/,,INCOMPLETE_ADDRESS,
REVIEW,cmt79ihwt001h84iy9ye6u3j2,Prenatal,cmt79ii0a001i84iy9nr3cfur,ΝΕΟ Prénatal megastore ΘΕΣΣΑΛΟΝΙΚΗΣ,"11ο χλμ Θεσσαλονίκης - Aεροδρομίου, 57001 Θεσσαλονίκη (Δεξιά πλευρά)",,,,570 01,,,,https://prenatal.gr/stores/,,INCOMPLETE_ADDRESS,
REVIEW,cmt79ihwt001h84iy9ye6u3j2,Prenatal,cmt79ii0a001i84iy9nr3cfur,Prénatal megastore ΑΓΙΑΣ ΠΑΡΑΣΚΕΥΗΣ Νέο!,"Λεωφ. Μεσογείων 479 Αγία Παρασκευή, 153 43, Ελλάδα",,,,153 43,,,,https://prenatal.gr/stores/,,INCOMPLETE_ADDRESS,
REVIEW,cmt79ihwt001h84iy9ye6u3j2,Prenatal,cmt79ii0a001i84iy9nr3cfur,Prénatal ΚΟΖΑΝΗ,"11ης Οκτωβρίου 37, 50132 Κοζάνη",,,,501 32,,,,https://prenatal.gr/stores/,,INCOMPLETE_ADDRESS,
REVIEW,cmt79ihwt001h84iy9ye6u3j2,Prenatal,cmt79ii0a001i84iy9nr3cfur,Prénatal ΚΑΡΔΙΤΣΑ,"Σμύρνης 3, 43100 Καρδίτσα",,,,431 00,,,,https://prenatal.gr/stores/,,INCOMPLETE_ADDRESS,
REVIEW,cmt79ihwt001h84iy9ye6u3j2,Prenatal,cmt79ii0a001i84iy9nr3cfur,Prénatal ΚΕΡΚΥΡΑ,"ΛΕΩΦΟΡΟΣ ΕΠΤΑΝΗΣΟΥ (περιοχή Τρία Γεφύρια), 49100 Κέρκυρα",,,,491 00,,,,https://prenatal.gr/stores/,,INCOMPLETE_ADDRESS,
REVIEW,cmt79ihwt001h84iy9ye6u3j2,Prenatal,cmt79ii0a001i84iy9nr3cfur,Prénatal ΗΡΑΚΛΕΙΟ ΚΡΗΤΗΣ 3,"Αβέρωφ 1, 71201 Ηράκλειο Κρήτης",,,,712 01,,,,https://prenatal.gr/stores/,,INCOMPLETE_ADDRESS,
REVIEW,cmt79ihwt001h84iy9ye6u3j2,Prenatal,cmt79ii0a001i84iy9nr3cfur,Prénatal megastore THE MALL ATHENS,"Ανδρέα Παπανδρέου 35 15122, Μαρούσι, Ελλάδα",,,,151 22,,,,https://prenatal.gr/stores/,,INCOMPLETE_ADDRESS,
REVIEW,cmt79ihwt001h84iy9ye6u3j2,Prenatal,cmt79ii0a001i84iy9nr3cfur,Prénatal megastore RIVER WEST Νέος χώρος,"Παρ. Λεωφόρου Κηφισού 96, Αιγάλεω 122 41, Ελλάδα",,,,122 41,,,,https://prenatal.gr/stores/,,INCOMPLETE_ADDRESS,
REVIEW,cmt79ihwt001h84iy9ye6u3j2,Prenatal,cmt79ii0a001i84iy9nr3cfur,Prénatal ATHENS METRO MALL,"Παρ. Λεωφ. Βουλιαγμένης 276, Αγ. Δημήτριος 173 43, Ελλάδα",,,,173 43,,,,https://prenatal.gr/stores/,,INCOMPLETE_ADDRESS,
REVIEW,cmt79ihwt001h84iy9ye6u3j2,Prenatal,cmt79ii0a001i84iy9nr3cfur,Prénatal ΛΑΡΙΣΑ,"ΑΛΕΞ. ΠΑΝΑΓΟΥΛΗ 32, 41222 ΛΑΡΙΣΑ",,,,412 22,,,,https://prenatal.gr/stores/,,INCOMPLETE_ADDRESS,
REVIEW,cmt79ihwt001h84iy9ye6u3j2,Prenatal,cmt79ii0a001i84iy9nr3cfur,Prénatal ΡΟΔΟΣ,"ΕΘΝΙΚΗΣ ΑΝΤΙΣΤΑΣΕΩΣ 54, 85100 ΡΟΔΟΣ",,,,851 00,,,,https://prenatal.gr/stores/,,INCOMPLETE_ADDRESS,
REVIEW,cmt79ihwt001h84iy9ye6u3j2,Prenatal,cmt79ii0a001i84iy9nr3cfur,Prénatal ΡΕΘΥΜΝΟ,"ΕΜΜΑΝΟΥΗΛ ΠΟΡΤΑΛΙΟΥ 31, 74100 ΡΕΘΥΜΝΟ",,,,741 00,,,,https://prenatal.gr/stores/,,INCOMPLETE_ADDRESS,
REVIEW,cmt79ihwt001h84iy9ye6u3j2,Prenatal,cmt79ii0a001i84iy9nr3cfur,Prénatal ΧΑΝΙΑ,"ΜΥΛΩΝΟΓΙΑΝΝΗ 21, 73135 ΧΑΝΙΑ",,,,731 35,,,,https://prenatal.gr/stores/,,INCOMPLETE_ADDRESS,
REVIEW,cmt79ihwt001h84iy9ye6u3j2,Prenatal,cmt79ii0a001i84iy9nr3cfur,Prénatal Mediterranean Cosmos Θεσσαλονίκη,"11οχλμ. οδού Θεσ/νίκης - Μουδανιών, Θεσσαλονίκη 570 01",,,,570 01,,,,https://prenatal.gr/stores/,,INCOMPLETE_ADDRESS,
REVIEW,cmt79ihwt001h84iy9ye6u3j2,Prenatal,cmt79ii0a001i84iy9nr3cfur,Prénatal ΗΡΑΚΛΕΙΟ ΚΡΗΤΗΣ 2,"ΚΑΛΟΚΑΙΡΙΝΟΥ 215, 71201 ΗΡΑΚΛΕΙΟ ΚΡΗΤΗΣ",,,,712 01,,,,https://prenatal.gr/stores/,,INCOMPLETE_ADDRESS,
REVIEW,cmt79ihwt001h84iy9ye6u3j2,Prenatal,cmt79ii0a001i84iy9nr3cfur,Prénatal ΠΛΑΤΕΙΑ ODEON Θεσσαλονίκη,"ΤΣΙΜΙΣΚΗ 43, 54623 ΘΕΣΣΑΛΟΝΙΚΗ",,,,546 23,,,,https://prenatal.gr/stores/,,INCOMPLETE_ADDRESS,
REVIEW,cmt79ihwt001h84iy9ye6u3j2,Prenatal,cmt79ii0a001i84iy9nr3cfur,Prénatal AVENUE,"Λεωφ. Κηφισίας 41-47, Μαρούσι 151 23, Ελλάδα",,,,151 23,,,,https://prenatal.gr/stores/,,INCOMPLETE_ADDRESS,
REVIEW,cmt79ihwt001h84iy9ye6u3j2,Prenatal,cmt79ii0a001i84iy9nr3cfur,Prénatal ΚΑΛΑΜΑΤΑ,"ΑΡΙΣΤΟΜΕΝΟΥΣ 12, 24100 ΚΑΛΑΜΑΤΑ, ΕΛΛΑΔΑ",,,,241 00,,,,https://prenatal.gr/stores/,,INCOMPLETE_ADDRESS,
REVIEW,cmt79ihwt001h84iy9ye6u3j2,Prenatal,cmt79ii0a001i84iy9nr3cfur,Prénatal ΒΟΛΟΣ,"Δημητριάδος 116 και Τοπάλη, 38221 ΒΟΛΟΣ",,,,382 21,,,,https://prenatal.gr/stores/,,INCOMPLETE_ADDRESS,
REVIEW,cmt79ihwt001h84iy9ye6u3j2,Prenatal,cmt79ii0a001i84iy9nr3cfur,ΝΕΟ Prénatal megastore ΘΕΣΣΑΛΟΝΙΚΗΣ,"11ο χλμ Θεσσαλονίκης - Aεροδρομίου, 57001 Θεσσαλονίκη (Δεξιά πλευρά)",,,,570 01,,,,https://prenatal.gr/personal-shopper/,,INCOMPLETE_ADDRESS,
REVIEW,cmt79ihwt001h84iy9ye6u3j2,Prenatal,cmt79ii0a001i84iy9nr3cfur,Prénatal megastore ΑΓΙΑΣ ΠΑΡΑΣΚΕΥΗΣ Νέο!,"Λεωφ. Μεσογείων 479 Αγία Παρασκευή, 153 43, Ελλάδα",,,,153 43,,,,https://prenatal.gr/personal-shopper/,,INCOMPLETE_ADDRESS,
REVIEW,cmt79ihwt001h84iy9ye6u3j2,Prenatal,cmt79ii0a001i84iy9nr3cfur,Prénatal ΚΟΖΑΝΗ,"11ης Οκτωβρίου 37, 50132 Κοζάνη",,,,501 32,,,,https://prenatal.gr/personal-shopper/,,INCOMPLETE_ADDRESS,
REVIEW,cmt79ihwt001h84iy9ye6u3j2,Prenatal,cmt79ii0a001i84iy9nr3cfur,Prénatal ΚΑΡΔΙΤΣΑ,"Σμύρνης 3, 43100 Καρδίτσα",,,,431 00,,,,https://prenatal.gr/personal-shopper/,,INCOMPLETE_ADDRESS,
REVIEW,cmt79ihwt001h84iy9ye6u3j2,Prenatal,cmt79ii0a001i84iy9nr3cfur,Prénatal ΚΕΡΚΥΡΑ,"ΛΕΩΦΟΡΟΣ ΕΠΤΑΝΗΣΟΥ (περιοχή Τρία Γεφύρια), 49100 Κέρκυρα",,,,491 00,,,,https://prenatal.gr/personal-shopper/,,INCOMPLETE_ADDRESS,
REVIEW,cmt79ihwt001h84iy9ye6u3j2,Prenatal,cmt79ii0a001i84iy9nr3cfur,Prénatal ΗΡΑΚΛΕΙΟ ΚΡΗΤΗΣ 3,"Αβέρωφ 1, 71201 Ηράκλειο Κρήτης",,,,712 01,,,,https://prenatal.gr/personal-shopper/,,INCOMPLETE_ADDRESS,
REVIEW,cmt79ihwt001h84iy9ye6u3j2,Prenatal,cmt79ii0a001i84iy9nr3cfur,Prénatal megastore THE MALL ATHENS,"Ανδρέα Παπανδρέου 35 15122, Μαρούσι, Ελλάδα",,,,151 22,,,,https://prenatal.gr/personal-shopper/,,INCOMPLETE_ADDRESS,
REVIEW,cmt79ihwt001h84iy9ye6u3j2,Prenatal,cmt79ii0a001i84iy9nr3cfur,Prénatal megastore RIVER WEST Νέος χώρος,"Παρ. Λεωφόρου Κηφισού 96, Αιγάλεω 122 41, Ελλάδα",,,,122 41,,,,https://prenatal.gr/personal-shopper/,,INCOMPLETE_ADDRESS,
REVIEW,cmt79ihwt001h84iy9ye6u3j2,Prenatal,cmt79ii0a001i84iy9nr3cfur,Prénatal ATHENS METRO MALL,"Παρ. Λεωφ. Βουλιαγμένης 276, Αγ. Δημήτριος 173 43, Ελλάδα",,,,173 43,,,,https://prenatal.gr/personal-shopper/,,INCOMPLETE_ADDRESS,
REVIEW,cmt79ihwt001h84iy9ye6u3j2,Prenatal,cmt79ii0a001i84iy9nr3cfur,Prénatal ΛΑΡΙΣΑ,"ΑΛΕΞ. ΠΑΝΑΓΟΥΛΗ 32, 41222 ΛΑΡΙΣΑ",,,,412 22,,,,https://prenatal.gr/personal-shopper/,,INCOMPLETE_ADDRESS,
REVIEW,cmt79ihwt001h84iy9ye6u3j2,Prenatal,cmt79ii0a001i84iy9nr3cfur,Prénatal ΡΟΔΟΣ,"ΕΘΝΙΚΗΣ ΑΝΤΙΣΤΑΣΕΩΣ 54, 85100 ΡΟΔΟΣ",,,,851 00,,,,https://prenatal.gr/personal-shopper/,,INCOMPLETE_ADDRESS,
REVIEW,cmt79ihwt001h84iy9ye6u3j2,Prenatal,cmt79ii0a001i84iy9nr3cfur,Prénatal ΡΕΘΥΜΝΟ,"ΕΜΜΑΝΟΥΗΛ ΠΟΡΤΑΛΙΟΥ 31, 74100 ΡΕΘΥΜΝΟ",,,,741 00,,,,https://prenatal.gr/personal-shopper/,,INCOMPLETE_ADDRESS,
REVIEW,cmt79ihwt001h84iy9ye6u3j2,Prenatal,cmt79ii0a001i84iy9nr3cfur,Prénatal ΧΑΝΙΑ,"ΜΥΛΩΝΟΓΙΑΝΝΗ 21, 73135 ΧΑΝΙΑ",,,,731 35,,,,https://prenatal.gr/personal-shopper/,,INCOMPLETE_ADDRESS,
REVIEW,cmt79ihwt001h84iy9ye6u3j2,Prenatal,cmt79ii0a001i84iy9nr3cfur,Prénatal Mediterranean Cosmos Θεσσαλονίκη,"11οχλμ. οδού Θεσ/νίκης - Μουδανιών, Θεσσαλονίκη 570 01",,,,570 01,,,,https://prenatal.gr/personal-shopper/,,INCOMPLETE_ADDRESS,
REVIEW,cmt79ihwt001h84iy9ye6u3j2,Prenatal,cmt79ii0a001i84iy9nr3cfur,Prénatal ΗΡΑΚΛΕΙΟ ΚΡΗΤΗΣ 2,"ΚΑΛΟΚΑΙΡΙΝΟΥ 215, 71201 ΗΡΑΚΛΕΙΟ ΚΡΗΤΗΣ",,,,712 01,,,,https://prenatal.gr/personal-shopper/,,INCOMPLETE_ADDRESS,
REVIEW,cmt79ihwt001h84iy9ye6u3j2,Prenatal,cmt79ii0a001i84iy9nr3cfur,Prénatal ΠΛΑΤΕΙΑ ODEON Θεσσαλονίκη,"ΤΣΙΜΙΣΚΗ 43, 54623 ΘΕΣΣΑΛΟΝΙΚΗ",,,,546 23,,,,https://prenatal.gr/personal-shopper/,,INCOMPLETE_ADDRESS,
REVIEW,cmt79ihwt001h84iy9ye6u3j2,Prenatal,cmt79ii0a001i84iy9nr3cfur,Prénatal AVENUE,"Λεωφ. Κηφισίας 41-47, Μαρούσι 151 23, Ελλάδα",,,,151 23,,,,https://prenatal.gr/personal-shopper/,,INCOMPLETE_ADDRESS,
REVIEW,cmt79ihwt001h84iy9ye6u3j2,Prenatal,cmt79ii0a001i84iy9nr3cfur,Prénatal ΚΑΛΑΜΑΤΑ,"ΑΡΙΣΤΟΜΕΝΟΥΣ 12, 24100 ΚΑΛΑΜΑΤΑ, ΕΛΛΑΔΑ",,,,241 00,,,,https://prenatal.gr/personal-shopper/,,INCOMPLETE_ADDRESS,
REVIEW,cmt79ihwt001h84iy9ye6u3j2,Prenatal,cmt79ii0a001i84iy9nr3cfur,Prénatal ΒΟΛΟΣ,"Δημητριάδος 116 και Τοπάλη, 38221 ΒΟΛΟΣ",,,,382 21,,,,https://prenatal.gr/personal-shopper/,,INCOMPLETE_ADDRESS,
REVIEW,cmt79ihwt001h84iy9ye6u3j2,Prenatal,cmt79ii0a001i84iy9nr3cfur,ΝΕΟ Prénatal megastore ΘΕΣΣΑΛΟΝΙΚΗΣ,"11ο χλμ Θεσσαλονίκης - Aεροδρομίου, 57001 Θεσσαλονίκη (Δεξιά πλευρά)",,,,570 01,,,,https://prenatal.gr/privacy-policy/,,INCOMPLETE_ADDRESS,
REVIEW,cmt79ihwt001h84iy9ye6u3j2,Prenatal,cmt79ii0a001i84iy9nr3cfur,Prénatal megastore ΑΓΙΑΣ ΠΑΡΑΣΚΕΥΗΣ Νέο!,"Λεωφ. Μεσογείων 479 Αγία Παρασκευή, 153 43, Ελλάδα",,,,153 43,,,,https://prenatal.gr/privacy-policy/,,INCOMPLETE_ADDRESS,
REVIEW,cmt79ihwt001h84iy9ye6u3j2,Prenatal,cmt79ii0a001i84iy9nr3cfur,Prénatal ΚΟΖΑΝΗ,"11ης Οκτωβρίου 37, 50132 Κοζάνη",,,,501 32,,,,https://prenatal.gr/privacy-policy/,,INCOMPLETE_ADDRESS,
REVIEW,cmt79ihwt001h84iy9ye6u3j2,Prenatal,cmt79ii0a001i84iy9nr3cfur,Prénatal ΚΑΡΔΙΤΣΑ,"Σμύρνης 3, 43100 Καρδίτσα",,,,431 00,,,,https://prenatal.gr/privacy-policy/,,INCOMPLETE_ADDRESS,
REVIEW,cmt79ihwt001h84iy9ye6u3j2,Prenatal,cmt79ii0a001i84iy9nr3cfur,Prénatal ΚΕΡΚΥΡΑ,"ΛΕΩΦΟΡΟΣ ΕΠΤΑΝΗΣΟΥ (περιοχή Τρία Γεφύρια), 49100 Κέρκυρα",,,,491 00,,,,https://prenatal.gr/privacy-policy/,,INCOMPLETE_ADDRESS,
REVIEW,cmt79ihwt001h84iy9ye6u3j2,Prenatal,cmt79ii0a001i84iy9nr3cfur,Prénatal ΗΡΑΚΛΕΙΟ ΚΡΗΤΗΣ 3,"Αβέρωφ 1, 71201 Ηράκλειο Κρήτης",,,,712 01,,,,https://prenatal.gr/privacy-policy/,,INCOMPLETE_ADDRESS,
REVIEW,cmt79ihwt001h84iy9ye6u3j2,Prenatal,cmt79ii0a001i84iy9nr3cfur,Prénatal megastore THE MALL ATHENS,"Ανδρέα Παπανδρέου 35 15122, Μαρούσι, Ελλάδα",,,,151 22,,,,https://prenatal.gr/privacy-policy/,,INCOMPLETE_ADDRESS,
REVIEW,cmt79ihwt001h84iy9ye6u3j2,Prenatal,cmt79ii0a001i84iy9nr3cfur,Prénatal megastore RIVER WEST Νέος χώρος,"Παρ. Λεωφόρου Κηφισού 96, Αιγάλεω 122 41, Ελλάδα",,,,122 41,,,,https://prenatal.gr/privacy-policy/,,INCOMPLETE_ADDRESS,
REVIEW,cmt79ihwt001h84iy9ye6u3j2,Prenatal,cmt79ii0a001i84iy9nr3cfur,Prénatal ATHENS METRO MALL,"Παρ. Λεωφ. Βουλιαγμένης 276, Αγ. Δημήτριος 173 43, Ελλάδα",,,,173 43,,,,https://prenatal.gr/privacy-policy/,,INCOMPLETE_ADDRESS,
REVIEW,cmt79ihwt001h84iy9ye6u3j2,Prenatal,cmt79ii0a001i84iy9nr3cfur,Prénatal ΛΑΡΙΣΑ,"ΑΛΕΞ. ΠΑΝΑΓΟΥΛΗ 32, 41222 ΛΑΡΙΣΑ",,,,412 22,,,,https://prenatal.gr/privacy-policy/,,INCOMPLETE_ADDRESS,
REVIEW,cmt79ihwt001h84iy9ye6u3j2,Prenatal,cmt79ii0a001i84iy9nr3cfur,Prénatal ΡΟΔΟΣ,"ΕΘΝΙΚΗΣ ΑΝΤΙΣΤΑΣΕΩΣ 54, 85100 ΡΟΔΟΣ",,,,851 00,,,,https://prenatal.gr/privacy-policy/,,INCOMPLETE_ADDRESS,
REVIEW,cmt79ihwt001h84iy9ye6u3j2,Prenatal,cmt79ii0a001i84iy9nr3cfur,Prénatal ΡΕΘΥΜΝΟ,"ΕΜΜΑΝΟΥΗΛ ΠΟΡΤΑΛΙΟΥ 31, 74100 ΡΕΘΥΜΝΟ",,,,741 00,,,,https://prenatal.gr/privacy-policy/,,INCOMPLETE_ADDRESS,
REVIEW,cmt79ihwt001h84iy9ye6u3j2,Prenatal,cmt79ii0a001i84iy9nr3cfur,Prénatal ΧΑΝΙΑ,"ΜΥΛΩΝΟΓΙΑΝΝΗ 21, 73135 ΧΑΝΙΑ",,,,731 35,,,,https://prenatal.gr/privacy-policy/,,INCOMPLETE_ADDRESS,
REVIEW,cmt79ihwt001h84iy9ye6u3j2,Prenatal,cmt79ii0a001i84iy9nr3cfur,Prénatal Mediterranean Cosmos Θεσσαλονίκη,"11οχλμ. οδού Θεσ/νίκης - Μουδανιών, Θεσσαλονίκη 570 01",,,,570 01,,,,https://prenatal.gr/privacy-policy/,,INCOMPLETE_ADDRESS,
REVIEW,cmt79ihwt001h84iy9ye6u3j2,Prenatal,cmt79ii0a001i84iy9nr3cfur,Prénatal ΗΡΑΚΛΕΙΟ ΚΡΗΤΗΣ 2,"ΚΑΛΟΚΑΙΡΙΝΟΥ 215, 71201 ΗΡΑΚΛΕΙΟ ΚΡΗΤΗΣ",,,,712 01,,,,https://prenatal.gr/privacy-policy/,,INCOMPLETE_ADDRESS,
REVIEW,cmt79ihwt001h84iy9ye6u3j2,Prenatal,cmt79ii0a001i84iy9nr3cfur,Prénatal ΠΛΑΤΕΙΑ ODEON Θεσσαλονίκη,"ΤΣΙΜΙΣΚΗ 43, 54623 ΘΕΣΣΑΛΟΝΙΚΗ",,,,546 23,,,,https://prenatal.gr/privacy-policy/,,INCOMPLETE_ADDRESS,
REVIEW,cmt79ihwt001h84iy9ye6u3j2,Prenatal,cmt79ii0a001i84iy9nr3cfur,Prénatal AVENUE,"Λεωφ. Κηφισίας 41-47, Μαρούσι 151 23, Ελλάδα",,,,151 23,,,,https://prenatal.gr/privacy-policy/,,INCOMPLETE_ADDRESS,
REVIEW,cmt79ihwt001h84iy9ye6u3j2,Prenatal,cmt79ii0a001i84iy9nr3cfur,Prénatal ΚΑΛΑΜΑΤΑ,"ΑΡΙΣΤΟΜΕΝΟΥΣ 12, 24100 ΚΑΛΑΜΑΤΑ, ΕΛΛΑΔΑ",,,,241 00,,,,https://prenatal.gr/privacy-policy/,,INCOMPLETE_ADDRESS,
REVIEW,cmt79ihwt001h84iy9ye6u3j2,Prenatal,cmt79ii0a001i84iy9nr3cfur,Prénatal ΒΟΛΟΣ,"Δημητριάδος 116 και Τοπάλη, 38221 ΒΟΛΟΣ",,,,382 21,,,,https://prenatal.gr/privacy-policy/,,INCOMPLETE_ADDRESS,
REVIEW,cmta1nn2w00xnq8iysyd20gzz,Pret A Beaute,cmta1nn9k00xoq8iyzh4ts5tj,PRET A BEAUTE,"Metamorfoseos 26B, Xalandri",Athens,,,152 34,,,,https://pret-a-beaute.gr/,,ORGANIZATION_OR_UNTYPED_ADDRESS_NOT_PROVEN_AS_CUSTOMER_LOCATION,
REVIEW,cmta1nnlj00xpq8iyi0360ygm,Profitstore,cmta1nnui00xqq8iyverz0w50,ProfitStore,"Ρουμπέση 41, Νέος Κόσμος",Αθήνα,,,117 44,,,,https://www.profitstore.gr/,,ORGANIZATION_OR_UNTYPED_ADDRESS_NOT_PROVEN_AS_CUSTOMER_LOCATION,
REVIEW,cmt8hesrb000fa8iycuggb6wc,Puma Greece,cmt8hesz5000ga8iykmbj9m8y,PUMA Europe,PUMA WAY 1,Herzogenaurach,,,910 74,,,,https://eu.puma.com/de/en,,ORGANIZATION_OR_UNTYPED_ADDRESS_NOT_PROVEN_AS_CUSTOMER_LOCATION,
REVIEW,cmta5nwum001w54iy1kd87zna,Purity Vision COM,cmta5nwz8001x54iybk0fzt5z,Purity Vision,Lužná 716/2,Praha,,,160 00,,,,https://www.purityvision.gr/,,ORGANIZATION_OR_UNTYPED_ADDRESS_NOT_PROVEN_AS_CUSTOMER_LOCATION,
REVIEW,cmtb77y00005adkiya4pa2gzm,Quad & Buggy Safari Crete,cmtb77y4v005bdkiyuijz0q0u,Alligator Quad & Buggy Safari Tours,Cretan Camping,Gouves,,,700 14,,,,https://www.offroadcrete.gr/,,STREET_NUMBER_MISSING,
REVIEW,cmta1k1x700jhq8iyxupg6exd,Romeo,cmta1k23q00jiq8iynvqcl54v,Romeo Restaurant,7-9 Menekleous,Rhodes Old Town,,,851 00,,,,https://www.romeo.gr/,,DUPLICATE_ROMEO_ADDRESS_WITH_NEIGHBORHOOD_IN_CITY_FIELD,
REVIEW,cmt79iigj001n84iyrxcwpcru,Rundome,cmt79iijr001o84iy0hpx0a15,Rundome,,,,,,,,,https://www.rundome.gr/,,INCOMPLETE_ADDRESS,
REVIEW,cmt79iigj001n84iyrxcwpcru,Rundome,cmt79iijr001o84iy0hpx0a15,Rundome,,,,,,,,,https://www.rundome.gr/el/content/239-giftcards-rundome,,INCOMPLETE_ADDRESS,
REVIEW,cmt79ij0d001t84iy7iqoptyj,SKY express,cmt79ij3n001u84iydsqgy4zg,SKY express,"Building 48, Athens International Airport 'El. Venizelos'","Spata , Athens",,,190 19,,,,https://www.skyexpress.gr/el,,ORGANIZATION_OR_UNTYPED_ADDRESS_NOT_PROVEN_AS_CUSTOMER_LOCATION,
REVIEW,cmta1l2w200npq8iy2rvlbig1,Safestep,cmta1l31m00nqq8iy3ycqvzn2,Safe Step,,,,,,,,,https://safestep.gr/,,INCOMPLETE_ADDRESS,
REVIEW,cmtb7i1i0000w04iys9w2oqz8,Santorini Zen Spa,cmtb7i1na000x04iyenncco9w,Santorini Zen Spa,,Santorini,,,,,,,https://www.santorinizenspa.com/,,INCOMPLETE_ADDRESS,
REVIEW,cmtb7i1i0000w04iys9w2oqz8,Santorini Zen Spa,cmtb7i1na000x04iyenncco9w,Santorini Zen Spa,,Santorini,,,,,,,https://www.santorinizenspa.com/zen-spa-gift-voucher-program.html,,INCOMPLETE_ADDRESS,
REVIEW,cmtb7i1i0000w04iys9w2oqz8,Santorini Zen Spa,cmtb7i1na000x04iyenncco9w,Santorini Zen Spa,,Santorini,,,,,,,https://www.santorinizenspa.com/location.html,,INCOMPLETE_ADDRESS,
REVIEW,cmtb7i1i0000w04iys9w2oqz8,Santorini Zen Spa,cmtb7i1na000x04iyenncco9w,Santorini Zen Spa,,Santorini,,,,,,,https://www.santorinizenspa.com/contact.html,,INCOMPLETE_ADDRESS,
REVIEW,cmtb7i1i0000w04iys9w2oqz8,Santorini Zen Spa,cmtb7i1na000x04iyenncco9w,Santorini Zen Spa,,Santorini,,,,,,,https://www.santorinizenspa.com/couples-spa-massage-in-imerovigli.html,,INCOMPLETE_ADDRESS,
