bucket,merchantId,merchantName,giftCardId,sourceUrl,method,schemaTypes,label,streetAddress,city,region,postalCode,country,latitude,longitude,normalizedKey,reason
REVIEW,cmtb6udw300003giywjrb4w57,5star Travel,cmtb6ue1m00013giy0vcuqr01,https://www.5star-travel.gr/,JSON_LD,,,,,,,,37.9766127,23.7251161,,INCOMPLETE_ADDRESS
SAFE,cmta4y7vg0004sciy2y9wokq6,Agigma,cmta4y81w0005sciybyesa197,https://agigma.gr/,JSON_LD,HealthAndBeautyBusiness | Organization,Agigma Holistic Spa,Mahiton Sholis Chorofilakis 7,Rethymno,crete,741 00,Greece,0,0,4aa80508a2fc7ec87b76af277a88e662,OFFICIAL_PHYSICAL_BUSINESS_JSON_LD_WITH_COMPLETE_POSTAL_ADDRESS
REVIEW,cmtb6uffz00083giyn667ly3j,Alhimistis Bags,cmtb6ufkl00093giymppi9r6l,https://alhimistisbags.gr/,JSON_LD,Organization | Place | Store,Alhimistis Bags,,,,,,37.9832174,23.7300456,,INCOMPLETE_ADDRESS
REVIEW,cmtb6uffz00083giyn667ly3j,Alhimistis Bags,cmtb6ufkl00093giymppi9r6l,https://alhimistisbags.gr/product/dwroepitagh-alhimistis-bags/,JSON_LD,Organization | Place | Store,Alhimistis Bags,,,,,,37.9832174,23.7300456,,INCOMPLETE_ADDRESS
SAFE,cmtb77z45005gdkiyowzvvqms,Angels Boutique,cmtb77z8g005hdkiybcw8e79m,https://www.angels-boutique.gr/,JSON_LD,ClothingStore,Angels Boutique,Tzavella 26,Evosmos,Thessaloniki,562 24,Greece,0,0,2a1a758640805a2188b4d1d8009f1144,OFFICIAL_PHYSICAL_BUSINESS_JSON_LD_WITH_COMPLETE_POSTAL_ADDRESS
SAFE,cmta1g2lu004iq8iyuc7d7h3h,Anthemion Flowers,cmta1g2s8004jq8iyfscrgkeo,https://anthemionflowers.com/attica_el,JSON_LD,OnlineStore,Anthemion Flowers,Λ. Θηβών 499,"Αιγάλεω, Αθήνα",Αττική,122 43,GR,0,0,258177acdee17708d34ca4310dadec7e,OFFICIAL_PHYSICAL_BUSINESS_JSON_LD_WITH_COMPLETE_POSTAL_ADDRESS
SAFE,cmtikaq840000csiynr88cto8,Antithesis Clothing,cmtb77r83004bdkiycl9k0utt,https://antithesisclothing.gr/,JSON_LD,ClothingStore,Antithesis Clothing,Νικολάου Πλαστήρα 2 Διαβατά,Θεσσαλονίκη,,570 08,GR,40.6899829,22.855066,000323c25f4fbb336266e32c7e393944,OFFICIAL_PHYSICAL_BUSINESS_JSON_LD_WITH_COMPLETE_POSTAL_ADDRESS
SAFE,cmtb770ps000idkiyolfowk77,Archives,cmtb770up000jdkiys2xgzyjl,https://cicado.gr/,JSON_LD,Organization | OnlineStore | ClothingStore,Cicado Creative Studio,Αγίας Παρασκευής 32,Χαλάνδρι,Αττική,152 32,GR,0,0,1e7357e5b40a16933bc084b42b62a4f8,OFFICIAL_PHYSICAL_BUSINESS_JSON_LD_WITH_COMPLETE_POSTAL_ADDRESS
SAFE,cmtb770ps000idkiyolfowk77,Archives,cmtb770up000jdkiys2xgzyjl,https://cicado.gr/en/product-category/gift-cards/,JSON_LD,Organization | OnlineStore | ClothingStore,Cicado Creative Studio,Agias Paraskevis 32,Chalandri,Attica,152 32,GR,0,0,a8f0ae565c44e1f12fa2b00fe553f71f,OFFICIAL_PHYSICAL_BUSINESS_JSON_LD_WITH_COMPLETE_POSTAL_ADDRESS
REVIEW,cmta1gh86005xq8iydzgewhf3,Artmie,cmta1ghdm005yq8iy044r8ucx,https://artmie.gr/,JSON_LD,OnlineStore,ARTMIE,Strojárska 603/85,Snina,,069 01,SK,0,0,cf8184d1976233323497941334f1463c,NON_GREEK_LOCATION_REVIEW
REVIEW,cmta1fhz7002gq8iyyert5tbx,AstronGameClub,cmta1fi60002hq8iyf9s9le0u,https://www.astrongameclub.gr/,JSON_LD,Place,,Λ. Πάρνηθος 99,,Αχαρνές,136 71,Greece,0,0,,INCOMPLETE_ADDRESS
REVIEW,cmta1fhz7002gq8iyyert5tbx,AstronGameClub,cmta1fi60002hq8iyf9s9le0u,https://www.astrongameclub.gr/,JSON_LD,ElectronicsStore | Organization,AstronGameClub,Λ. Πάρνηθος 99,,Αχαρνές,136 71,Greece,0,0,,INCOMPLETE_ADDRESS
REVIEW,cmta1fhz7002gq8iyyert5tbx,AstronGameClub,cmta1fi60002hq8iyf9s9le0u,https://www.astrongameclub.gr/gift-card/,JSON_LD,Place,,Λ. Πάρνηθος 99,,Αχαρνές,136 71,Greece,0,0,,INCOMPLETE_ADDRESS
REVIEW,cmta1fhz7002gq8iyyert5tbx,AstronGameClub,cmta1fi60002hq8iyf9s9le0u,https://www.astrongameclub.gr/gift-card/,JSON_LD,ElectronicsStore | Organization,AstronGameClub,Λ. Πάρνηθος 99,,Αχαρνές,136 71,Greece,0,0,,INCOMPLETE_ADDRESS
REVIEW,cmta5nlc8000654iynn5wpmru,Athens Green Apartments,cmta5nlif000754iynlqaag0t,https://athensgreen.gr/,JSON_LD,Organization,Athens Green Apartments,25 Agras St.,Athens,Panathenaic Stadium,116 35,GR,0,0,7bfccabb2a1f7cc4e2829597e15b5500,ORGANIZATION_OR_UNTYPED_ADDRESS_NOT_PROVEN_AS_CUSTOMER_LOCATION
SAFE,cmta1hfri008tq8iyyvmypizt,Athensmassagecenter,cmta1hfz2008uq8iykkf41lee,https://athensmassagecenter.gr/,JSON_LD,DaySpa,Athens Massage Center,Αμφείας 14,Αθήνα,,114 75,GR,37.994373624754665,23.751516152367763,dd2cdce1feb07555098274bca138b13f,OFFICIAL_PHYSICAL_BUSINESS_JSON_LD_WITH_COMPLETE_POSTAL_ADDRESS
SAFE,cmta1lkoo00pnq8iy3a0nyj35,Avgerinospharmacy,cmta1lkvc00poq8iyrf4ok9ea,https://avgerinospharmacy.gr/,JSON_LD,Store,Avgerinos Pharmacy,Leoforos Vasileos Konstantinou 138,Koropi,East Attica,194 00,GR,0,0,edc76affca01d1f9093248d2b14d8bcd,OFFICIAL_PHYSICAL_BUSINESS_JSON_LD_WITH_COMPLETE_POSTAL_ADDRESS
SAFE,cmta1mjw600tdq8iy2ln2bbdn,Babyvalia,cmta1mk2p00teq8iywlymg7ut,https://babyvalia.gr/,JSON_LD,LocalBusiness | Organization,Βabyvalia Collections,Αθηνάς 75,Ίλιον,Αθήνα,131 22,Greece,0,0,75c0d45d7d17258290bf6a825a3fe5d9,OFFICIAL_PHYSICAL_BUSINESS_JSON_LD_WITH_COMPLETE_POSTAL_ADDRESS
REVIEW,cmtb77rzv004edkiyu06p2n1l,Badila,cmtb77s4y004fdkiyo03xtcof,https://www.badila.gr/el-gr/,JSON_LD,Organization,Badila.gr,Monemvasias 60 Nea Filadelfia,Athens,,143 41,GR,0,0,2a772d43412b5846b3f78070f2c9b74e,ORGANIZATION_OR_UNTYPED_ADDRESS_NOT_PROVEN_AS_CUSTOMER_LOCATION
SAFE,cmta1hjup0095q8iyvtvlgy9z,Beautybliss,cmta1hk2v0096q8iyp1g0rj8w,https://www.beautybliss.gr/,JSON_LD,LocalBusiness,Beauty Bliss,13 Εθνικής Αντιστάσεως,Γέρακας,,153 44,GR,0,0,7f6d4c43f79bf5c689e7346b342fd137,OFFICIAL_PHYSICAL_BUSINESS_JSON_LD_WITH_COMPLETE_POSTAL_ADDRESS
REVIEW,cmta1li4l00pdq8iy7duep71a,Beautylafee,cmta1lib900peq8iyg74tb65g,https://beautylafee.gr/,JSON_LD,Place,,Γρ. Λαμπράκη &amp; Ιπποδρομίου 36,Άνω Τούμπα,Θεσσαλονίκη,543 51,GREECE,40.61506,22.97788,d1094168ef1a9c9ab8b96890591a6e74,ORGANIZATION_OR_UNTYPED_ADDRESS_NOT_PROVEN_AS_CUSTOMER_LOCATION
SAFE,cmta1hkqq0099q8iyde9km7bg,Beautypeak,cmta1hkw1009aq8iy1ebujztj,https://www.beautypeak.gr/,JSON_LD,LocalBusiness,Beauty Peak,3 Λυκούργου,Καλλιθέα,A1,176 76,GR,0,0,aaca0a2e2901ba123ce703249a977542,OFFICIAL_PHYSICAL_BUSINESS_JSON_LD_WITH_COMPLETE_POSTAL_ADDRESS
SAFE,cmta1hl4z009bq8iydvy08yy9,Beautyprincess,cmta1hlab009cq8iyuzff3nxc,https://beautyprincess.gr/,JSON_LD,Store,Beautyprincess.gr,Μπισκίνη 24,Ζωγράφου,Αττική,157 71,GR,37.9768,23.7651,4e50781d89e7600146b9dce854d1caac,OFFICIAL_PHYSICAL_BUSINESS_JSON_LD_WITH_COMPLETE_POSTAL_ADDRESS
REVIEW,cmta1exse000cq8iym36sal68,Belmond,cmta1exzc000dq8iywmqdc2xg,https://www.belmond.com/en,JSON_LD,Organization,Belmond,"Wogan House, 99 Great Portland Street",London,London,W1W 7NY,United Kingdom,0,0,33d222526a37363a4fea68ea22756b2d,ORGANIZATION_OR_UNTYPED_ADDRESS_NOT_PROVEN_AS_CUSTOMER_LOCATION
SAFE,cmta1hn3o009lq8iyhn7qa9mo,Bloss,cmta1hn8m009mq8iyulc5z4tr,https://www.bloss.gr/,JSON_LD,LocalBusiness,BLOSS Fashion e-Shop,11 Ditikis Thrakis,Serres,,621 24,GR,0,0,bef651a2fe4d1c5966a47cc0cab99ed5,OFFICIAL_PHYSICAL_BUSINESS_JSON_LD_WITH_COMPLETE_POSTAL_ADDRESS
REVIEW,cmtb6uj4n000s3giyox390qaa,Borsanuova,cmtb6uja2000t3giyytc1fg40,https://borsanuova.gr/,JSON_LD,Place,,Leoforos Vouliagmenis 229,Dafni,attiki,172 37,GR,0,0,2fa99b03fbac53a35684912396d2832b,ORGANIZATION_OR_UNTYPED_ADDRESS_NOT_PROVEN_AS_CUSTOMER_LOCATION
SAFE,cmta1kixz00lfq8iy9x9nga0g,Boudoirspawellness,cmta1kj4f00lgq8iylswrmmny,https://boudoirspawellness.gr/,JSON_LD,DaySpa | Organization,Boudoir Spa Wellness,Ελευθερίου Βενιζέλου 140,Αττική,Ηλιούπολη,163 45,GR,0,0,8bd32a9802a15180b0e29ac8f70a3bc8,OFFICIAL_PHYSICAL_BUSINESS_JSON_LD_WITH_COMPLETE_POSTAL_ADDRESS
SAFE,cmta4ybba000isciyih7hob24,Box Box,cmta4ybhz000jsciys63enlye,https://box-box.gr/,JSON_LD,HomeGoodsStore | Organization,Box-Box,"Στρ. Καραϊσκάκη 88,",Χαϊδάρι,Αττική,124 61,GR,0,0,529ba40c3b61d8428f399c97938461b8,OFFICIAL_PHYSICAL_BUSINESS_JSON_LD_WITH_COMPLETE_POSTAL_ADDRESS
SAFE,cmta1hob9009pq8iyyk64soz7,Buzzsneakers,cmta1hogh009qq8iya5sh3t4x,https://www.buzzsneakers.gr/,JSON_LD,LocalBusiness,Sport Vision S.A,II Merarchias Str no 2,Piraeus,,851 31,GR,0,0,02b497417155484bf11c1221214a3d91,OFFICIAL_PHYSICAL_BUSINESS_JSON_LD_WITH_COMPLETE_POSTAL_ADDRESS
SAFE,cmta1hob9009pq8iyyk64soz7,Buzzsneakers,cmta1hogh009qq8iya5sh3t4x,https://www.buzzsneakers.gr/,JSON_LD,LocalBusiness,Buzz Rhodes - G328 - Buzz Rhodes,Τάρπον Σπρίνγκς 33,ΡΟΔΟΣ,,851 31,GR,0,0,e3ff8cfe0a3a73a3c852604b8d0c638f,OFFICIAL_PHYSICAL_BUSINESS_JSON_LD_WITH_COMPLETE_POSTAL_ADDRESS
SAFE,cmta1hob9009pq8iyyk64soz7,Buzzsneakers,cmta1hogh009qq8iya5sh3t4x,https://www.buzzsneakers.gr/,JSON_LD,LocalBusiness,CW QB Buzz 6701-7711 - CW QB Buzz 6701/7711,Ανδρέα Παπανδρέου 9,ΓΛΥΦΑΔΑ,,851 31,GR,0,0,35721833e73df657cc86daa9b58fba2b,OFFICIAL_PHYSICAL_BUSINESS_JSON_LD_WITH_COMPLETE_POSTAL_ADDRESS
SAFE,cmta1hob9009pq8iyyk64soz7,Buzzsneakers,cmta1hogh009qq8iya5sh3t4x,https://www.buzzsneakers.gr/,JSON_LD,LocalBusiness,CW Sarmed Buzz G701-1201 - CW Sarmed Buzz G701/1201,Παναγίας Τήνου 00,ΑΣΠΡΟΠΥΡΓΟΣ (ΑΤΤΙΚΗΣ),,851 31,GR,0,0,f2e9878bbc019db270193212e38a083e,OFFICIAL_PHYSICAL_BUSINESS_JSON_LD_WITH_COMPLETE_POSTAL_ADDRESS
SAFE,cmta1hob9009pq8iyyk64soz7,Buzzsneakers,cmta1hogh009qq8iya5sh3t4x,https://www.buzzsneakers.gr/,JSON_LD,LocalBusiness,Buzz Volos - G325 - Buzz Volos,Ερμού 122,ΒΟΛΟΣ,,851 31,GR,0,0,ec146ddacb7233cd5e53c4b1d6c79912,OFFICIAL_PHYSICAL_BUSINESS_JSON_LD_WITH_COMPLETE_POSTAL_ADDRESS
SAFE,cmta1hob9009pq8iyyk64soz7,Buzzsneakers,cmta1hogh009qq8iya5sh3t4x,https://www.buzzsneakers.gr/,JSON_LD,LocalBusiness,Buzz Piraeus - G304 - Buzz Piraeus,Λεωφόρος Ηρώων Πολυτεχνείου 51,ΠΕΙΡΑΙΑΣ,,851 31,GR,0,0,87b2e1a795bf2ac3f6b1f937eb1ff4c3,OFFICIAL_PHYSICAL_BUSINESS_JSON_LD_WITH_COMPLETE_POSTAL_ADDRESS
SAFE,cmta1hob9009pq8iyyk64soz7,Buzzsneakers,cmta1hogh009qq8iya5sh3t4x,https://www.buzzsneakers.gr/,JSON_LD,LocalBusiness,Buzz Patras - G305 - Buzz Patras,Αγίου Νικολάου 15,ΠΑΤΡΑ,,851 31,GR,0,0,3ae0ad951c30e241829166bc000744bc,OFFICIAL_PHYSICAL_BUSINESS_JSON_LD_WITH_COMPLETE_POSTAL_ADDRESS
SAFE,cmta1hob9009pq8iyyk64soz7,Buzzsneakers,cmta1hogh009qq8iya5sh3t4x,https://www.buzzsneakers.gr/,JSON_LD,LocalBusiness,Buzz Larissa - G319 - Buzz Larissa,Ρούσβελτ Φραγκλίνου 24,ΛΑΡΙΣΑ,,851 31,GR,0,0,d1bb5e506d24ae9e4674ab610c3ef1ff,OFFICIAL_PHYSICAL_BUSINESS_JSON_LD_WITH_COMPLETE_POSTAL_ADDRESS
SAFE,cmta1hob9009pq8iyyk64soz7,Buzzsneakers,cmta1hogh009qq8iya5sh3t4x,https://www.buzzsneakers.gr/,JSON_LD,LocalBusiness,Buzz Kalamata - G317 - Buzz Kalamata,Βασιλέως Γεωργίου 2,ΚΑΛΑΜΑΤΑ,,851 31,GR,0,0,e4b5257e58dbd9899cf8a94aaecda45c,OFFICIAL_PHYSICAL_BUSINESS_JSON_LD_WITH_COMPLETE_POSTAL_ADDRESS
SAFE,cmta1hob9009pq8iyyk64soz7,Buzzsneakers,cmta1hogh009qq8iya5sh3t4x,https://www.buzzsneakers.gr/,JSON_LD,LocalBusiness,Buzz Outlet Airport - G314 - Buzz Outlet Airport,Εμπορικό Πάρκο Αερολιμένα Αθηνών,ΠΑΙΑΝΙΑ,,851 31,GR,0,0,94c1271f8f1a8b355cf98d657c5b7efb,OFFICIAL_PHYSICAL_BUSINESS_JSON_LD_WITH_COMPLETE_POSTAL_ADDRESS
SAFE,cmta1hob9009pq8iyyk64soz7,Buzzsneakers,cmta1hogh009qq8iya5sh3t4x,https://www.buzzsneakers.gr/,JSON_LD,LocalBusiness,Buzz Thessaloniki - G309 - Buzz Thessaloniki,Τσιμισκή 59,ΘΕΣΣΑΛΟΝΙΚΗ,,851 31,GR,0,0,4d6822e7ab99fd694024a1e6d2827918,OFFICIAL_PHYSICAL_BUSINESS_JSON_LD_WITH_COMPLETE_POSTAL_ADDRESS
SAFE,cmta1hoou009rq8iyjmqa7rlt,Bwoman,cmta1hou3009sq8iy5e9xah2t,https://bwoman.gr/,JSON_LD,HealthAndBeautyBusiness | Organization,B Woman,Περγάμου 46,Μέγαρα,Αθήνα - Αττική,191 00,GR,0,0,b12bbc376f414cbc26e2d97be1a59944,OFFICIAL_PHYSICAL_BUSINESS_JSON_LD_WITH_COMPLETE_POSTAL_ADDRESS
REVIEW,cmta1m5mp00rxq8iyvry3zmpd,Cakeshop,cmta1m5td00ryq8iyiwqmzlza,https://www.cakeshop.gr/,JSON_LD,Bakery,CakeShop Θεσσαλονίκη,Στρατάρχου Αλεξάνδρου Παπάγου 80Α,"Εύοσμος, Θεσσαλονίκη",,562 24,GR,40.669119,22.920533,2794302291322c7f7090236ccc284b8c,ORGANIZATION_OR_UNTYPED_ADDRESS_NOT_PROVEN_AS_CUSTOMER_LOCATION
REVIEW,cmtb7hwwi000804iyxo3b6lop,Calisti Oia,cmtb7hx2h000904iykt7d99h5,https://www.callistioia.com/,JSON_LD,LocalBusiness,Callisti Oia,,,,,GR,0,0,,INCOMPLETE_ADDRESS
REVIEW,cmta4ybsv000ksciy2wk84kj0,Candlejuice,cmta4ybyz000lsciyi05bqwwl,https://candlejuice.gr/,JSON_LD,Organization | Person,CandleJuice.gr,Athanasiou Diakoy 19,Thessaloniki,Thessaloniki,546 41,GR,0,0,606ee7a04b03fb7934e606e972bc7f7f,ORGANIZATION_OR_UNTYPED_ADDRESS_NOT_PROVEN_AS_CUSTOMER_LOCATION
SAFE,cmta1mnxe00ttq8iy4l6zbq3p,Carbon,cmta1mo4u00tuq8iy0hphimg0,https://www.carbon.gr/,JSON_LD,LocalBusiness,CFC_CarbonFiberCustoms,2112169661 Varis Koropiou 131,Koropi,A1,194 41,GR,0,0,576c73558d7839a2ac4cc44c0fb98d2f,OFFICIAL_PHYSICAL_BUSINESS_JSON_LD_WITH_COMPLETE_POSTAL_ADDRESS
SAFE,cmta1ls5c00qfq8iypc6nerrf,Carousel,cmta1lsbl00qgq8iyhk5pv19c,https://carousel.gr/,JSON_LD,LocalBusiness,Carousel.gr,Νόρμαν 5-7,Άρτα,Άρτα,471 32,GR,0,0,99900d9f1bfb8f914f845ca8e0eb00a2,OFFICIAL_PHYSICAL_BUSINESS_JSON_LD_WITH_COMPLETE_POSTAL_ADDRESS
REVIEW,cmtb77zu6005kdkiygwtlbq6b,Carrot Store,cmtb77zz5005ldkiyl90mvph8,https://carrotstore.gr/,JSON_LD,Place,,ΠΥΡΓΟΣ 0,,ΘΗΡΑ,847 00,Ελλάδα,36.38906378595921,25.438607874290838,,INCOMPLETE_ADDRESS
REVIEW,cmtb77zu6005kdkiygwtlbq6b,Carrot Store,cmtb77zz5005ldkiyl90mvph8,https://carrotstore.gr/,JSON_LD,ClothingStore | Organization,Carrot Concept Store,ΠΥΡΓΟΣ 0,,ΘΗΡΑ,847 00,Ελλάδα,0,0,,INCOMPLETE_ADDRESS
REVIEW,cmtb77zu6005kdkiygwtlbq6b,Carrot Store,cmtb77zz5005ldkiyl90mvph8,https://carrotstore.gr/gift-cards/150e-gift-card/,JSON_LD,Place,,ΠΥΡΓΟΣ 0,,ΘΗΡΑ,847 00,Ελλάδα,36.38906378595921,25.438607874290838,,INCOMPLETE_ADDRESS
REVIEW,cmtb77zu6005kdkiygwtlbq6b,Carrot Store,cmtb77zz5005ldkiyl90mvph8,https://carrotstore.gr/gift-cards/150e-gift-card/,JSON_LD,ClothingStore | Organization,Carrot Concept Store,ΠΥΡΓΟΣ 0,,ΘΗΡΑ,847 00,Ελλάδα,0,0,,INCOMPLETE_ADDRESS
SAFE,cmta1hren00a1q8iyh9eqqfbk,Cavadelvino,cmta1hrkk00a2q8iy903vqpyl,https://www.cavadelvino.gr/,JSON_LD,LocalBusiness,Cava Del Vino,Evaggelistrias,Porto Cheli,11,210 61,GR,0,0,53f46528a60136b1b17b0abdf8fcc749,OFFICIAL_PHYSICAL_BUSINESS_JSON_LD_WITH_COMPLETE_POSTAL_ADDRESS
SAFE,cmta1moyw00txq8iyppaqhxxs,Cavakalomenidis,cmta1mp5900tyq8iyvpa0dnxr,https://cavakalomenidis.gr/,JSON_LD,LiquorStore,Cava Kalomenidis,Παυλίδη Αδαμοπούλου 5,Πτολεμαΐδα,,502 00,GR,40.5143395,21.6805329,55a3ff9f449f986b90a223c3dd96a6e4,OFFICIAL_PHYSICAL_BUSINESS_JSON_LD_WITH_COMPLETE_POSTAL_ADDRESS
REVIEW,cmt8hel9g0000a8iyg8p0ioj7,Celestino,cmt8helgp0001a8iy47hrjge7,https://www.celestino.gr/,JSON_LD,Organization,Celestino,Ploutonos 17,Aigaleo,,122 41,GR,0,0,143b98c94d9a39cbaf6a1b7de217e6d2,ORGANIZATION_OR_UNTYPED_ADDRESS_NOT_PROVEN_AS_CUSTOMER_LOCATION
SAFE,cmta1hs9s00a5q8iy7uqk99as,Champselysees,cmta1hsfo00a6q8iyzzo5j9r0,https://champselysees.gr/,JSON_LD,LocalBusiness,Ελισάβετ Μαυρουδή - Champs Elysées Institut,"Χαρίτων 13 B, Εύοσμος",Θεσσαλονίκη,,562 24,GR,40.67480789035335,22.9072278134948,7618e5d5b5441151d55195d529f6a587,OFFICIAL_PHYSICAL_BUSINESS_JSON_LD_WITH_COMPLETE_POSTAL_ADDRESS
REVIEW,cmt79idzw000b84iysotz7chu,Cosmos Sport,cmt79ie3d000c84iy2ec5ea06,https://www.cosmossport.gr/,JSON_LD,Organization,Cosmos Sport,,,,,,0,0,,INCOMPLETE_ADDRESS
REVIEW,cmt79idzw000b84iysotz7chu,Cosmos Sport,cmt79ie3d000c84iy2ec5ea06,https://www.cosmossport.gr/el/stores,JSON_LD,Organization,Cosmos Sport,,,,,,0,0,,INCOMPLETE_ADDRESS
REVIEW,cmt79idzw000b84iysotz7chu,Cosmos Sport,cmt79ie3d000c84iy2ec5ea06,https://www.cosmossport.gr/el/content/104-the-company,JSON_LD,Organization,Cosmos Sport,,,,,,0,0,,INCOMPLETE_ADDRESS
SAFE,cmtb7hy3h000e04iyq74d13gb,Cretelocaladventures,cmtb7hy8e000f04iyjz2kwfs2,https://www.cretelocaladventures.com/,JSON_LD,LocalBusiness,Crete Local Adventures,109 Selinou,Chania,,731 31,GR,35.5125635,24.007672,a54343edc847c11643649f0fc0b3074b,OFFICIAL_PHYSICAL_BUSINESS_JSON_LD_WITH_COMPLETE_POSTAL_ADDRESS
SAFE,cmta1mrph00u7q8iydrmvmhtt,Crudeshop,cmta1mrvv00u8q8iyjkk14wuw,https://www.crudeshop.gr/,JSON_LD,LocalBusiness,Crude Shop,Solonos,Athina,A1,121 37,GR,0,0,b3d2a03dc37fe3bc3e121d79a469e362,OFFICIAL_PHYSICAL_BUSINESS_JSON_LD_WITH_COMPLETE_POSTAL_ADDRESS
REVIEW,cmt8hp8ic0000pgiyqhluxgaw,DPAM,cmt8hp8oi0001pgiybmxi7lqx,https://www.dpam.gr/stores,JSON_LD,Store,DPAM Αγία Παρασκευή,"ΛΕΩΦΟΡΟΣ ΜΕΣΟΓΕΙΩΝ 455 ,15343 ,ΑΘΗΝΑ",,ΑΓΙΑ ΠΑΡΑΣΚΕΥΗ,,,0,0,,INCOMPLETE_ADDRESS
REVIEW,cmt8hp8ic0000pgiyqhluxgaw,DPAM,cmt8hp8oi0001pgiybmxi7lqx,https://www.dpam.gr/stores,JSON_LD,Store,DPAM Shopping House,"ΘΕΟΜΗΤΟΡΟΣ 41 ,17456 ,ΑΘΗΝΑ",,ΑΛΙΜΟΣ,,,0,0,,INCOMPLETE_ADDRESS
REVIEW,cmt8hp8ic0000pgiyqhluxgaw,DPAM,cmt8hp8oi0001pgiybmxi7lqx,https://www.dpam.gr/stores,JSON_LD,Store,DPAM Πειραιάς,"ΓΡΗΓΟΡΙΟΥ ΛΑΜΠΡΑΚΗ 138 ,18534 ,ΠΕΙΡΑΙΑΣ",,ΠΕΙΡΑΙΑΣ,,,0,0,,INCOMPLETE_ADDRESS
REVIEW,cmt8hp8ic0000pgiyqhluxgaw,DPAM,cmt8hp8oi0001pgiybmxi7lqx,https://www.dpam.gr/stores,JSON_LD,Store,DPAM The Mall Athens,"ΑΝΔΡΕΑ ΠΑΠΑΝΔΡΕΟΥ 35 ,15122 ,ΑΘΗΝΑ",,ΜΑΡΟΥΣΙ,,,0,0,,INCOMPLETE_ADDRESS
REVIEW,cmt8hp8ic0000pgiyqhluxgaw,DPAM,cmt8hp8oi0001pgiybmxi7lqx,https://www.dpam.gr/stores,JSON_LD,Store,DPAM River West,"ΛΕΩΦΟΡΟΣ ΚΗΦΙΣΟΥ 96-98 ,12241 ,ΑΘΗΝΑ",,ΑΙΓΑΛΕΩ,,,0,0,,INCOMPLETE_ADDRESS
REVIEW,cmt8hp8ic0000pgiyqhluxgaw,DPAM,cmt8hp8oi0001pgiybmxi7lqx,https://www.dpam.gr/stores,JSON_LD,Store,DPAM Κορυδαλλός,"ΤΑΞΙΑΡΧΩΝ 59 ,18120 ,ΑΘΗΝΑ",,ΚΟΡΥΔΑΛΛΟΣ,,,0,0,,INCOMPLETE_ADDRESS
REVIEW,cmt8hp8ic0000pgiyqhluxgaw,DPAM,cmt8hp8oi0001pgiybmxi7lqx,https://www.dpam.gr/stores,JSON_LD,Store,DPAM Golden Hall,"ΛΕΩΦΟΡΟΣ ΚΗΦΙΣΙΑΣ 37Α ,15123 ,ΑΘΗΝΑ",,ΜΑΡΟΥΣΙ,,,0,0,,INCOMPLETE_ADDRESS
REVIEW,cmt8hp8ic0000pgiyqhluxgaw,DPAM,cmt8hp8oi0001pgiybmxi7lqx,https://www.dpam.gr/stores,JSON_LD,Store,DPAM Metro Mall,"ΛΕΩΦΟΡΟΣ ΒΟΥΛΙΑΓΜΕΝΗΣ 276 ,17343 ,ΑΘΗΝΑ",,ΑΓ ΔΗΜΗΤΡΙΟΣ,,,0,0,,INCOMPLETE_ADDRESS
REVIEW,cmt8hp8ic0000pgiyqhluxgaw,DPAM,cmt8hp8oi0001pgiybmxi7lqx,https://www.dpam.gr/stores,JSON_LD,Store,DPAM Γλυφάδα,"ΛΕΩΦΟΡΟΣ ΔΗΜΑΡΧΟΥ ΑΓΓ.ΜΕΤΑΞΑ 23 ,16674 ,ΑΘΗΝΑ",,ΓΛΥΦΑΔΑ,,,0,0,,INCOMPLETE_ADDRESS
REVIEW,cmt8hp8ic0000pgiyqhluxgaw,DPAM,cmt8hp8oi0001pgiybmxi7lqx,https://www.dpam.gr/stores,JSON_LD,Store,DPAM Avenue,"ΛΕΩΦΟΡΟΣ ΚΗΦΙΣΙΑΣ 41-47 ,15123 ,ΑΘΗΝΑ",,ΜΑΡΟΥΣΙ,,,0,0,,INCOMPLETE_ADDRESS
REVIEW,cmt8hp8ic0000pgiyqhluxgaw,DPAM,cmt8hp8oi0001pgiybmxi7lqx,https://www.dpam.gr/stores,JSON_LD,Store,DPAM Smart Park,"ΠΟΥΛΑΚΗ ΘΕΣΗ ΓΥΑΛΟΥ ,19100 ,ΑΘΗΝΑ",,ΣΠΑΤΑ,,,0,0,,INCOMPLETE_ADDRESS
REVIEW,cmt8hp8ic0000pgiyqhluxgaw,DPAM,cmt8hp8oi0001pgiybmxi7lqx,https://www.dpam.gr/stores,JSON_LD,Store,Dpam Νέα Ερυθραία,"ΧΑΡΙΛΑΟΥ ΤΡΙΚΟΥΠΗ 127 & ΣΤΡΟΦΥΛΙΟΥ ,14671 ,Νέα Ερυθραία",,Νέα Ερυθραία,,,0,0,,INCOMPLETE_ADDRESS
REVIEW,cmt8hp8ic0000pgiyqhluxgaw,DPAM,cmt8hp8oi0001pgiybmxi7lqx,https://www.dpam.gr/stores,JSON_LD,Store,DPAM Mediterannean Cosmos,"11 ΧΛΜ ΕΟ ΘΕΣΣΑΛΟΝΙΚΗΣ ΜΟΥΔΑΝΙΩΝ 0 ,57001 ,ΘΕΣΣΑΛΟΝΙΚΗ",,ΘΕΡΜΗ,,,0,0,,INCOMPLETE_ADDRESS
REVIEW,cmt8hp8ic0000pgiyqhluxgaw,DPAM,cmt8hp8oi0001pgiybmxi7lqx,https://www.dpam.gr/stores,JSON_LD,Store,DPAM Βόλος,"ΕΡΜΟΥ 155 ΚΑΙ ΑΡΓΟΥΣ 1 ,38221 ,ΒΟΛΟΣ",,ΒΟΛΟΣ,,,0,0,,INCOMPLETE_ADDRESS
REVIEW,cmt8hp8ic0000pgiyqhluxgaw,DPAM,cmt8hp8oi0001pgiybmxi7lqx,https://www.dpam.gr/stores,JSON_LD,Store,DPAM Χαλκίδα,"ΑΒΑΝΤΩΝ 14 ΚΑΙ ΧΑΛΚΙΔΙΚΗΣ 3 ,34100 ,ΧΑΛΚΙΔΑ",,ΧΑΛΚΙΔΑ,,,0,0,,INCOMPLETE_ADDRESS
REVIEW,cmt8hp8ic0000pgiyqhluxgaw,DPAM,cmt8hp8oi0001pgiybmxi7lqx,https://www.dpam.gr/stores,JSON_LD,Store,DPAM Ηράκλειο Κρήτης,"ΛΕΩΦ. ΚΑΛΟΚΑΙΡΙΝΟΥ 45 ΚΑΙ ΑΓΙΩΝ ΔΕΚΑ ,71201 ,ΗΡΑΚΛΕΙΟ",,ΗΡΑΚΛΕΙΟ,,,0,0,,INCOMPLETE_ADDRESS
REVIEW,cmt8hp8ic0000pgiyqhluxgaw,DPAM,cmt8hp8oi0001pgiybmxi7lqx,https://www.dpam.gr/stores,JSON_LD,Store,DPAM Πάτρα,"ΜΑΙΖΩΝΟΣ 79 ,26221 ,ΠΑΤΡΑ",,ΠΑΤΡΑ,,,0,0,,INCOMPLETE_ADDRESS
REVIEW,cmt8hp8ic0000pgiyqhluxgaw,DPAM,cmt8hp8oi0001pgiybmxi7lqx,https://www.dpam.gr/stores,JSON_LD,Store,DPAM Λάρισα,"ΑΣΚΛΗΠΙΟΥ 9 11 ,41222 ,ΛΑΡΙΣΑ",,ΛΑΡΙΣΑ,,,0,0,,INCOMPLETE_ADDRESS
REVIEW,cmt8hp8ic0000pgiyqhluxgaw,DPAM,cmt8hp8oi0001pgiybmxi7lqx,https://www.dpam.gr/stores,JSON_LD,Store,DPAM Καλαμάτα,"ΜΗΤΡΟΠΕΤΡΟΒΑ ΚΑΙ ΣΙΔΗΡΟΔΡΟΜΙΚΟΥ ΣΤΑΘΜΟΥ 12 ΤΚ:2410 ,24100 ,ΚΑΛΑΜΑΤΑ",,ΚΑΛΑΜΑΤΑ,,,0,0,,INCOMPLETE_ADDRESS
REVIEW,cmt8hp8ic0000pgiyqhluxgaw,DPAM,cmt8hp8oi0001pgiybmxi7lqx,https://www.dpam.gr/stores,JSON_LD,Store,DPAM Ιωάννινα,"ΒΛΑΧΛΕΙΔΗ 4 ,45332 ,ΙΩΑΝΝΙΝΑ",,ΙΩΑΝΝΙΝΑ,,,0,0,,INCOMPLETE_ADDRESS
REVIEW,cmt8hp8ic0000pgiyqhluxgaw,DPAM,cmt8hp8oi0001pgiybmxi7lqx,https://www.dpam.gr/stores,JSON_LD,Store,DPAM Notos Θεσσαλονίκη,"Τσιμισκή 24 & Μητροπόλεως, 546 24, Θεσσαλονίκη",,Θεσσαλονίκη,,,0,0,,INCOMPLETE_ADDRESS
REVIEW,cmt8hp8ic0000pgiyqhluxgaw,DPAM,cmt8hp8oi0001pgiybmxi7lqx,https://www.dpam.gr/stores,JSON_LD,Store,DPAM The Mall of Cyprus,"Βεργίνας 3, 2025, Στρόβολος",,Λευκωσία,,,0,0,,INCOMPLETE_ADDRESS
REVIEW,cmt8hp8ic0000pgiyqhluxgaw,DPAM,cmt8hp8oi0001pgiybmxi7lqx,https://www.dpam.gr/stores,JSON_LD,Store,DPAM Kings Avenue Mall,"Corner St. Paul & Λεωφ. Τάφοι των Βασιλέων 2, 80 46, Πάφος",,Πάφος,,,0,0,,INCOMPLETE_ADDRESS
REVIEW,cmt8hp8ic0000pgiyqhluxgaw,DPAM,cmt8hp8oi0001pgiybmxi7lqx,https://www.dpam.gr/stores,JSON_LD,Store,DPAM Nicosia Mall,"2 Madrid Street, 23 06, Λευκωσία",,Λευκωσία,,,0,0,,INCOMPLETE_ADDRESS
REVIEW,cmt8hp8ic0000pgiyqhluxgaw,DPAM,cmt8hp8oi0001pgiybmxi7lqx,https://www.dpam.gr/stores,JSON_LD,Store,DPAM My Mall Limassol,"Φραγκλίνου Ρούζβελτ 285, 3150, Κύπρος",,Λεμεσός,,,0,0,,INCOMPLETE_ADDRESS
REVIEW,cmt8hp8ic0000pgiyqhluxgaw,DPAM,cmt8hp8oi0001pgiybmxi7lqx,https://www.dpam.gr/stores,JSON_LD,Store,DPAM Metropolis Mall,"European Union Avenue 5, 6043, Κύπρος",,Λάρνακα,,,0,0,,INCOMPLETE_ADDRESS
SAFE,cmta1klv100lrq8iyi3h52q5r,Despykboutique,cmta1km1x00lsq8iyzx1su6ol,https://despykboutique.gr/,JSON_LD,ClothingStore,DespyK Boutique – Περιστέρι (Κεντρικό),Εθν. Αντιστάσεως 2,Περιστέρι,Αττική,121 34,GR,0,0,4826156c26a12a1ff05d806720b1d1e1,OFFICIAL_PHYSICAL_BUSINESS_JSON_LD_WITH_COMPLETE_POSTAL_ADDRESS
SAFE,cmta1klv100lrq8iyi3h52q5r,Despykboutique,cmta1km1x00lsq8iyzx1su6ol,https://despykboutique.gr/,JSON_LD,ClothingStore,DespyK Boutique – Περιστέρι Outlet (2ος όροφος),"Λεωφόρος Παναγή Τσαλδάρη 21, 2ος όροφος",Περιστέρι,Αττική,121 34,GR,0,0,348dd8794cabd6a5a6ef27f415e293dc,OFFICIAL_PHYSICAL_BUSINESS_JSON_LD_WITH_COMPLETE_POSTAL_ADDRESS
SAFE,cmta1klv100lrq8iyi3h52q5r,Despykboutique,cmta1km1x00lsq8iyzx1su6ol,https://despykboutique.gr/,JSON_LD,ClothingStore,DespyK Boutique – Γλυφάδα,Φοίβης 11,Γλυφάδα,Αττική,166 74,GR,0,0,e2427b9ec1d9ffc968701e45ea199b62,OFFICIAL_PHYSICAL_BUSINESS_JSON_LD_WITH_COMPLETE_POSTAL_ADDRESS
REVIEW,cmta1mur500ujq8iy6zqovzbu,Dionysioumedispa,cmta1muxk00ukq8iy2hcfp6jr,https://www.dionysioumedispa.com/,JSON_LD,dayspa,Dionysiou Beauty &amp; Medi Spa,"4 Demetri Lagiou, 4150 Kato Polemidia – Limassol",,,4150,Cyprus,0,0,,INCOMPLETE_ADDRESS
REVIEW,cmta1mur500ujq8iy6zqovzbu,Dionysioumedispa,cmta1muxk00ukq8iy2hcfp6jr,https://www.dionysioumedispa.com/product-category/gift-cards-el/,JSON_LD,dayspa,Dionysiou Beauty &amp; Medi Spa,"4 Demetri Lagiou, 4150 Kato Polemidia – Limassol",,,4150,Cyprus,0,0,,INCOMPLETE_ADDRESS
REVIEW,cmta1mur500ujq8iy6zqovzbu,Dionysioumedispa,cmta1muxk00ukq8iy2hcfp6jr,https://www.dionysioumedispa.com/shop/,JSON_LD,dayspa,Dionysiou Beauty &amp; Medi Spa,"4 Demetri Lagiou, 4150 Kato Polemidia – Limassol",,,4150,Cyprus,0,0,,INCOMPLETE_ADDRESS
REVIEW,cmta1mur500ujq8iy6zqovzbu,Dionysioumedispa,cmta1muxk00ukq8iy2hcfp6jr,https://www.dionysioumedispa.com/contacts/,JSON_LD,dayspa,Dionysiou Beauty &amp; Medi Spa,"4 Demetri Lagiou, 4150 Kato Polemidia – Limassol",,,4150,Cyprus,0,0,,INCOMPLETE_ADDRESS
REVIEW,cmta1mur500ujq8iy6zqovzbu,Dionysioumedispa,cmta1muxk00ukq8iy2hcfp6jr,https://www.dionysioumedispa.com/shop/gift-cards-el/beauty-and-spa-gift-card/,JSON_LD,dayspa,Dionysiou Beauty &amp; Medi Spa,"4 Demetri Lagiou, 4150 Kato Polemidia – Limassol",,,4150,Cyprus,0,0,,INCOMPLETE_ADDRESS
SAFE,cmta1hxrm00arq8iyhvy95v45,Doctorfish,cmta1hxy000asq8iyykd06tm3,https://www.doctorfish.gr/,JSON_LD,LocalBusiness,Doctor Fish Athens - Day Spa &amp; Nail Bar in Athens City Center,69 Adrianou,Athens,A1,105 56,GR,0,0,e27aa491c8799fd623aae3e9f391190d,OFFICIAL_PHYSICAL_BUSINESS_JSON_LD_WITH_COMPLETE_POSTAL_ADDRESS
REVIEW,cmta1kmby00ltq8iyovtwgjv9,Dreamypicnics,cmta1kmim00luq8iyq8uf0otm,https://www.dreamypicnics.gr/,JSON_LD,LocalBusiness,Dreamy Picnics,,,54,630 85,GR,0,0,,INCOMPLETE_ADDRESS
REVIEW,cmta1i2rt00b1q8iy1f6azwdh,E Shop,cmta1i3fk00b2q8iycwvf7d3a,https://www.e-shop.gr/,JSON_LD,Organization,e-shop.gr,"Anemonis 6 & Katara, Acharnes",,,136 71,GR,0,0,,INCOMPLETE_ADDRESS
SAFE,cmtb6e05h0000i4iydjpp2xn1,EA Bags,cmtb6e0aj0001i4iyas7ed2u8,https://eabags.gr/,JSON_LD,LocalBusiness | Organization,Elena Athanasiou Bags ®,28 Katouni,"Ladadika,",Thessaloniki,546 25,GR,0,0,307a7cafe4fa9e03f73c838dcb21911e,OFFICIAL_PHYSICAL_BUSINESS_JSON_LD_WITH_COMPLETE_POSTAL_ADDRESS
REVIEW,cmta1mwnr00urq8iy6kvgl9y6,Ecoliving,cmta1mwtx00usq8iyvzyrsho0,https://ecoliving.gr/,JSON_LD,Organization | Place,Eco Living Greece,,,,,,36.95160259389085,26.98392620188661,,INCOMPLETE_ADDRESS
REVIEW,cmta1mwnr00urq8iy6kvgl9y6,Ecoliving,cmta1mwtx00usq8iyvzyrsho0,https://ecoliving.gr/product/gift-card/,JSON_LD,Organization | Place,Eco Living Greece,,,,,,36.95160259389085,26.98392620188661,,INCOMPLETE_ADDRESS
REVIEW,cmta1mwnr00urq8iy6kvgl9y6,Ecoliving,cmta1mwtx00usq8iyvzyrsho0,https://ecoliving.gr/product-category/fysika-kallyntika/gia-ta-mallia/sterea-sabouan/,JSON_LD,Organization | Place,Eco Living Greece,,,,,,36.95160259389085,26.98392620188661,,INCOMPLETE_ADDRESS
REVIEW,cmta1mwnr00urq8iy6kvgl9y6,Ecoliving,cmta1mwtx00usq8iyvzyrsho0,https://ecoliving.gr/contact-us/,JSON_LD,Organization | Place,Eco Living Greece,,,,,,36.95160259389085,26.98392620188661,,INCOMPLETE_ADDRESS
REVIEW,cmta1mwnr00urq8iy6kvgl9y6,Ecoliving,cmta1mwtx00usq8iyvzyrsho0,https://ecoliving.gr/shop/,JSON_LD,Organization | Place,Eco Living Greece,,,,,,36.95160259389085,26.98392620188661,,INCOMPLETE_ADDRESS
REVIEW,cmta1i3qb00b3q8iy5go5mq9p,Ecrystal,cmta1i3wg00b4q8iywcrwt5kb,https://ecrystal.gr/,JSON_LD,Organization | Person,Lakitas Swarovski,Τσιμισκή 87,Κέντρο,Θεσσαλονίκη,546 22,Ελλάδα,0,0,66091e581f7505a83226a75a471d285f,ORGANIZATION_OR_UNTYPED_ADDRESS_NOT_PROVEN_AS_CUSTOMER_LOCATION
SAFE,cmta1i3qb00b3q8iy5go5mq9p,Ecrystal,cmta1i3wg00b4q8iywcrwt5kb,https://ecrystal.gr/,JSON_LD,JewelryStore,Ecrystal,Tsimiski 87,Thessaloniki,Makedonia,546 22,Greece,0,0,6ed89c66a530dc6a3ae3a07fc4e11b02,OFFICIAL_PHYSICAL_BUSINESS_JSON_LD_WITH_COMPLETE_POSTAL_ADDRESS
SAFE,cmta1gb230053q8iy8buu3rfv,Efantasy,cmta1gb8s0054q8iyvvktnacz,https://www.efantasy.gr/,JSON_LD,Store,eFantasy,"Ermou 55, City center",Thessaloniki,Thessaloniki,546 23,GR,40.634618,22.9433703,1b7529483b35bffab4d28e82387cba37,OFFICIAL_PHYSICAL_BUSINESS_JSON_LD_WITH_COMPLETE_POSTAL_ADDRESS
SAFE,cmta1i46g00b5q8iy2z5otzf9,Eightboutiquegym,cmta1i4c700b6q8iyjxtelg4g,https://www.eightboutiquegym.gr/,JSON_LD,LocalBusiness,Eight Boutique Gym,8C Kassandras,Athina,A1,104 47,GR,0,0,526aaadf0a22b43034375122432c98e5,OFFICIAL_PHYSICAL_BUSINESS_JSON_LD_WITH_COMPLETE_POSTAL_ADDRESS
SAFE,cmta1i4m300b7q8iydyj6mvak,Elegancy,cmta1i4s700b8q8iy5xesqkh9,https://www.elegancy.gr/,JSON_LD,LocalBusiness,Elegancy,127 Leoforos Likourgou,Sparti,16,231 00,GR,0,0,737ae1d6551d2b0ae78a7ec5de041ef6,OFFICIAL_PHYSICAL_BUSINESS_JSON_LD_WITH_COMPLETE_POSTAL_ADDRESS
SAFE,cmtb782b5005wdkiybx3tkhjs,Elemental Studios,cmtb782g1005xdkiyq9opz2o1,https://www.elementalpilates.gr/,JSON_LD,LocalBusiness,Elemental Pilates Studios,20 Friderikou Tsentner,Athina,A1,115 25,GR,0,0,d797210ce302fce9de9e6a4ec55f512e,OFFICIAL_PHYSICAL_BUSINESS_JSON_LD_WITH_COMPLETE_POSTAL_ADDRESS
REVIEW,cmt8pswfr0001tgiyw7z7ffed,Elisabetta Franchi,cmt8pswn40002tgiy70wwlvyq,https://www.elisabettafranchi.com/roe/,JSON_LD,Organization,Elisabetta Franchi,,,,,,0,0,,INCOMPLETE_ADDRESS
REVIEW,cmt8pswfr0001tgiyw7z7ffed,Elisabetta Franchi,cmt8pswn40002tgiy70wwlvyq,https://www.elisabettafranchi.com/eu/gift-card-combined/,JSON_LD,Organization,Elisabetta Franchi,,,,,,0,0,,INCOMPLETE_ADDRESS
REVIEW,cmt8pswfr0001tgiyw7z7ffed,Elisabetta Franchi,cmt8pswn40002tgiy70wwlvyq,https://www.elisabettafranchi.com/roe/company-showroom/,JSON_LD,Organization,Elisabetta Franchi,,,,,,0,0,,INCOMPLETE_ADDRESS
REVIEW,cmt8pswfr0001tgiyw7z7ffed,Elisabetta Franchi,cmt8pswn40002tgiy70wwlvyq,https://www.elisabettafranchi.com/roe/contacts/,JSON_LD,Organization,Elisabetta Franchi,,,,,,0,0,,INCOMPLETE_ADDRESS
REVIEW,cmt8pswfr0001tgiyw7z7ffed,Elisabetta Franchi,cmt8pswn40002tgiy70wwlvyq,https://www.elisabettafranchi.com/roe/storelocator/,JSON_LD,Organization,Elisabetta Franchi,,,,,,0,0,,INCOMPLETE_ADDRESS
SAFE,cmta1myls00uzq8iy57frgnry,Epipla24,cmta1mys100v0q8iy16qgugkj,https://epipla24.gr/,JSON_LD,FurnitureStore,Epipla24,Λεωφ. Εθνικής Αντιστάσεως 9,Νέα Ιωνία,Αττική,142 34,GR,38.0377597,23.7628756,ff19d1163b9b48d925a30cb6ed4f9c1d,OFFICIAL_PHYSICAL_BUSINESS_JSON_LD_WITH_COMPLETE_POSTAL_ADDRESS
REVIEW,cmta4ygm80014sciyasobys4q,Fairytale,cmta4ygt70015sciy7ka9te7j,https://fairytale.com.gr/,JSON_LD,Organization | Place | CafeOrCoffeeShop,Fairytale,,,,,,37.9780472,23.7217556,,INCOMPLETE_ADDRESS
REVIEW,cmta4ygm80014sciyasobys4q,Fairytale,cmta4ygt70015sciy7ka9te7j,https://fairytale.com.gr/en/product/fairytale-gift-card/?srsltid=AfmBOor8Ibifq_G5Z787tkZNY5Tl6yhx9lujOGDrW4OnG-Azk2KUCE52,JSON_LD,Organization | Place | CafeOrCoffeeShop,Fairytale,,,,,,37.9780472,23.7217556,,INCOMPLETE_ADDRESS
REVIEW,cmta4ygm80014sciyasobys4q,Fairytale,cmta4ygt70015sciy7ka9te7j,https://fairytale.com.gr/store-menu/,JSON_LD,Organization | Place | CafeOrCoffeeShop,Fairytale,,,,,,37.9780472,23.7217556,,INCOMPLETE_ADDRESS
REVIEW,cmta4ygm80014sciyasobys4q,Fairytale,cmta4ygt70015sciy7ka9te7j,https://fairytale.com.gr/locations/,JSON_LD,Organization | Place | CafeOrCoffeeShop,Fairytale,,,,,,37.9780472,23.7217556,,INCOMPLETE_ADDRESS
REVIEW,cmtb774mt0012dkiyq4k7d2ow,Feed Me,cmtb774sd0013dkiy6s1lutst,https://www.feedmepetshop.gr/,JSON_LD,Place,,Αδάνων 31,Κάτω Τούμπα,Θεσσαλονίκη,544 54,Ελλάδα,0,0,690e20907400b8e2206eddaf2a3c5b2d,ORGANIZATION_OR_UNTYPED_ADDRESS_NOT_PROVEN_AS_CUSTOMER_LOCATION
SAFE,cmta1m8wn00s9q8iygc3o000e,Flashfashion,cmta1m93500saq8iycjty6l3s,https://www.flashfashion.shop/,JSON_LD,LocalBusiness,FLASH FASHION,25 Sotiros Dios,Pireas,,185 35,GR,0,0,7842c9189ce6e6233a2149816770a832,OFFICIAL_PHYSICAL_BUSINESS_JSON_LD_WITH_COMPLETE_POSTAL_ADDRESS
REVIEW,cmtb62hzc000g94iyu8xt54ke,Fmsstores,cmtb62i42000h94iyyunpk1hf,https://www.fmsstores.gr/el/,JSON_LD,Organization,Fms Stores,,"Ηράκλειο Κρήτης, Ελλάδα",,,,0,0,,INCOMPLETE_ADDRESS
REVIEW,cmtb62hzc000g94iyu8xt54ke,Fmsstores,cmtb62i42000h94iyyunpk1hf,https://www.fmsstores.gr/en/p/2-gift-card,JSON_LD,Organization,Fms Stores,,"Ηράκλειο Κρήτης, Greece",,,,0,0,,INCOMPLETE_ADDRESS
REVIEW,cmtb62hzc000g94iyu8xt54ke,Fmsstores,cmtb62i42000h94iyyunpk1hf,https://www.fmsstores.gr/el/c/21-magio,JSON_LD,Organization,Fms Stores,,"Ηράκλειο Κρήτης, Ελλάδα",,,,0,0,,INCOMPLETE_ADDRESS
REVIEW,cmtb62hzc000g94iyu8xt54ke,Fmsstores,cmtb62i42000h94iyyunpk1hf,https://www.fmsstores.gr/el/c/137-trigono,JSON_LD,Organization,Fms Stores,,"Ηράκλειο Κρήτης, Ελλάδα",,,,0,0,,INCOMPLETE_ADDRESS
REVIEW,cmtb62hzc000g94iyu8xt54ke,Fmsstores,cmtb62i42000h94iyyunpk1hf,https://www.fmsstores.gr/el/c/130-brazil,JSON_LD,Organization,Fms Stores,,"Ηράκλειο Κρήτης, Ελλάδα",,,,0,0,,INCOMPLETE_ADDRESS
SAFE,cmtb6uorg001l3giy24moh9jp,Francesca,cmtb6uox1001m3giybq8qyts9,https://www.francesca.gr/,JSON_LD,LocalBusiness,Francesca Jewels,33 Tsamadou,Pireas,A1,185 31,GR,0,0,0f1bb083dd93d41ec8650bad7a95239d,OFFICIAL_PHYSICAL_BUSINESS_JSON_LD_WITH_COMPLETE_POSTAL_ADDRESS
REVIEW,cmt8hempd0005a8iym064amwx,Funky Buddha,cmt8hemvv0006a8iygh01eja0,https://www.funky-buddha.com/el/,JSON_LD,Organization,Funky Buddha,,Αθήνα,Αττική,,GR,0,0,,INCOMPLETE_ADDRESS
REVIEW,cmt8hempd0005a8iym064amwx,Funky Buddha,cmt8hemvv0006a8iygh01eja0,https://www.funky-buddha.com/el/giftcards.html,JSON_LD,Organization,Funky Buddha,,Αθήνα,Αττική,,GR,0,0,,INCOMPLETE_ADDRESS
REVIEW,cmt8hempd0005a8iym064amwx,Funky Buddha,cmt8hemvv0006a8iygh01eja0,https://www.funky-buddha.com/el/storelocator/,JSON_LD,Organization,Funky Buddha,,Αθήνα,Αττική,,GR,0,0,,INCOMPLETE_ADDRESS
REVIEW,cmt8hempd0005a8iym064amwx,Funky Buddha,cmt8hemvv0006a8iygh01eja0,https://www.funky-buddha.com/en/,JSON_LD,Organization,Funky Buddha,,Athens,Attiki,,GR,0,0,,INCOMPLETE_ADDRESS
SAFE,cmta1ez7o000iq8iykgtqu8z5,GC-TECH,cmta1ezdj000jq8iyh7o6gmjd,https://gctech.gr/,JSON_LD,Store,GCTECH,Γούναρη 73,Γλυφάδα,Αττικής,165 61,Ελλάδα,0,0,1eb223ee22477ade60b7da68fffe124f,OFFICIAL_PHYSICAL_BUSINESS_JSON_LD_WITH_COMPLETE_POSTAL_ADDRESS
REVIEW,cmt8henex000aa8iyqbolahxb,Galerie de Beauté,cmt8henle000ba8iyo0c9qq77,https://www.galeriedebeaute.gr/el-gr,JSON_LD,Organization,galerie,,,,,,0,0,,INCOMPLETE_ADDRESS
REVIEW,cmt8henex000aa8iyqbolahxb,Galerie de Beauté,cmt8henle000ba8iyo0c9qq77,https://www.galeriedebeaute.gr/el-gr/giftcard,JSON_LD,Organization,galerie,,,,,,0,0,,INCOMPLETE_ADDRESS
REVIEW,cmt8henex000aa8iyqbolahxb,Galerie de Beauté,cmt8henle000ba8iyo0c9qq77,https://www.galeriedebeaute.gr/el-gr/stores,JSON_LD,Organization,galerie,,,,,,0,0,,INCOMPLETE_ADDRESS
REVIEW,cmt8henex000aa8iyqbolahxb,Galerie de Beauté,cmt8henle000ba8iyo0c9qq77,https://www.galeriedebeaute.gr/el-gr/contact,JSON_LD,Organization,galerie,,,,,,0,0,,INCOMPLETE_ADDRESS
REVIEW,cmta1n3np00vjq8iy2z8m64lj,Gotshirts,cmta1n3tk00vkq8iyuuxusuix,https://www.gotshirts.gr/,JSON_LD,OnlineStore,GOTShirts,Prodikou 1,Nicosia,Nicosia,1045,CY,0,0,5cdaa0dc2510280cb3f8376f897f1ae6,NON_GREEK_LOCATION_REVIEW
SAFE,cmt8nqyha00050oiyo37488v6,Grecotel,cmt8nqyne00060oiy5y174836,https://www.grecotel.com/,JSON_LD,Hotel,Luxury Hotels & Resorts in Greece | Grecotel Resorts to Live,Emmanouil Portaliou 23,Rethymno,Crete,741 00,Greece,0,0,6c9b4a4fa45542d7c514019b9d280ef6,OFFICIAL_PHYSICAL_BUSINESS_JSON_LD_WITH_COMPLETE_POSTAL_ADDRESS
REVIEW,cmta1ibyg00c3q8iy7eqka0ch,Gymbeam,cmta1ic4800c4q8iyph5olsg8,https://gymbeam.gr/,JSON_LD,Organization,GymBeam,Unter den Linden 21,Berlin,,101 17,GR,0,0,5d6eeec478b84e49084f24c332ffe4e7,ORGANIZATION_OR_UNTYPED_ADDRESS_NOT_PROVEN_AS_CUSTOMER_LOCATION
REVIEW,cmta1n4m400vnq8iy8minvqk0,Habitatgreece,cmta1n4su00voq8iyrrjvgoxw,https://habitatgreece.gr/,JSON_LD,Place,,"Λεωφόρος Κηφισίας 118Α &amp;, Miltiadou Iatridou",Athens,Attica,115 26,Greece,0,0,443c492875d7c48e93d0357df73ab7c8,ORGANIZATION_OR_UNTYPED_ADDRESS_NOT_PROVEN_AS_CUSTOMER_LOCATION
REVIEW,cmta1gbip0055q8iyzwigl93e,Hallofbrands,cmta1gbo80056q8iy0413x1yf,https://www.hallofbrands.gr/,JSON_LD,Organization,Hall of Brands,6o χλμ E.O. Ιωαννίνων - Αθηνών,Ιωάννινα,,454 44,GR,0,0,c5a2750a47c924e562ffb72275461979,ORGANIZATION_OR_UNTYPED_ADDRESS_NOT_PROVEN_AS_CUSTOMER_LOCATION
SAFE,cmta1gd4f005dq8iyu9jftu4f,Haritidis,cmta1gdar005eq8iym6dznhq7,https://www.haritidis.gr/el,JSON_LD,Store,Κατάστημα Ευόσμου,Κωνσταντίνου Καραμανλή 41,Ελευθέριο - Εύοσμος,Θεσσαλονίκη,563 34,GR,40.66719,22.89834,31319ff70fc9796647db30e5fc411d5e,OFFICIAL_PHYSICAL_BUSINESS_JSON_LD_WITH_COMPLETE_POSTAL_ADDRESS
SAFE,cmta1gd4f005dq8iyu9jftu4f,Haritidis,cmta1gdar005eq8iym6dznhq7,https://www.haritidis.gr/el,JSON_LD,Store,Κατάστημα Κέντρου,Προξένου Κορομηλά 33,Κέντρο Θεσσαλονίκης,Θεσσαλονίκη,546 22,GR,40.62989,22.94486,431fc2ccdb1c2447bbc4e6189aacbd7f,OFFICIAL_PHYSICAL_BUSINESS_JSON_LD_WITH_COMPLETE_POSTAL_ADDRESS
SAFE,cmta1id9100c9q8iypixzj7p1,Harmony Spa,cmta1idf400caq8iyjdg0i0lk,https://harmony-spa.gr/,JSON_LD,DaySpa,Harmony Spa,"Amarousiou-Chalandriou 73 & Pigasou 2, 2nd Floor",Marousi,,151 25,GR,0,0,a1393b836e13d124020c855d5ec901c8,OFFICIAL_PHYSICAL_BUSINESS_JSON_LD_WITH_COMPLETE_POSTAL_ADDRESS
SAFE,cmtb7785l001kdkiysx9add6j,Headplus,cmtb778bh001ldkiylnmlumkn,https://headplus.gr/,JSON_LD,HealthAndBeautyBusiness | Organization,Headplus®,Ευγενών 10,Περιστέρι,Αττική,121 34,GR,0,0,2a306101aad6e9e2907cc3278d729a28,OFFICIAL_PHYSICAL_BUSINESS_JSON_LD_WITH_COMPLETE_POSTAL_ADDRESS
REVIEW,cmta1if3i00chq8iy4r1xwv4g,Hellenicorchids,cmta1if9800ciq8iyclu1fq49,https://www.hellenicorchids.gr/,JSON_LD,Place,,ΘΕΣΗ ΠΕΤΣΙ,Δυτικός Περιφερειακός,Καρδίτσα,431 00,GR,39.3981660023937,21.898295649465748,8d7618c11aaa2f54ffb1e24391731aba,ORGANIZATION_OR_UNTYPED_ADDRESS_NOT_PROVEN_AS_CUSTOMER_LOCATION
SAFE,cmta1kp7g00m5q8iyfoppvhdk,Hercshop,cmta1kpd600m6q8iytyzbbym9,https://hercshop.gr/,JSON_LD,MensClothingStore | Organization,Herc Urban Wear,Τζων Κέννεντυ 76,Peristeri,Attica,121 36,GR,0,0,a8ff74922dad1170f2e53f6378601e4b,OFFICIAL_PHYSICAL_BUSINESS_JSON_LD_WITH_COMPLETE_POSTAL_ADDRESS
REVIEW,cmtb7hzyg000o04iy31m1lgd4,Herminaathens,cmtb7i03o000p04iysnqf105v,https://herminaathens.com/,JSON_LD,Place,,5 Limpona Street,,Athens,105 60,Greece,0,0,,INCOMPLETE_ADDRESS
REVIEW,cmtb7hzyg000o04iy31m1lgd4,Herminaathens,cmtb7i03o000p04iysnqf105v,https://herminaathens.com/,JSON_LD,JewelryStore | Organization,Hermina Athens,5 Limpona Street,,Athens,105 60,Greece,0,0,,INCOMPLETE_ADDRESS
REVIEW,cmtb7hzyg000o04iy31m1lgd4,Herminaathens,cmtb7i03o000p04iysnqf105v,https://herminaathens.com/product/gift-card/,JSON_LD,Place,,5 Limpona Street,,Athens,105 60,Greece,0,0,,INCOMPLETE_ADDRESS
REVIEW,cmtb7hzyg000o04iy31m1lgd4,Herminaathens,cmtb7i03o000p04iysnqf105v,https://herminaathens.com/product/gift-card/,JSON_LD,JewelryStore | Organization,Hermina Athens,5 Limpona Street,,Athens,105 60,Greece,0,0,,INCOMPLETE_ADDRESS
REVIEW,cmtb7hzyg000o04iy31m1lgd4,Herminaathens,cmtb7i03o000p04iysnqf105v,https://herminaathens.com/hermina-world/,JSON_LD,Place,,5 Limpona Street,,Athens,105 60,Greece,0,0,,INCOMPLETE_ADDRESS
REVIEW,cmtb7hzyg000o04iy31m1lgd4,Herminaathens,cmtb7i03o000p04iysnqf105v,https://herminaathens.com/hermina-world/,JSON_LD,JewelryStore | Organization,Hermina Athens,5 Limpona Street,,Athens,105 60,Greece,0,0,,INCOMPLETE_ADDRESS
REVIEW,cmtb7hzyg000o04iy31m1lgd4,Herminaathens,cmtb7i03o000p04iysnqf105v,https://herminaathens.com/contact/,JSON_LD,Place,,5 Limpona Street,,Athens,105 60,Greece,0,0,,INCOMPLETE_ADDRESS
REVIEW,cmtb7hzyg000o04iy31m1lgd4,Herminaathens,cmtb7i03o000p04iysnqf105v,https://herminaathens.com/contact/,JSON_LD,JewelryStore | Organization,Hermina Athens,5 Limpona Street,,Athens,105 60,Greece,0,0,,INCOMPLETE_ADDRESS
REVIEW,cmta1f1x0000uq8iy6l2rr7td,Hintsdeco,cmta1f235000vq8iyuf6yeye1,https://hintsdeco.com/,JSON_LD,Organization,HINTSDECO,"Γλαύκου 10, Παλαιό Φάληρο",Αθήνα,Ελλάδα,175 64,Ελλάδα,0,0,cabf0a74e2e38c77dc159778d9739d48,ORGANIZATION_OR_UNTYPED_ADDRESS_NOT_PROVEN_AS_CUSTOMER_LOCATION
SAFE,cmta1kq4t00m9q8iynfm2daqb,Hobbylobby Yarns,cmta1kqbn00maq8iyrbgsvpn7,https://www.hobbylobby-yarns.gr/,JSON_LD,Store,HOBBY LOBBY - Yarns,"Κολοκοτρώνη 33 Σύνταγμα, Αθήνα",EL,Αθήνα,105 62,GR,0,0,22121c5d2949362086ee6c499bd10c1b,OFFICIAL_PHYSICAL_BUSINESS_JSON_LD_WITH_COMPLETE_POSTAL_ADDRESS
REVIEW,cmta1ighj00cnq8iyulsu7slc,Hotelshops,cmta1ih5a00coq8iy028nylzo,https://www.hotelshops.gr/,JSON_LD,Organization,Hotelshops,Ο. Ανδρούτσου 174,Πειραιάς,Attica,185 35,GR,0,0,a99f6c18d4c9c49365cc99c76693a838,ORGANIZATION_OR_UNTYPED_ADDRESS_NOT_PROVEN_AS_CUSTOMER_LOCATION
SAFE,cmta1ihdj00cpq8iy8h7fdcbs,Hydrowellness,cmta1ihj500cqq8iylrnmfl4p,https://www.hydrowellness.gr/,JSON_LD,LocalBusiness,Hydro - Wellness Concept,6 Dimitriou Glinou,Iraklio,,141 22,GR,0,0,ef261d87531b03caa8692e68078c2bbc,OFFICIAL_PHYSICAL_BUSINESS_JSON_LD_WITH_COMPLETE_POSTAL_ADDRESS
REVIEW,cmt8hpbl40005pgiygrv6zswp,Ianos,cmt8hpbs90006pgiynvd5ktbb,https://www.ianos.gr/,JSON_LD,Organization,ΙΑΝΟΣ Α.Ε.,,,,,GR,0,0,,INCOMPLETE_ADDRESS
REVIEW,cmt8hpbl40005pgiygrv6zswp,Ianos,cmt8hpbs90006pgiynvd5ktbb,https://www.ianos.gr/giftcards/dorokarta-ianos,JSON_LD,Organization,ΙΑΝΟΣ Α.Ε.,,,,,GR,0,0,,INCOMPLETE_ADDRESS
REVIEW,cmt8hpbl40005pgiygrv6zswp,Ianos,cmt8hpbs90006pgiynvd5ktbb,https://www.ianos.gr/p/category/katasthmata,JSON_LD,Organization,ΙΑΝΟΣ Α.Ε.,,,,,GR,0,0,,INCOMPLETE_ADDRESS
SAFE,cmta4ykr0001ksciypzktgyzf,Iaso,cmta4ykx8001lsciyu1m24dqd,https://www.iaso.gr/,JSON_LD,MedicalBusiness,ΙΑΣΩ,Λεωφόρος Κηφισίας 37-39,Αθήνα,Αττική,151 23,GR,38.03536,23.79351,cf976ee30e45b3a445d85463ae0c63fb,OFFICIAL_PHYSICAL_BUSINESS_JSON_LD_WITH_COMPLETE_POSTAL_ADDRESS
REVIEW,cmta1k8qh00k9q8iyaho07xw2,Iridaspa,cmta1k8xm00kaq8iy3sqsa28b,https://www.iridaspa.gr/,JSON_LD,Place,,"Φορμίωνος 30 &amp; Υμηττού, Παγκράτι",Αθήνα,Αττική,116 34,Ελλάδα,0,0,397db23d3a0379846f63e0a0793b3846,ORGANIZATION_OR_UNTYPED_ADDRESS_NOT_PROVEN_AS_CUSTOMER_LOCATION
REVIEW,cmt8gzrhy000014iyuz59nurc,JD Sports Greece,cmt8gzro7000114iywjzh5sfg,https://www.jdsports.gr/,JSON_LD,Organization,JD Sports,"Ε.Poulaki, Spata","Spata Loutsa, Attica",,190 04,GR,0,0,e8cd53f0690ac5bd68ad968407714014,ORGANIZATION_OR_UNTYPED_ADDRESS_NOT_PROVEN_AS_CUSTOMER_LOCATION
REVIEW,cmt8l5uyt000c5giyccj0b6md,JYSK Greece,cmt8l5v5n000d5giy6vtukpbo,https://jysk.gr/,JSON_LD,Organization,JYSK,29 Chrysanthou Trapezountos & Athanasiou Diakou,Elliniko,Attica,167 77,Greece,0,0,85f8a0b14649fba1339e611ee7d982f5,ORGANIZATION_OR_UNTYPED_ADDRESS_NOT_PROVEN_AS_CUSTOMER_LOCATION
REVIEW,cmta1ijf900czq8iymaa7h0du,Janeiredale,cmta1ijkr00d0q8iy6yfqptbx,https://janeiredale.gr/,JSON_LD,Place,,Γράμμου 71,Μαρούσι,,151 24,GR,0,0,68707e6cfc2d9ccd6e8ecac5d8206971,ORGANIZATION_OR_UNTYPED_ADDRESS_NOT_PROVEN_AS_CUSTOMER_LOCATION
REVIEW,cmta1lv4500qrq8iyl55acy6j,Jthomedesign,cmta1lvat00qsq8iycnrsfz70,https://jthomedesign.gr/,JSON_LD,Place,,"79 Konstantinou Karamanli Ave.,",,Acharnes,136 71,GR,0,0,,INCOMPLETE_ADDRESS
REVIEW,cmta1lv4500qrq8iyl55acy6j,Jthomedesign,cmta1lvat00qsq8iycnrsfz70,https://jthomedesign.gr/,JSON_LD,Organization,Έπιπλα σπιτιού Joanna Terizi,"79 Konstantinou Karamanli Ave.,",,Acharnes,136 71,GR,0,0,,INCOMPLETE_ADDRESS
REVIEW,cmta1lv4500qrq8iyl55acy6j,Jthomedesign,cmta1lvat00qsq8iycnrsfz70,https://jthomedesign.gr/gift-cards/,JSON_LD,Place,,"79 Konstantinou Karamanli Ave.,",,Acharnes,136 71,GR,0,0,,INCOMPLETE_ADDRESS
REVIEW,cmta1lv4500qrq8iyl55acy6j,Jthomedesign,cmta1lvat00qsq8iycnrsfz70,https://jthomedesign.gr/gift-cards/,JSON_LD,Organization,Έπιπλα σπιτιού Joanna Terizi,"79 Konstantinou Karamanli Ave.,",,Acharnes,136 71,GR,0,0,,INCOMPLETE_ADDRESS
REVIEW,cmta1lv4500qrq8iyl55acy6j,Jthomedesign,cmta1lvat00qsq8iycnrsfz70,https://jthomedesign.gr/shop/,JSON_LD,Place,,"79 Konstantinou Karamanli Ave.,",,Acharnes,136 71,GR,0,0,,INCOMPLETE_ADDRESS
REVIEW,cmta1lv4500qrq8iyl55acy6j,Jthomedesign,cmta1lvat00qsq8iycnrsfz70,https://jthomedesign.gr/shop/,JSON_LD,Organization,Έπιπλα σπιτιού Joanna Terizi,"79 Konstantinou Karamanli Ave.,",,Acharnes,136 71,GR,0,0,,INCOMPLETE_ADDRESS
REVIEW,cmta1lv4500qrq8iyl55acy6j,Jthomedesign,cmta1lvat00qsq8iycnrsfz70,https://jthomedesign.gr/contact-us/,JSON_LD,Place,,"79 Konstantinou Karamanli Ave.,",,Acharnes,136 71,GR,0,0,,INCOMPLETE_ADDRESS
REVIEW,cmta1lv4500qrq8iyl55acy6j,Jthomedesign,cmta1lvat00qsq8iycnrsfz70,https://jthomedesign.gr/contact-us/,JSON_LD,Organization,Έπιπλα σπιτιού Joanna Terizi,"79 Konstantinou Karamanli Ave.,",,Acharnes,136 71,GR,0,0,,INCOMPLETE_ADDRESS
REVIEW,cmta5nps0000u54iywzcctom5,Kantzos,cmta5npws000v54iyrybp6vpj,https://kantzos.gr/,JSON_LD,TravelAgency,Kantzos Travel Services,,,,,GR,0,0,,INCOMPLETE_ADDRESS
SAFE,cmta5nps0000u54iywzcctom5,Kantzos,cmta5npws000v54iyrybp6vpj,https://kantzos.gr/contact.aspx,JSON_LD,TravelAgency,Kantzos Travel Services,"Αιμιλιανού Γρεβενών 35-37, Περισσός",Νέα Ιωνία,Αθήνα,142 32,GR,0,0,4a2c9a35f94715869a7b848f795fd1d8,OFFICIAL_PHYSICAL_BUSINESS_JSON_LD_WITH_COMPLETE_POSTAL_ADDRESS
REVIEW,cmta1fclq0020q8iyoxiqve8f,Kiddo World,cmta1fcvq0021q8iyp94dnc3i,https://kiddoworld.gr/,JSON_LD,Place,,ΛΕΥΚΩΝΑΣ ΠΡΕΣΠΩΝ,ΦΛΩΡΙΝΑ,ΦΛΩΡΙΝΑ,530 77,GR,0,0,6ad1b3e0e7ea6f99e9e70b1899e6c656,ORGANIZATION_OR_UNTYPED_ADDRESS_NOT_PROVEN_AS_CUSTOMER_LOCATION
SAFE,cmtb6utnu002b3giyor4hxvtf,Kivotos Oniron,cmtb6utt5002c3giyo3joolsl,https://www.kivotosoniron.gr/,JSON_LD,FurnitureStore,Κιβωτός Ονείρων,Μοναστηρίου 1 & 29ης Ιουνίου,Σέρρες,Κεντρική Μακεδονία,621 23,GR,41.088687,23.545313,8c6cfbdfbd52a01b9e63abbc446125ef,OFFICIAL_PHYSICAL_BUSINESS_JSON_LD_WITH_COMPLETE_POSTAL_ADDRESS
REVIEW,cmta1in0q00ddq8iy9ou6k8vv,Kois Optics,cmta1in6000deq8iyzrf26jcw,https://www.kois-optics.gr/el,JSON_LD,Optician,Κεντρικό κατάστημα,"Θυμ. Σπερχειού 16, Ερμούπολη, Σύρος",Ερμούπολη,,841 00,GR,37.4435206,24.9447889,14c10be22e6c95a69a211a7f0f47a0ab,ORGANIZATION_OR_UNTYPED_ADDRESS_NOT_PROVEN_AS_CUSTOMER_LOCATION
SAFE,cmta1fl7h002qq8iyqkgcjboc,Kounio,cmta1flev002rq8iyn4j6f4f1,https://kounio.gr/,JSON_LD,LocalBusiness,Kounio.gr,Κομνηνών 24,Θεσσαλονίκη,Κεντρική Μακεδονία,546 24,GR,0,0,f9881c38b4c09d924c49c83930b4ee50,OFFICIAL_PHYSICAL_BUSINESS_JSON_LD_WITH_COMPLETE_POSTAL_ADDRESS
REVIEW,cmta4yqce0028sciyc74lfd4c,Kurlandspa,cmta4yqjm0029sciywfsyzwns,https://www.kurlandspa.gr/,JSON_LD,Organization,Kurland Spa,Leof. Kifisias 348,Chalandri,Athens,152 33,GR,0,0,e11ac2f23172f5bc6d2b401a9e279c53,ORGANIZATION_OR_UNTYPED_ADDRESS_NOT_PROVEN_AS_CUSTOMER_LOCATION
REVIEW,cmtb7r3vw000cu8iymcg5xfjl,LVK Premium Fitness,cmtb7r40m000du8iyupsublbp,https://lvk.ufr.gr/,JSON_LD,Gym,Γυμναστήριο LVK PREMIUM FITNESS Ν. Σμύρνη - Unthink Fitness Republic Hub,Λ. Συγγρού 247,Αθήνα,,171 22,GR,0,0,5913936a70c51d3e1f81846ffa67042b,ORGANIZATION_OR_UNTYPED_ADDRESS_NOT_PROVEN_AS_CUSTOMER_LOCATION
REVIEW,cmtb7r3vw000cu8iymcg5xfjl,LVK Premium Fitness,cmtb7r40m000du8iyupsublbp,https://lvk.ufr.gr/,MICRODATA,PostalAddress,,Λ. Συγγρού 247,"Αθήνα, 17122",,,,0,0,da089011b790979e6c66c0ceecb77794,ORGANIZATION_OR_UNTYPED_ADDRESS_NOT_PROVEN_AS_CUSTOMER_LOCATION
SAFE,cmtb6uusr002h3giyhmaoqygo,Lavalmore,cmtb6uux3002i3giypec585z9,https://lavalmore.gr/,JSON_LD,LocalBusiness | Organization,LavalMore,Ερμού 63,Thessaloniki,Central Macedonia,546 23,GR,0,0,dfd1b35d8804db7839d7dbd229b8da01,OFFICIAL_PHYSICAL_BUSINESS_JSON_LD_WITH_COMPLETE_POSTAL_ADDRESS
SAFE,cmta5nqv3001054iy0ijpm7zg,Lazoptics,cmta5nr07001154iydfgb6an6,https://lazoptics.gr/,JSON_LD,Store | Organization,Laz Optics,Λεωφόρος Ηρώων Πολυτεχνείου 61,Πειραιάς,Αττική,185 35,Ελλάδα,0,0,3186fd99aed283fbbf5fc21137257e60,OFFICIAL_PHYSICAL_BUSINESS_JSON_LD_WITH_COMPLETE_POSTAL_ADDRESS
REVIEW,cmta1ioc400djq8iyrvz4q898,Led7,cmta1ioio00dkq8iyn3i3z7k3,https://led7.gr/,JSON_LD,Place,,ΑΦΑΙΑΣ 25,ΓΑΛΑΤΣΙ,ΑΤΤΙΚΗ,111 47,ΕΛΛΑΔΑ,38.0128014,23.7515688,f2ac97854ef0b9eb7c9262765a223777,ORGANIZATION_OR_UNTYPED_ADDRESS_NOT_PROVEN_AS_CUSTOMER_LOCATION
REVIEW,cmt79ig8y000z84iye5bnelem,Lentiamo,cmt79igbu001084iy7fkqj7p6,https://www.lentiamo.gr/,JSON_LD,Organization,Lentiamo.gr,Λαγουμιτζή 24,Καλλιθέα,Καλλιθέα,176 71,GR,0,0,920f9ebd8caa94e7e02642b64878d092,ORGANIZATION_OR_UNTYPED_ADDRESS_NOT_PROVEN_AS_CUSTOMER_LOCATION
REVIEW,cmtb77bbd0020dkiyyi6uurk8,Lookshop,cmtb77bgd0021dkiyy3u2x8qn,https://lookshop.gr/,JSON_LD,Organization,Lookshop,,Athens,,105 64,GR,0,0,,INCOMPLETE_ADDRESS
REVIEW,cmtb77bbd0020dkiyyi6uurk8,Lookshop,cmtb77bgd0021dkiyy3u2x8qn,https://lookshop.gr/giftcard2.html,JSON_LD,Organization,Lookshop,,Athens,,105 64,GR,0,0,,INCOMPLETE_ADDRESS
REVIEW,cmtb77bbd0020dkiyyi6uurk8,Lookshop,cmtb77bgd0021dkiyy3u2x8qn,https://lookshop.gr/contact,JSON_LD,Organization,Lookshop,,Athens,,105 64,GR,0,0,,INCOMPLETE_ADDRESS
REVIEW,cmtb77bbd0020dkiyyi6uurk8,Lookshop,cmtb77bgd0021dkiyy3u2x8qn,https://lookshop.gr/sunglasses.html,JSON_LD,Organization,Lookshop,,Athens,,105 64,GR,0,0,,INCOMPLETE_ADDRESS
REVIEW,cmtb77bbd0020dkiyyi6uurk8,Lookshop,cmtb77bgd0021dkiyy3u2x8qn,https://lookshop.gr/new-releases-sunglasses.html,JSON_LD,Organization,Lookshop,,Athens,,105 64,GR,0,0,,INCOMPLETE_ADDRESS
SAFE,cmta1ln0z00pxq8iyjhjzyywx,Lu Eur,cmta1ln7x00pyq8iyxk9nswcq,https://www.lu-eur.gr/,JSON_LD,LocalBusiness,Lueur skincare makeup,Στρ. Τομπρα 5,Αγ. Παρασκευή,,153 42,GR,0,0,3ed79d282063aac96eb2785fa3433bdc,OFFICIAL_PHYSICAL_BUSINESS_JSON_LD_WITH_COMPLETE_POSTAL_ADDRESS
REVIEW,cmta1nba500wdq8iyj8n4yj7q,Lucejewelry,cmta1nbgt00weq8iyvk7kt9b7,https://www.lucejewelry.gr/,JSON_LD,LocalBusiness,Ioanna Mavropoulou,,Ilioupoli,A1,163 46,GR,0,0,,INCOMPLETE_ADDRESS
REVIEW,cmtb77bot0022dkiyc1z2at3w,Manicurious,cmtb77bua0023dkiy8p69dxkl,https://www.manicurious.gr/,JSON_LD,LocalBusiness,Manicurious,,,,,,0,0,,INCOMPLETE_ADDRESS
SAFE,cmtb7i3a3001504iyg9dda4td,Massage Gift Cards Kefalonia,cmtb7i3f1001604iyarnf8jny,https://massage4kefalonia.com/,JSON_LD,MassageStudio | HealthAndBeautyBusiness | LocalBusiness,4 Elements Massage Kefalonia,Epar.Od. Keramion - Vlachatas,Afrato,Kefalonia,281 00,GR,38.122021,20.615827,96e4e6e7226a81e70aca3e61facf34ee,OFFICIAL_PHYSICAL_BUSINESS_JSON_LD_WITH_COMPLETE_POSTAL_ADDRESS
SAFE,cmta5nsp6001a54iy8w9nska0,Massage για Χαλάρωση & Ευεξία - Magic Hands,cmta5nsu9001b54iyw6qf1feq,https://magichands.gr/,JSON_LD,LocalBusiness | HealthAndBeautyBusiness | MassageTherapist,Magic Hands Massage,Αργυροκάστρου 44,Πειραιάς,Αττική,185 42,GR,37.962395101332625,23.65267617435329,a5d25167e626a5a01d470f23da2ef4d6,OFFICIAL_PHYSICAL_BUSINESS_JSON_LD_WITH_COMPLETE_POSTAL_ADDRESS
SAFE,cmta1nedk00wpq8iy6r51tuyw,Massagejoy,cmta1nek400wqq8iyvh5byguc,https://massagejoy.gr/,JSON_LD,LocalBusiness,Massage Joy,Πατησίων 21,Αθήνα,Αττική,106 77,GR,0,0,c23e16436fbe197b3a1b2082dbe80f53,OFFICIAL_PHYSICAL_BUSINESS_JSON_LD_WITH_COMPLETE_POSTAL_ADDRESS
SAFE,cmta1lxzg00r3q8iyk2zswrtf,Massaha,cmta1ly6p00r4q8iypbasfshf,https://www.massaha.gr/,JSON_LD,LocalBusiness,MASSAHA WELLNESS,65 Lazaraki,Glifada,A1,166 74,GR,0,0,623bb77702d82c4a42871a361b9ce92d,OFFICIAL_PHYSICAL_BUSINESS_JSON_LD_WITH_COMPLETE_POSTAL_ADDRESS
REVIEW,cmta1it7x00e7q8iyoinm2cbt,Materiaprima,cmta1itdc00e8q8iy8qkpk1e1,https://materiaprima.gr/,JSON_LD,Place,,Falirou 68,,Koukaki,117 41,GR,0,0,,INCOMPLETE_ADDRESS
REVIEW,cmta1it7x00e7q8iyoinm2cbt,Materiaprima,cmta1itdc00e8q8iy8qkpk1e1,https://materiaprima.gr/,JSON_LD,BarOrPub | Organization,materiaprima,Falirou 68,,Koukaki,117 41,GR,0,0,,INCOMPLETE_ADDRESS
REVIEW,cmta1it7x00e7q8iyoinm2cbt,Materiaprima,cmta1itdc00e8q8iy8qkpk1e1,https://materiaprima.gr/product/gift-card-40e/,JSON_LD,Place,,Falirou 68,,Koukaki,117 41,GR,0,0,,INCOMPLETE_ADDRESS
REVIEW,cmta1it7x00e7q8iyoinm2cbt,Materiaprima,cmta1itdc00e8q8iy8qkpk1e1,https://materiaprima.gr/product/gift-card-40e/,JSON_LD,BarOrPub | Organization,materiaprima,Falirou 68,,Koukaki,117 41,GR,0,0,,INCOMPLETE_ADDRESS
REVIEW,cmta1it7x00e7q8iyoinm2cbt,Materiaprima,cmta1itdc00e8q8iy8qkpk1e1,https://materiaprima.gr/shop/,JSON_LD,Place,,Falirou 68,,Koukaki,117 41,GR,0,0,,INCOMPLETE_ADDRESS
REVIEW,cmta1it7x00e7q8iyoinm2cbt,Materiaprima,cmta1itdc00e8q8iy8qkpk1e1,https://materiaprima.gr/shop/,JSON_LD,BarOrPub,materiaprima,Falirou 68,,Koukaki,117 41,GR,0,0,,INCOMPLETE_ADDRESS
REVIEW,cmta1it7x00e7q8iyoinm2cbt,Materiaprima,cmta1itdc00e8q8iy8qkpk1e1,https://materiaprima.gr/shop/filter/pa_specials%3A540,JSON_LD,Place,,Falirou 68,,Koukaki,117 41,GR,0,0,,INCOMPLETE_ADDRESS
REVIEW,cmta1it7x00e7q8iyoinm2cbt,Materiaprima,cmta1itdc00e8q8iy8qkpk1e1,https://materiaprima.gr/shop/filter/pa_specials%3A540,JSON_LD,BarOrPub,materiaprima,Falirou 68,,Koukaki,117 41,GR,0,0,,INCOMPLETE_ADDRESS
REVIEW,cmta1it7x00e7q8iyoinm2cbt,Materiaprima,cmta1itdc00e8q8iy8qkpk1e1,https://materiaprima.gr/shop/filter/pa_specials%3A83,JSON_LD,Place,,Falirou 68,,Koukaki,117 41,GR,0,0,,INCOMPLETE_ADDRESS
REVIEW,cmta1it7x00e7q8iyoinm2cbt,Materiaprima,cmta1itdc00e8q8iy8qkpk1e1,https://materiaprima.gr/shop/filter/pa_specials%3A83,JSON_LD,BarOrPub,materiaprima,Falirou 68,,Koukaki,117 41,GR,0,0,,INCOMPLETE_ADDRESS
SAFE,cmta4yt64002ksciy3tound9j,Mavri Thalassa,cmta4ytda002lsciyilen6atl,https://mavri-thalassa.gr/,JSON_LD,Restaurant,Μαύρη Θάλασσα,"Nικολάου Πλαστήρα 3, Καλαμαριά",Θεσσαλονίκη,,551 32,GR,40.5784321,22.9432287,d0d3a20fa86c8631704c621c7aa95287,OFFICIAL_PHYSICAL_BUSINESS_JSON_LD_WITH_COMPLETE_POSTAL_ADDRESS
SAFE,cmta4yt64002ksciy3tound9j,Mavri Thalassa,cmta4ytda002lsciyilen6atl,https://mavri-thalassa.gr/en/contact/,JSON_LD,Restaurant,Mavri Thalassa,"Nikolaou Plastira 3, Kalamaria",Thessaloniki,,551 32,GR,40.5784321,22.9432287,8981095d583a6e5fb654130b283a8484,OFFICIAL_PHYSICAL_BUSINESS_JSON_LD_WITH_COMPLETE_POSTAL_ADDRESS
SAFE,cmta1itlq00e9q8iy1bb28dtt,Mavrogiannistravel,cmta1itr600eaq8iydau8m0py,https://www.mavrogiannistravel.gr/,JSON_LD,TravelAgency,Τουριστικό γραφείο Mavrogiannis,Τράλλεων 88,Γαλάτσι,Αθήνα,111 46,Ελλάδα,40.761293,-73.982294,647879e16578d4d46c8db36ea3e25767,OFFICIAL_PHYSICAL_BUSINESS_JSON_LD_WITH_COMPLETE_POSTAL_ADDRESS
SAFE,cmta1itzx00ebq8iyerir1tmb,Maziotisjewels,cmta1iu5p00ecq8iyczdel2ss,https://www.maziotisjewels.gr/,JSON_LD,LocalBusiness,Maziotis Jewels,30 Kiprou,Korinthos,15,201 31,GR,0,0,05a6b73e49284e0110d9def3791bcb5e,OFFICIAL_PHYSICAL_BUSINESS_JSON_LD_WITH_COMPLETE_POSTAL_ADDRESS
REVIEW,cmta1iwph00epq8iyrz9rtzzn,Michanossport,cmta1iwun00eqq8iyol8nrtwy,https://www.michanossport.gr/?language=el,JSON_LD,Organization,Michanos Sport,,,,,,0,0,,INCOMPLETE_ADDRESS
REVIEW,cmta1iwph00epq8iyrz9rtzzn,Michanossport,cmta1iwun00eqq8iyol8nrtwy,https://www.michanossport.gr/gift-card-m-10228.html,JSON_LD,Organization,Michanos Sport,,,,,,0,0,,INCOMPLETE_ADDRESS
REVIEW,cmta1iwph00epq8iyrz9rtzzn,Michanossport,cmta1iwun00eqq8iyol8nrtwy,https://www.michanossport.gr/contact_us.php,JSON_LD,Organization,Michanos Sport,,,,,,0,0,,INCOMPLETE_ADDRESS
REVIEW,cmta1iwph00epq8iyrz9rtzzn,Michanossport,cmta1iwun00eqq8iyol8nrtwy,https://www.michanossport.gr/shirt-gynaikeia-athlitika-shop-c-102_10202_1020201.html,JSON_LD,Organization,Michanos Sport,,,,,,0,0,,INCOMPLETE_ADDRESS
REVIEW,cmta1iwph00epq8iyrz9rtzzn,Michanossport,cmta1iwun00eqq8iyol8nrtwy,https://www.michanossport.gr/athlitika-sortsakia-gynaikeia-online-shop-c-102_10202_1020202.html,JSON_LD,Organization,Michanos Sport,,,,,,0,0,,INCOMPLETE_ADDRESS
REVIEW,cmta1ixh000etq8iyrstbzf45,Misa,cmta1ixm400euq8iy6w8fh6ah,https://www.misa.gr/,JSON_LD,LocalBusiness,Misa,,Thessaloniki,54,,GR,0,0,,INCOMPLETE_ADDRESS
REVIEW,cmta1kvzh00mxq8iyki8p745z,Mocannella,cmta1kw6300myq8iyzkj9hpsf,https://www.mocannella.gr/,JSON_LD,ΚατάστημαΞηρώνΚαρπών | ΤοπικήΕπιχείρηση | Ηράκλειο | Κρήτη | Σοκολάτα | Κάβα | Βότανα,Mocannella,Λεωφόρος Παπαναστασίου 102,Ηράκλειο,Ηράκλειο,714 09,GR,0,0,1aa140f65d7523b187a8fd0ffb69de7f,ORGANIZATION_OR_UNTYPED_ADDRESS_NOT_PROVEN_AS_CUSTOMER_LOCATION
SAFE,cmta1iy9o00exq8iyeaxubcr1,Molliashoes,cmta1iyh900eyq8iyewrmhob9,https://molliashoes.gr/,JSON_LD,ShoeStore | Organization,Mollia,Πάριδος 78,Ίλιον,Αθήνα,131 22,Ελλάδα,0,0,fa8a898708c8f3b0d05390920fb04dc5,OFFICIAL_PHYSICAL_BUSINESS_JSON_LD_WITH_COMPLETE_POSTAL_ADDRESS
REVIEW,cmtb7898i006tdkiypwp1jv9x,Mom & Me,cmtb789dc006udkiyns09pnli,https://momandme.gr/,JSON_LD,ClothingStore,MOM&ME family concept store,Kougioumtzoglou 70,Eleysina,Attika,192 00,Grece,0,0,56afa8b5188fd867a4a929d96c76ed27,NON_GREEK_LOCATION_REVIEW
SAFE,cmta1izhy00f3q8iya0mr8ool,Movelab,cmta1izn900f4q8iyb8ps8p5a,https://www.movelab.gr/,JSON_LD,LocalBusiness,Move - Wellness &amp; Fitness Lab,268 Λεωφόρος Βασιλέως Κωνσταντίνου,Κορωπι,A1,194 00,GR,0,0,6b54f955e7e10ddd6af1a0c120a396a7,OFFICIAL_PHYSICAL_BUSINESS_JSON_LD_WITH_COMPLETE_POSTAL_ADDRESS
SAFE,cmta5nkyr000454iyyhuhz99q,Museumofillusions,cmta5nl44000554iylrg3qski,https://athens.museumofillusions.gr/,JSON_LD,LocalBusiness | Organization,Museum of Illusions Athens,"Ermou 119, Entrance from Astiggos 12.",Monastiraki,Greece,105 55,GR,0,0,2f7d6c91ea96057b1881765373d23cca,OFFICIAL_PHYSICAL_BUSINESS_JSON_LD_WITH_COMPLETE_POSTAL_ADDRESS
SAFE,cmta5nkyr000454iyyhuhz99q,Museumofillusions,cmta5nl44000554iylrg3qski,https://athens.museumofillusions.gr/,JSON_LD,LocalBusiness | Museum | TouristAttraction | AmusementCenter | EventVenue,Museum of Illusions Athens,"Ermou 119, Entrance from Astiggos 12",Athens,,105 55,GR,37.9786,23.7244,4ed5f2fb55628f65996531a09b6680b3,OFFICIAL_PHYSICAL_BUSINESS_JSON_LD_WITH_COMPLETE_POSTAL_ADDRESS
SAFE,cmta1kwhj00mzq8iyqv0xws2k,Musicland,cmta1kwnq00n0q8iy09gmn7q7,https://www.musicland.gr/,JSON_LD,LocalBusiness,MusicLand,Αθηνών 1,Κατερίνη,,601 33,GR,40.272534812614786,22.506274085941627,a96959bc4b7e0c24a5487f6e93988255,OFFICIAL_PHYSICAL_BUSINESS_JSON_LD_WITH_COMPLETE_POSTAL_ADDRESS
REVIEW,cmta1j0ma00f7q8iympq1uy5p,Muststore,cmta1j0st00f8q8iyavkhvjm3,https://www.muststore.gr/,JSON_LD,Place,,Ρούσβελτ 29-31,Λάρισα,Θεσσαλία,412 23,Ελλάδα,0,0,d7d29100fdc57566d0730dc64f558aca,ORGANIZATION_OR_UNTYPED_ADDRESS_NOT_PROVEN_AS_CUSTOMER_LOCATION
REVIEW,cmta1j14200f9q8iy4qbjvx5d,Mycolours,cmta1j1af00faq8iyw0v4fvvw,https://www.mycolours.gr/,JSON_LD,LocalBusiness,Athina Balasi,,Athens,A1,117 42,GR,0,0,,INCOMPLETE_ADDRESS
REVIEW,cmta1j1lq00fbq8iyblkew33r,Mymarket,cmta1j1rt00fcq8iyyrjwj6oi,https://www.mymarket.gr/,JSON_LD,Organization,mymarket.gr,Σωρού 1,"Μεταμόρφωση, Αττική",,144 51,GR,0,0,db4ef109db018dbbfe194e1097102c38,ORGANIZATION_OR_UNTYPED_ADDRESS_NOT_PROVEN_AS_CUSTOMER_LOCATION
REVIEW,cmta1nj0h00x7q8iy2h241z80,Naira,cmta1nj7800x8q8iyqp5pjntz,https://naira.gr/,JSON_LD,Place,,Kyprou 10-12,Thessaloniki,Central Macedonia,566 26,Greece,0,0,2103ccfd607b8e77baf570b850c55809,ORGANIZATION_OR_UNTYPED_ADDRESS_NOT_PROVEN_AS_CUSTOMER_LOCATION
REVIEW,cmta1j54l00fpq8iy3f65bz5f,Nextsystems,cmta1j5b400fqq8iyyo1vs0cc,https://nextsystems.gr/,JSON_LD,Organization,Next Systems,"ΑΔΕΛΦΩΝ ΚΥΠΡΑΙΟΥ 160, ΙΣΟΓΕΙΟ",ΕΛΕΥΣΙΝΑ,,192 00,Greece,0,0,af0f4bf615b84f33c2b7349a43b5c844,ORGANIZATION_OR_UNTYPED_ADDRESS_NOT_PROVEN_AS_CUSTOMER_LOCATION
REVIEW,cmta1g4xm004qq8iytymwcg9a,Notos,cmta1g537004rq8iytxjpvtx8,https://www.notos.gr/,JSON_LD,Organization,Notos,,,,,Greece,0,0,,INCOMPLETE_ADDRESS
REVIEW,cmta1g4xm004qq8iytymwcg9a,Notos,cmta1g537004rq8iytxjpvtx8,https://www.notos.gr/e-gift-cards-purchase/,JSON_LD,Organization,Notos,,,,,Greece,0,0,,INCOMPLETE_ADDRESS
REVIEW,cmta1g4xm004qq8iytymwcg9a,Notos,cmta1g537004rq8iytxjpvtx8,https://www.notos.gr/gynaika/tsades/omou-shopper-bags/,JSON_LD,Organization,Notos,,,,,Greece,0,0,,INCOMPLETE_ADDRESS
REVIEW,cmta1g4xm004qq8iytymwcg9a,Notos,cmta1g537004rq8iytxjpvtx8,https://www.notos.gr/katastimata/,JSON_LD,Organization,Notos,,,,,Greece,0,0,,INCOMPLETE_ADDRESS
REVIEW,cmta1g4xm004qq8iytymwcg9a,Notos,cmta1g537004rq8iytxjpvtx8,https://www.notos.gr/nees-afikseis-rouxwn-aksesouar/,JSON_LD,Organization,Notos,,,,,Greece,0,0,,INCOMPLETE_ADDRESS
REVIEW,cmtb6uz6p00353giyzkow4qml,OMG,cmtb6uzbu00363giyjxgyidjk,https://omg.gr/,JSON_LD,OnlineStore,OMG,12 The Grange,London,,SE1 3GW,GB,0,0,20195166025e589ec54093e2b24aa656,NON_GREEK_LOCATION_REVIEW
SAFE,cmta1j64i00ftq8iybi7vezby,Osteriamamma,cmta1j6a900fuq8iyosylt8ne,https://www.osteriamamma.gr/,JSON_LD,LocalBusiness,Osteria Mamma,64 Salaminos,Athina,A1,104 35,GR,0,0,52f28d7f82bf63d6dec2bca7ca239d5b,OFFICIAL_PHYSICAL_BUSINESS_JSON_LD_WITH_COMPLETE_POSTAL_ADDRESS
SAFE,cmta1f2ts000yq8iy8va3cqab,Papachatzis,cmta1f2ys000zq8iy7gecoj9o,https://www.papachatzis.com/,JSON_LD,LocalBusiness,&Pi;&Alpha;&Pi;&Alpha;&Chi;&Alpha;&Tau;&Zeta;&Eta;&Sigma; HOME,Kouma 22,Larisa,,412 22,Greece,39.63764204414693,22.418432080600432,7ab2400a54628227edf896a1087a859f,OFFICIAL_PHYSICAL_BUSINESS_JSON_LD_WITH_COMPLETE_POSTAL_ADDRESS
REVIEW,cmta1f2ts000yq8iy8va3cqab,Papachatzis,cmta1f2ys000zq8iy7gecoj9o,https://www.papachatzis.com/,JSON_LD,Organization,&Pi;&alpha;&pi;&alpha;&chi;&alpha;&tau;&zeta;&#942;&sigmaf; Home,&Kappa;&omicron;&#973;&mu;&alpha; 22,&Lambda;&#940;&rho;&iota;&sigma;&alpha;,&Theta;&epsilon;&sigma;&sigma;&alpha;&lambda;&#943;&alpha;,412 23,EL,0,0,20825835837169adfadb155f7af7cb57,ORGANIZATION_OR_UNTYPED_ADDRESS_NOT_PROVEN_AS_CUSTOMER_LOCATION
REVIEW,cmta1f2ts000yq8iy8va3cqab,Papachatzis,cmta1f2ys000zq8iy7gecoj9o,https://www.papachatzis.com/contact/,JSON_LD,OnlineBusiness,&Pi;&alpha;&pi;&alpha;&chi;&alpha;&tau;&zeta;&#942;&sigmaf; Home,Kouma 22,Larisa,GR,412 22,,39.6376421362544,22.418430887058143,fc8d89104c32d877af467eea26cfa065,ORGANIZATION_OR_UNTYPED_ADDRESS_NOT_PROVEN_AS_CUSTOMER_LOCATION
SAFE,cmta1j7yx00g1q8iyxpec0ovr,Patistascosmetics,cmta1j85q00g2q8iyvsncmagm,https://patistascosmetics.gr/,JSON_LD,Organization | OnlineStore,Patistas Cosmetics,Κλεισθένους 217,Γέρακας,,153 44,GR,0,0,dc8525171e039ebba44f709038656f3b,OFFICIAL_PHYSICAL_BUSINESS_JSON_LD_WITH_COMPLETE_POSTAL_ADDRESS
SAFE,cmtb77gmh002sdkiytfif5f3w,Pavone Shoes,cmtb77gud002tdkiyoa7zz562,https://pavoneshoes.gr/,JSON_LD,Store,Pavone Shoes,8 Γερμανού,Πύργος,,271 31,GR,0,0,2f62aa4e34164fb6ad49cc6ea3ee226a,OFFICIAL_PHYSICAL_BUSINESS_JSON_LD_WITH_COMPLETE_POSTAL_ADDRESS
SAFE,cmtb77gmh002sdkiytfif5f3w,Pavone Shoes,cmtb77gud002tdkiyoa7zz562,https://pavoneshoes.gr/,JSON_LD,Organization | LocalBusiness,PAVONE shoes concept store,Γερμανού 8,Πύργος,,271 31,GR,0,0,d8b911d0168588b31ee3661374ded7f1,OFFICIAL_PHYSICAL_BUSINESS_JSON_LD_WITH_COMPLETE_POSTAL_ADDRESS
SAFE,cmta1f76v001eq8iyc18zqq0c,Pegabo Shoes,cmta1f7dj001fq8iyv92yainl,https://pegaboshoes.gr/product-category/dorokarta/,JSON_LD,ShoeStore,Pegabo,Γρ. Αυξεντίου 52,Ζωγράφου,Αττική,157 71,GR,37.9761,23.7723,a82856a910430cc767efb11bee8bccc3,OFFICIAL_PHYSICAL_BUSINESS_JSON_LD_WITH_COMPLETE_POSTAL_ADDRESS
REVIEW,cmta1j8i300g3q8iy6tehieg8,Pethellas,cmta1j8og00g4q8iyvg84dauk,https://pethellas.gr/,JSON_LD,Place,,"Leof. 62 Martiron 136, Iraklio 713 03",,,713 03,Greece,35.33485023967404,25.116191833261745,,INCOMPLETE_ADDRESS
REVIEW,cmta1j8i300g3q8iy6tehieg8,Pethellas,cmta1j8og00g4q8iyvg84dauk,https://pethellas.gr/,JSON_LD,PetStore | Organization,Pet Hellas - Online Petshop,"Leof. 62 Martiron 136, Iraklio 713 03",,,713 03,Greece,0,0,,INCOMPLETE_ADDRESS
REVIEW,cmta1j8i300g3q8iy6tehieg8,Pethellas,cmta1j8og00g4q8iyvg84dauk,https://pethellas.gr/product/gift-card/,JSON_LD,Place,,"Leof. 62 Martiron 136, Iraklio 713 03",,,713 03,Greece,35.33485023967404,25.116191833261745,,INCOMPLETE_ADDRESS
REVIEW,cmta1j8i300g3q8iy6tehieg8,Pethellas,cmta1j8og00g4q8iyvg84dauk,https://pethellas.gr/product/gift-card/,JSON_LD,PetStore | Organization,Pet Hellas - Online Petshop,"Leof. 62 Martiron 136, Iraklio 713 03",,,713 03,Greece,0,0,,INCOMPLETE_ADDRESS
REVIEW,cmta1j8i300g3q8iy6tehieg8,Pethellas,cmta1j8og00g4q8iyvg84dauk,https://pethellas.gr/shop/,JSON_LD,Place,,"Leof. 62 Martiron 136, Iraklio 713 03",,,713 03,Greece,35.33485023967404,25.116191833261745,,INCOMPLETE_ADDRESS
REVIEW,cmta1j8i300g3q8iy6tehieg8,Pethellas,cmta1j8og00g4q8iyvg84dauk,https://pethellas.gr/shop/,JSON_LD,PetStore,Pet Hellas - Online Petshop,"Leof. 62 Martiron 136, Iraklio 713 03",,,713 03,Greece,0,0,,INCOMPLETE_ADDRESS
REVIEW,cmta1j8i300g3q8iy6tehieg8,Pethellas,cmta1j8og00g4q8iyvg84dauk,https://pethellas.gr/epikoinonia-2/,JSON_LD,Place,,"Leof. 62 Martiron 136, Iraklio 713 03",,,713 03,Greece,35.33485023967404,25.116191833261745,,INCOMPLETE_ADDRESS
REVIEW,cmta1j8i300g3q8iy6tehieg8,Pethellas,cmta1j8og00g4q8iyvg84dauk,https://pethellas.gr/epikoinonia-2/,JSON_LD,PetStore | Organization,Pet Hellas - Online Petshop,"Leof. 62 Martiron 136, Iraklio 713 03",,,713 03,Greece,0,0,,INCOMPLETE_ADDRESS
REVIEW,cmt79igs4001584iyx1lcaw5f,Pharm24,cmt79igv3001684iyrqjuar1j,https://www.pharm24.gr/,JSON_LD,Organization,Pharm24.gr,Δαφνί,Σπάρτη,Λακωνία,230 57,GR,0,0,09f772e1a04b6d8eae844f96a239cb05,ORGANIZATION_OR_UNTYPED_ADDRESS_NOT_PROVEN_AS_CUSTOMER_LOCATION
SAFE,cmta1kzhi00nbq8iyvl7pvepj,Philatravel,cmta1kzo800ncq8iydupudze1,https://philatravel.gr/,JSON_LD,TravelAgency | Organization,Phila Travel,Dekeleias 83,Attica,Nea Filadelfeia,143 41,GR,0,0,7db73c368c3d35045b0569ce447671f5,OFFICIAL_PHYSICAL_BUSINESS_JSON_LD_WITH_COMPLETE_POSTAL_ADDRESS
REVIEW,cmta1nl7700xfq8iycudfjd9o,Philsgranola,cmta1nlfj00xgq8iyfl7238ki,https://philsgranola.gr/,JSON_LD,Organization,Phil's Granola,Θεμιστοκλέους 26,Άλιμος,Αθήνα,174 55,GR,0,0,7af7d4e683c4f9bb9a44023495a265ad,ORGANIZATION_OR_UNTYPED_ADDRESS_NOT_PROVEN_AS_CUSTOMER_LOCATION
SAFE,cmta1nlq100xhq8iyhrd4aiit,Physioathens,cmta1nlwe00xiq8iylzovy6xf,https://physioathens.gr/,JSON_LD,MedicalBusiness | Organization,Physioathens,Αγίας Ελεούσης 118Β,Μαρούσι,Αθήνα,151 25,GR,0,0,2304a8e760dc2ec477b0cdb3b74a9bf8,OFFICIAL_PHYSICAL_BUSINESS_JSON_LD_WITH_COMPLETE_POSTAL_ADDRESS
SAFE,cmtb77hgm002wdkiy7a6hmw6n,Physis Massage,cmtb77hlh002xdkiyk3j9xven,https://physismassage.gr/,JSON_LD,DaySpa | Organization,Physis Massage Therapy Center,Tsimiski 62,Thessaloniki,Central Macedonia,546 22,GR,0,0,e2931585c25378de6177d7c24ff9d9cb,OFFICIAL_PHYSICAL_BUSINESS_JSON_LD_WITH_COMPLETE_POSTAL_ADDRESS
SAFE,cmta1l02r00ndq8iyx2i3307v,Pibu,cmta1l09c00neq8iy2d769fb1,https://www.pibu.gr/,JSON_LD,LocalBusiness,PIBU,Χατζηγάκη 7,Τρίκαλα,Θεσσαλία,421 31,Ελλάδα,39.55467930630122,21.765759522810708,adbcbe3790bbf489da523dc2fb4b353f,OFFICIAL_PHYSICAL_BUSINESS_JSON_LD_WITH_COMPLETE_POSTAL_ADDRESS
SAFE,cmta1jabo00gbq8iyfkwzzwws,Playroot,cmta1jaht00gcq8iyymttuqej,https://playroot.gr/,JSON_LD,ToyStore | Organization,Playroot,Αλ. Φλέμινγκ 41,Θεσσαλονίκη,Κεντρική Μακεδονία,546 42,GR,0,0,2164dd62bbd65a308b638fa93458bc3e,OFFICIAL_PHYSICAL_BUSINESS_JSON_LD_WITH_COMPLETE_POSTAL_ADDRESS
REVIEW,cmta1gecq005jq8iyyuke43mc,Politikos Shop,cmta1gehv005kq8iy5t425hrk,https://www.politikos-shop.gr/el-gr/,JSON_LD,Organization,Πολυκατάστημα Πολιτικός,Kapodistriou & Amalias 2,Lamia,,351 00,GR,0,0,6a8a74e5f444ca1331b9b3aae4aca9c0,ORGANIZATION_OR_UNTYPED_ADDRESS_NOT_PROVEN_AS_CUSTOMER_LOCATION
REVIEW,cmt79ihwt001h84iy9ye6u3j2,Prenatal,cmt79ii0a001i84iy9nr3cfur,https://prenatal.gr/,JSON_LD,Store,ΝΕΟ Prénatal megastore ΘΕΣΣΑΛΟΝΙΚΗΣ,"11ο χλμ Θεσσαλονίκης - Aεροδρομίου, 57001 Θεσσαλονίκη (Δεξιά πλευρά)",,,570 01,GR,0,0,,INCOMPLETE_ADDRESS
REVIEW,cmt79ihwt001h84iy9ye6u3j2,Prenatal,cmt79ii0a001i84iy9nr3cfur,https://prenatal.gr/,JSON_LD,Store,Prénatal megastore ΑΓΙΑΣ ΠΑΡΑΣΚΕΥΗΣ Νέο!,"Λεωφ. Μεσογείων 479 Αγία Παρασκευή, 153 43, Ελλάδα",,,153 43,GR,0,0,,INCOMPLETE_ADDRESS
REVIEW,cmt79ihwt001h84iy9ye6u3j2,Prenatal,cmt79ii0a001i84iy9nr3cfur,https://prenatal.gr/,JSON_LD,Store,Prénatal ΚΟΖΑΝΗ,"11ης Οκτωβρίου 37, 50132 Κοζάνη",,,501 32,GR,0,0,,INCOMPLETE_ADDRESS
REVIEW,cmt79ihwt001h84iy9ye6u3j2,Prenatal,cmt79ii0a001i84iy9nr3cfur,https://prenatal.gr/,JSON_LD,Store,Prénatal ΚΑΡΔΙΤΣΑ,"Σμύρνης 3, 43100 Καρδίτσα",,,431 00,GR,0,0,,INCOMPLETE_ADDRESS
REVIEW,cmt79ihwt001h84iy9ye6u3j2,Prenatal,cmt79ii0a001i84iy9nr3cfur,https://prenatal.gr/,JSON_LD,Store,Prénatal ΚΕΡΚΥΡΑ,"ΛΕΩΦΟΡΟΣ ΕΠΤΑΝΗΣΟΥ (περιοχή Τρία Γεφύρια), 49100 Κέρκυρα",,,491 00,GR,0,0,,INCOMPLETE_ADDRESS
REVIEW,cmt79ihwt001h84iy9ye6u3j2,Prenatal,cmt79ii0a001i84iy9nr3cfur,https://prenatal.gr/,JSON_LD,Store,Prénatal ΗΡΑΚΛΕΙΟ ΚΡΗΤΗΣ 3,"Αβέρωφ 1, 71201 Ηράκλειο Κρήτης",,,712 01,GR,0,0,,INCOMPLETE_ADDRESS
REVIEW,cmt79ihwt001h84iy9ye6u3j2,Prenatal,cmt79ii0a001i84iy9nr3cfur,https://prenatal.gr/,JSON_LD,Store,Prénatal megastore THE MALL ATHENS,"Ανδρέα Παπανδρέου 35 15122, Μαρούσι, Ελλάδα",,,151 22,GR,0,0,,INCOMPLETE_ADDRESS
REVIEW,cmt79ihwt001h84iy9ye6u3j2,Prenatal,cmt79ii0a001i84iy9nr3cfur,https://prenatal.gr/,JSON_LD,Store,Prénatal megastore RIVER WEST Νέος χώρος,"Παρ. Λεωφόρου Κηφισού 96, Αιγάλεω 122 41, Ελλάδα",,,122 41,GR,0,0,,INCOMPLETE_ADDRESS
REVIEW,cmt79ihwt001h84iy9ye6u3j2,Prenatal,cmt79ii0a001i84iy9nr3cfur,https://prenatal.gr/,JSON_LD,Store,Prénatal ATHENS METRO MALL,"Παρ. Λεωφ. Βουλιαγμένης 276, Αγ. Δημήτριος 173 43, Ελλάδα",,,173 43,GR,0,0,,INCOMPLETE_ADDRESS
REVIEW,cmt79ihwt001h84iy9ye6u3j2,Prenatal,cmt79ii0a001i84iy9nr3cfur,https://prenatal.gr/,JSON_LD,Store,Prénatal ΛΑΡΙΣΑ,"ΑΛΕΞ. ΠΑΝΑΓΟΥΛΗ 32, 41222 ΛΑΡΙΣΑ",,,412 22,GR,0,0,,INCOMPLETE_ADDRESS
REVIEW,cmt79ihwt001h84iy9ye6u3j2,Prenatal,cmt79ii0a001i84iy9nr3cfur,https://prenatal.gr/,JSON_LD,Store,Prénatal ΡΟΔΟΣ,"ΕΘΝΙΚΗΣ ΑΝΤΙΣΤΑΣΕΩΣ 54, 85100 ΡΟΔΟΣ",,,851 00,GR,0,0,,INCOMPLETE_ADDRESS
REVIEW,cmt79ihwt001h84iy9ye6u3j2,Prenatal,cmt79ii0a001i84iy9nr3cfur,https://prenatal.gr/,JSON_LD,Store,Prénatal ΡΕΘΥΜΝΟ,"ΕΜΜΑΝΟΥΗΛ ΠΟΡΤΑΛΙΟΥ 31, 74100 ΡΕΘΥΜΝΟ",,,741 00,GR,0,0,,INCOMPLETE_ADDRESS
REVIEW,cmt79ihwt001h84iy9ye6u3j2,Prenatal,cmt79ii0a001i84iy9nr3cfur,https://prenatal.gr/,JSON_LD,Store,Prénatal ΧΑΝΙΑ,"ΜΥΛΩΝΟΓΙΑΝΝΗ 21, 73135 ΧΑΝΙΑ",,,731 35,GR,0,0,,INCOMPLETE_ADDRESS
REVIEW,cmt79ihwt001h84iy9ye6u3j2,Prenatal,cmt79ii0a001i84iy9nr3cfur,https://prenatal.gr/,JSON_LD,Store,Prénatal Mediterranean Cosmos Θεσσαλονίκη,"11οχλμ. οδού Θεσ/νίκης - Μουδανιών, Θεσσαλονίκη 570 01",,,570 01,GR,0,0,,INCOMPLETE_ADDRESS
REVIEW,cmt79ihwt001h84iy9ye6u3j2,Prenatal,cmt79ii0a001i84iy9nr3cfur,https://prenatal.gr/,JSON_LD,Store,Prénatal ΗΡΑΚΛΕΙΟ ΚΡΗΤΗΣ 2,"ΚΑΛΟΚΑΙΡΙΝΟΥ 215, 71201 ΗΡΑΚΛΕΙΟ ΚΡΗΤΗΣ",,,712 01,GR,0,0,,INCOMPLETE_ADDRESS
REVIEW,cmt79ihwt001h84iy9ye6u3j2,Prenatal,cmt79ii0a001i84iy9nr3cfur,https://prenatal.gr/,JSON_LD,Store,Prénatal ΠΛΑΤΕΙΑ ODEON Θεσσαλονίκη,"ΤΣΙΜΙΣΚΗ 43, 54623 ΘΕΣΣΑΛΟΝΙΚΗ",,,546 23,GR,0,0,,INCOMPLETE_ADDRESS
REVIEW,cmt79ihwt001h84iy9ye6u3j2,Prenatal,cmt79ii0a001i84iy9nr3cfur,https://prenatal.gr/,JSON_LD,Store,Prénatal AVENUE,"Λεωφ. Κηφισίας 41-47, Μαρούσι 151 23, Ελλάδα",,,151 23,GR,0,0,,INCOMPLETE_ADDRESS
REVIEW,cmt79ihwt001h84iy9ye6u3j2,Prenatal,cmt79ii0a001i84iy9nr3cfur,https://prenatal.gr/,JSON_LD,Store,Prénatal ΚΑΛΑΜΑΤΑ,"ΑΡΙΣΤΟΜΕΝΟΥΣ 12, 24100 ΚΑΛΑΜΑΤΑ, ΕΛΛΑΔΑ",,,241 00,GR,0,0,,INCOMPLETE_ADDRESS
REVIEW,cmt79ihwt001h84iy9ye6u3j2,Prenatal,cmt79ii0a001i84iy9nr3cfur,https://prenatal.gr/,JSON_LD,Store,Prénatal ΒΟΛΟΣ,"Δημητριάδος 116 και Τοπάλη, 38221 ΒΟΛΟΣ",,,382 21,GR,0,0,,INCOMPLETE_ADDRESS
REVIEW,cmt79ihwt001h84iy9ye6u3j2,Prenatal,cmt79ii0a001i84iy9nr3cfur,https://prenatal.gr/gift-card/,JSON_LD,Store,ΝΕΟ Prénatal megastore ΘΕΣΣΑΛΟΝΙΚΗΣ,"11ο χλμ Θεσσαλονίκης - Aεροδρομίου, 57001 Θεσσαλονίκη (Δεξιά πλευρά)",,,570 01,GR,0,0,,INCOMPLETE_ADDRESS
REVIEW,cmt79ihwt001h84iy9ye6u3j2,Prenatal,cmt79ii0a001i84iy9nr3cfur,https://prenatal.gr/gift-card/,JSON_LD,Store,Prénatal megastore ΑΓΙΑΣ ΠΑΡΑΣΚΕΥΗΣ Νέο!,"Λεωφ. Μεσογείων 479 Αγία Παρασκευή, 153 43, Ελλάδα",,,153 43,GR,0,0,,INCOMPLETE_ADDRESS
REVIEW,cmt79ihwt001h84iy9ye6u3j2,Prenatal,cmt79ii0a001i84iy9nr3cfur,https://prenatal.gr/gift-card/,JSON_LD,Store,Prénatal ΚΟΖΑΝΗ,"11ης Οκτωβρίου 37, 50132 Κοζάνη",,,501 32,GR,0,0,,INCOMPLETE_ADDRESS
REVIEW,cmt79ihwt001h84iy9ye6u3j2,Prenatal,cmt79ii0a001i84iy9nr3cfur,https://prenatal.gr/gift-card/,JSON_LD,Store,Prénatal ΚΑΡΔΙΤΣΑ,"Σμύρνης 3, 43100 Καρδίτσα",,,431 00,GR,0,0,,INCOMPLETE_ADDRESS
REVIEW,cmt79ihwt001h84iy9ye6u3j2,Prenatal,cmt79ii0a001i84iy9nr3cfur,https://prenatal.gr/gift-card/,JSON_LD,Store,Prénatal ΚΕΡΚΥΡΑ,"ΛΕΩΦΟΡΟΣ ΕΠΤΑΝΗΣΟΥ (περιοχή Τρία Γεφύρια), 49100 Κέρκυρα",,,491 00,GR,0,0,,INCOMPLETE_ADDRESS
REVIEW,cmt79ihwt001h84iy9ye6u3j2,Prenatal,cmt79ii0a001i84iy9nr3cfur,https://prenatal.gr/gift-card/,JSON_LD,Store,Prénatal ΗΡΑΚΛΕΙΟ ΚΡΗΤΗΣ 3,"Αβέρωφ 1, 71201 Ηράκλειο Κρήτης",,,712 01,GR,0,0,,INCOMPLETE_ADDRESS
REVIEW,cmt79ihwt001h84iy9ye6u3j2,Prenatal,cmt79ii0a001i84iy9nr3cfur,https://prenatal.gr/gift-card/,JSON_LD,Store,Prénatal megastore THE MALL ATHENS,"Ανδρέα Παπανδρέου 35 15122, Μαρούσι, Ελλάδα",,,151 22,GR,0,0,,INCOMPLETE_ADDRESS
REVIEW,cmt79ihwt001h84iy9ye6u3j2,Prenatal,cmt79ii0a001i84iy9nr3cfur,https://prenatal.gr/gift-card/,JSON_LD,Store,Prénatal megastore RIVER WEST Νέος χώρος,"Παρ. Λεωφόρου Κηφισού 96, Αιγάλεω 122 41, Ελλάδα",,,122 41,GR,0,0,,INCOMPLETE_ADDRESS
REVIEW,cmt79ihwt001h84iy9ye6u3j2,Prenatal,cmt79ii0a001i84iy9nr3cfur,https://prenatal.gr/gift-card/,JSON_LD,Store,Prénatal ATHENS METRO MALL,"Παρ. Λεωφ. Βουλιαγμένης 276, Αγ. Δημήτριος 173 43, Ελλάδα",,,173 43,GR,0,0,,INCOMPLETE_ADDRESS
REVIEW,cmt79ihwt001h84iy9ye6u3j2,Prenatal,cmt79ii0a001i84iy9nr3cfur,https://prenatal.gr/gift-card/,JSON_LD,Store,Prénatal ΛΑΡΙΣΑ,"ΑΛΕΞ. ΠΑΝΑΓΟΥΛΗ 32, 41222 ΛΑΡΙΣΑ",,,412 22,GR,0,0,,INCOMPLETE_ADDRESS
REVIEW,cmt79ihwt001h84iy9ye6u3j2,Prenatal,cmt79ii0a001i84iy9nr3cfur,https://prenatal.gr/gift-card/,JSON_LD,Store,Prénatal ΡΟΔΟΣ,"ΕΘΝΙΚΗΣ ΑΝΤΙΣΤΑΣΕΩΣ 54, 85100 ΡΟΔΟΣ",,,851 00,GR,0,0,,INCOMPLETE_ADDRESS
REVIEW,cmt79ihwt001h84iy9ye6u3j2,Prenatal,cmt79ii0a001i84iy9nr3cfur,https://prenatal.gr/gift-card/,JSON_LD,Store,Prénatal ΡΕΘΥΜΝΟ,"ΕΜΜΑΝΟΥΗΛ ΠΟΡΤΑΛΙΟΥ 31, 74100 ΡΕΘΥΜΝΟ",,,741 00,GR,0,0,,INCOMPLETE_ADDRESS
REVIEW,cmt79ihwt001h84iy9ye6u3j2,Prenatal,cmt79ii0a001i84iy9nr3cfur,https://prenatal.gr/gift-card/,JSON_LD,Store,Prénatal ΧΑΝΙΑ,"ΜΥΛΩΝΟΓΙΑΝΝΗ 21, 73135 ΧΑΝΙΑ",,,731 35,GR,0,0,,INCOMPLETE_ADDRESS
REVIEW,cmt79ihwt001h84iy9ye6u3j2,Prenatal,cmt79ii0a001i84iy9nr3cfur,https://prenatal.gr/gift-card/,JSON_LD,Store,Prénatal Mediterranean Cosmos Θεσσαλονίκη,"11οχλμ. οδού Θεσ/νίκης - Μουδανιών, Θεσσαλονίκη 570 01",,,570 01,GR,0,0,,INCOMPLETE_ADDRESS
REVIEW,cmt79ihwt001h84iy9ye6u3j2,Prenatal,cmt79ii0a001i84iy9nr3cfur,https://prenatal.gr/gift-card/,JSON_LD,Store,Prénatal ΗΡΑΚΛΕΙΟ ΚΡΗΤΗΣ 2,"ΚΑΛΟΚΑΙΡΙΝΟΥ 215, 71201 ΗΡΑΚΛΕΙΟ ΚΡΗΤΗΣ",,,712 01,GR,0,0,,INCOMPLETE_ADDRESS
REVIEW,cmt79ihwt001h84iy9ye6u3j2,Prenatal,cmt79ii0a001i84iy9nr3cfur,https://prenatal.gr/gift-card/,JSON_LD,Store,Prénatal ΠΛΑΤΕΙΑ ODEON Θεσσαλονίκη,"ΤΣΙΜΙΣΚΗ 43, 54623 ΘΕΣΣΑΛΟΝΙΚΗ",,,546 23,GR,0,0,,INCOMPLETE_ADDRESS
REVIEW,cmt79ihwt001h84iy9ye6u3j2,Prenatal,cmt79ii0a001i84iy9nr3cfur,https://prenatal.gr/gift-card/,JSON_LD,Store,Prénatal AVENUE,"Λεωφ. Κηφισίας 41-47, Μαρούσι 151 23, Ελλάδα",,,151 23,GR,0,0,,INCOMPLETE_ADDRESS
REVIEW,cmt79ihwt001h84iy9ye6u3j2,Prenatal,cmt79ii0a001i84iy9nr3cfur,https://prenatal.gr/gift-card/,JSON_LD,Store,Prénatal ΚΑΛΑΜΑΤΑ,"ΑΡΙΣΤΟΜΕΝΟΥΣ 12, 24100 ΚΑΛΑΜΑΤΑ, ΕΛΛΑΔΑ",,,241 00,GR,0,0,,INCOMPLETE_ADDRESS
REVIEW,cmt79ihwt001h84iy9ye6u3j2,Prenatal,cmt79ii0a001i84iy9nr3cfur,https://prenatal.gr/gift-card/,JSON_LD,Store,Prénatal ΒΟΛΟΣ,"Δημητριάδος 116 και Τοπάλη, 38221 ΒΟΛΟΣ",,,382 21,GR,0,0,,INCOMPLETE_ADDRESS
REVIEW,cmt79ihwt001h84iy9ye6u3j2,Prenatal,cmt79ii0a001i84iy9nr3cfur,https://prenatal.gr/stores/,JSON_LD,Store,ΝΕΟ Prénatal megastore ΘΕΣΣΑΛΟΝΙΚΗΣ,"11ο χλμ Θεσσαλονίκης - Aεροδρομίου, 57001 Θεσσαλονίκη (Δεξιά πλευρά)",,,570 01,GR,0,0,,INCOMPLETE_ADDRESS
REVIEW,cmt79ihwt001h84iy9ye6u3j2,Prenatal,cmt79ii0a001i84iy9nr3cfur,https://prenatal.gr/stores/,JSON_LD,Store,Prénatal megastore ΑΓΙΑΣ ΠΑΡΑΣΚΕΥΗΣ Νέο!,"Λεωφ. Μεσογείων 479 Αγία Παρασκευή, 153 43, Ελλάδα",,,153 43,GR,0,0,,INCOMPLETE_ADDRESS
REVIEW,cmt79ihwt001h84iy9ye6u3j2,Prenatal,cmt79ii0a001i84iy9nr3cfur,https://prenatal.gr/stores/,JSON_LD,Store,Prénatal ΚΟΖΑΝΗ,"11ης Οκτωβρίου 37, 50132 Κοζάνη",,,501 32,GR,0,0,,INCOMPLETE_ADDRESS
REVIEW,cmt79ihwt001h84iy9ye6u3j2,Prenatal,cmt79ii0a001i84iy9nr3cfur,https://prenatal.gr/stores/,JSON_LD,Store,Prénatal ΚΑΡΔΙΤΣΑ,"Σμύρνης 3, 43100 Καρδίτσα",,,431 00,GR,0,0,,INCOMPLETE_ADDRESS
REVIEW,cmt79ihwt001h84iy9ye6u3j2,Prenatal,cmt79ii0a001i84iy9nr3cfur,https://prenatal.gr/stores/,JSON_LD,Store,Prénatal ΚΕΡΚΥΡΑ,"ΛΕΩΦΟΡΟΣ ΕΠΤΑΝΗΣΟΥ (περιοχή Τρία Γεφύρια), 49100 Κέρκυρα",,,491 00,GR,0,0,,INCOMPLETE_ADDRESS
REVIEW,cmt79ihwt001h84iy9ye6u3j2,Prenatal,cmt79ii0a001i84iy9nr3cfur,https://prenatal.gr/stores/,JSON_LD,Store,Prénatal ΗΡΑΚΛΕΙΟ ΚΡΗΤΗΣ 3,"Αβέρωφ 1, 71201 Ηράκλειο Κρήτης",,,712 01,GR,0,0,,INCOMPLETE_ADDRESS
REVIEW,cmt79ihwt001h84iy9ye6u3j2,Prenatal,cmt79ii0a001i84iy9nr3cfur,https://prenatal.gr/stores/,JSON_LD,Store,Prénatal megastore THE MALL ATHENS,"Ανδρέα Παπανδρέου 35 15122, Μαρούσι, Ελλάδα",,,151 22,GR,0,0,,INCOMPLETE_ADDRESS
REVIEW,cmt79ihwt001h84iy9ye6u3j2,Prenatal,cmt79ii0a001i84iy9nr3cfur,https://prenatal.gr/stores/,JSON_LD,Store,Prénatal megastore RIVER WEST Νέος χώρος,"Παρ. Λεωφόρου Κηφισού 96, Αιγάλεω 122 41, Ελλάδα",,,122 41,GR,0,0,,INCOMPLETE_ADDRESS
REVIEW,cmt79ihwt001h84iy9ye6u3j2,Prenatal,cmt79ii0a001i84iy9nr3cfur,https://prenatal.gr/stores/,JSON_LD,Store,Prénatal ATHENS METRO MALL,"Παρ. Λεωφ. Βουλιαγμένης 276, Αγ. Δημήτριος 173 43, Ελλάδα",,,173 43,GR,0,0,,INCOMPLETE_ADDRESS
REVIEW,cmt79ihwt001h84iy9ye6u3j2,Prenatal,cmt79ii0a001i84iy9nr3cfur,https://prenatal.gr/stores/,JSON_LD,Store,Prénatal ΛΑΡΙΣΑ,"ΑΛΕΞ. ΠΑΝΑΓΟΥΛΗ 32, 41222 ΛΑΡΙΣΑ",,,412 22,GR,0,0,,INCOMPLETE_ADDRESS
REVIEW,cmt79ihwt001h84iy9ye6u3j2,Prenatal,cmt79ii0a001i84iy9nr3cfur,https://prenatal.gr/stores/,JSON_LD,Store,Prénatal ΡΟΔΟΣ,"ΕΘΝΙΚΗΣ ΑΝΤΙΣΤΑΣΕΩΣ 54, 85100 ΡΟΔΟΣ",,,851 00,GR,0,0,,INCOMPLETE_ADDRESS
REVIEW,cmt79ihwt001h84iy9ye6u3j2,Prenatal,cmt79ii0a001i84iy9nr3cfur,https://prenatal.gr/stores/,JSON_LD,Store,Prénatal ΡΕΘΥΜΝΟ,"ΕΜΜΑΝΟΥΗΛ ΠΟΡΤΑΛΙΟΥ 31, 74100 ΡΕΘΥΜΝΟ",,,741 00,GR,0,0,,INCOMPLETE_ADDRESS
REVIEW,cmt79ihwt001h84iy9ye6u3j2,Prenatal,cmt79ii0a001i84iy9nr3cfur,https://prenatal.gr/stores/,JSON_LD,Store,Prénatal ΧΑΝΙΑ,"ΜΥΛΩΝΟΓΙΑΝΝΗ 21, 73135 ΧΑΝΙΑ",,,731 35,GR,0,0,,INCOMPLETE_ADDRESS
REVIEW,cmt79ihwt001h84iy9ye6u3j2,Prenatal,cmt79ii0a001i84iy9nr3cfur,https://prenatal.gr/stores/,JSON_LD,Store,Prénatal Mediterranean Cosmos Θεσσαλονίκη,"11οχλμ. οδού Θεσ/νίκης - Μουδανιών, Θεσσαλονίκη 570 01",,,570 01,GR,0,0,,INCOMPLETE_ADDRESS
REVIEW,cmt79ihwt001h84iy9ye6u3j2,Prenatal,cmt79ii0a001i84iy9nr3cfur,https://prenatal.gr/stores/,JSON_LD,Store,Prénatal ΗΡΑΚΛΕΙΟ ΚΡΗΤΗΣ 2,"ΚΑΛΟΚΑΙΡΙΝΟΥ 215, 71201 ΗΡΑΚΛΕΙΟ ΚΡΗΤΗΣ",,,712 01,GR,0,0,,INCOMPLETE_ADDRESS
REVIEW,cmt79ihwt001h84iy9ye6u3j2,Prenatal,cmt79ii0a001i84iy9nr3cfur,https://prenatal.gr/stores/,JSON_LD,Store,Prénatal ΠΛΑΤΕΙΑ ODEON Θεσσαλονίκη,"ΤΣΙΜΙΣΚΗ 43, 54623 ΘΕΣΣΑΛΟΝΙΚΗ",,,546 23,GR,0,0,,INCOMPLETE_ADDRESS
REVIEW,cmt79ihwt001h84iy9ye6u3j2,Prenatal,cmt79ii0a001i84iy9nr3cfur,https://prenatal.gr/stores/,JSON_LD,Store,Prénatal AVENUE,"Λεωφ. Κηφισίας 41-47, Μαρούσι 151 23, Ελλάδα",,,151 23,GR,0,0,,INCOMPLETE_ADDRESS
REVIEW,cmt79ihwt001h84iy9ye6u3j2,Prenatal,cmt79ii0a001i84iy9nr3cfur,https://prenatal.gr/stores/,JSON_LD,Store,Prénatal ΚΑΛΑΜΑΤΑ,"ΑΡΙΣΤΟΜΕΝΟΥΣ 12, 24100 ΚΑΛΑΜΑΤΑ, ΕΛΛΑΔΑ",,,241 00,GR,0,0,,INCOMPLETE_ADDRESS
REVIEW,cmt79ihwt001h84iy9ye6u3j2,Prenatal,cmt79ii0a001i84iy9nr3cfur,https://prenatal.gr/stores/,JSON_LD,Store,Prénatal ΒΟΛΟΣ,"Δημητριάδος 116 και Τοπάλη, 38221 ΒΟΛΟΣ",,,382 21,GR,0,0,,INCOMPLETE_ADDRESS
REVIEW,cmt79ihwt001h84iy9ye6u3j2,Prenatal,cmt79ii0a001i84iy9nr3cfur,https://prenatal.gr/personal-shopper/,JSON_LD,Store,ΝΕΟ Prénatal megastore ΘΕΣΣΑΛΟΝΙΚΗΣ,"11ο χλμ Θεσσαλονίκης - Aεροδρομίου, 57001 Θεσσαλονίκη (Δεξιά πλευρά)",,,570 01,GR,0,0,,INCOMPLETE_ADDRESS
REVIEW,cmt79ihwt001h84iy9ye6u3j2,Prenatal,cmt79ii0a001i84iy9nr3cfur,https://prenatal.gr/personal-shopper/,JSON_LD,Store,Prénatal megastore ΑΓΙΑΣ ΠΑΡΑΣΚΕΥΗΣ Νέο!,"Λεωφ. Μεσογείων 479 Αγία Παρασκευή, 153 43, Ελλάδα",,,153 43,GR,0,0,,INCOMPLETE_ADDRESS
REVIEW,cmt79ihwt001h84iy9ye6u3j2,Prenatal,cmt79ii0a001i84iy9nr3cfur,https://prenatal.gr/personal-shopper/,JSON_LD,Store,Prénatal ΚΟΖΑΝΗ,"11ης Οκτωβρίου 37, 50132 Κοζάνη",,,501 32,GR,0,0,,INCOMPLETE_ADDRESS
REVIEW,cmt79ihwt001h84iy9ye6u3j2,Prenatal,cmt79ii0a001i84iy9nr3cfur,https://prenatal.gr/personal-shopper/,JSON_LD,Store,Prénatal ΚΑΡΔΙΤΣΑ,"Σμύρνης 3, 43100 Καρδίτσα",,,431 00,GR,0,0,,INCOMPLETE_ADDRESS
REVIEW,cmt79ihwt001h84iy9ye6u3j2,Prenatal,cmt79ii0a001i84iy9nr3cfur,https://prenatal.gr/personal-shopper/,JSON_LD,Store,Prénatal ΚΕΡΚΥΡΑ,"ΛΕΩΦΟΡΟΣ ΕΠΤΑΝΗΣΟΥ (περιοχή Τρία Γεφύρια), 49100 Κέρκυρα",,,491 00,GR,0,0,,INCOMPLETE_ADDRESS
REVIEW,cmt79ihwt001h84iy9ye6u3j2,Prenatal,cmt79ii0a001i84iy9nr3cfur,https://prenatal.gr/personal-shopper/,JSON_LD,Store,Prénatal ΗΡΑΚΛΕΙΟ ΚΡΗΤΗΣ 3,"Αβέρωφ 1, 71201 Ηράκλειο Κρήτης",,,712 01,GR,0,0,,INCOMPLETE_ADDRESS
REVIEW,cmt79ihwt001h84iy9ye6u3j2,Prenatal,cmt79ii0a001i84iy9nr3cfur,https://prenatal.gr/personal-shopper/,JSON_LD,Store,Prénatal megastore THE MALL ATHENS,"Ανδρέα Παπανδρέου 35 15122, Μαρούσι, Ελλάδα",,,151 22,GR,0,0,,INCOMPLETE_ADDRESS
REVIEW,cmt79ihwt001h84iy9ye6u3j2,Prenatal,cmt79ii0a001i84iy9nr3cfur,https://prenatal.gr/personal-shopper/,JSON_LD,Store,Prénatal megastore RIVER WEST Νέος χώρος,"Παρ. Λεωφόρου Κηφισού 96, Αιγάλεω 122 41, Ελλάδα",,,122 41,GR,0,0,,INCOMPLETE_ADDRESS
REVIEW,cmt79ihwt001h84iy9ye6u3j2,Prenatal,cmt79ii0a001i84iy9nr3cfur,https://prenatal.gr/personal-shopper/,JSON_LD,Store,Prénatal ATHENS METRO MALL,"Παρ. Λεωφ. Βουλιαγμένης 276, Αγ. Δημήτριος 173 43, Ελλάδα",,,173 43,GR,0,0,,INCOMPLETE_ADDRESS
REVIEW,cmt79ihwt001h84iy9ye6u3j2,Prenatal,cmt79ii0a001i84iy9nr3cfur,https://prenatal.gr/personal-shopper/,JSON_LD,Store,Prénatal ΛΑΡΙΣΑ,"ΑΛΕΞ. ΠΑΝΑΓΟΥΛΗ 32, 41222 ΛΑΡΙΣΑ",,,412 22,GR,0,0,,INCOMPLETE_ADDRESS
REVIEW,cmt79ihwt001h84iy9ye6u3j2,Prenatal,cmt79ii0a001i84iy9nr3cfur,https://prenatal.gr/personal-shopper/,JSON_LD,Store,Prénatal ΡΟΔΟΣ,"ΕΘΝΙΚΗΣ ΑΝΤΙΣΤΑΣΕΩΣ 54, 85100 ΡΟΔΟΣ",,,851 00,GR,0,0,,INCOMPLETE_ADDRESS
REVIEW,cmt79ihwt001h84iy9ye6u3j2,Prenatal,cmt79ii0a001i84iy9nr3cfur,https://prenatal.gr/personal-shopper/,JSON_LD,Store,Prénatal ΡΕΘΥΜΝΟ,"ΕΜΜΑΝΟΥΗΛ ΠΟΡΤΑΛΙΟΥ 31, 74100 ΡΕΘΥΜΝΟ",,,741 00,GR,0,0,,INCOMPLETE_ADDRESS
REVIEW,cmt79ihwt001h84iy9ye6u3j2,Prenatal,cmt79ii0a001i84iy9nr3cfur,https://prenatal.gr/personal-shopper/,JSON_LD,Store,Prénatal ΧΑΝΙΑ,"ΜΥΛΩΝΟΓΙΑΝΝΗ 21, 73135 ΧΑΝΙΑ",,,731 35,GR,0,0,,INCOMPLETE_ADDRESS
REVIEW,cmt79ihwt001h84iy9ye6u3j2,Prenatal,cmt79ii0a001i84iy9nr3cfur,https://prenatal.gr/personal-shopper/,JSON_LD,Store,Prénatal Mediterranean Cosmos Θεσσαλονίκη,"11οχλμ. οδού Θεσ/νίκης - Μουδανιών, Θεσσαλονίκη 570 01",,,570 01,GR,0,0,,INCOMPLETE_ADDRESS
REVIEW,cmt79ihwt001h84iy9ye6u3j2,Prenatal,cmt79ii0a001i84iy9nr3cfur,https://prenatal.gr/personal-shopper/,JSON_LD,Store,Prénatal ΗΡΑΚΛΕΙΟ ΚΡΗΤΗΣ 2,"ΚΑΛΟΚΑΙΡΙΝΟΥ 215, 71201 ΗΡΑΚΛΕΙΟ ΚΡΗΤΗΣ",,,712 01,GR,0,0,,INCOMPLETE_ADDRESS
REVIEW,cmt79ihwt001h84iy9ye6u3j2,Prenatal,cmt79ii0a001i84iy9nr3cfur,https://prenatal.gr/personal-shopper/,JSON_LD,Store,Prénatal ΠΛΑΤΕΙΑ ODEON Θεσσαλονίκη,"ΤΣΙΜΙΣΚΗ 43, 54623 ΘΕΣΣΑΛΟΝΙΚΗ",,,546 23,GR,0,0,,INCOMPLETE_ADDRESS
REVIEW,cmt79ihwt001h84iy9ye6u3j2,Prenatal,cmt79ii0a001i84iy9nr3cfur,https://prenatal.gr/personal-shopper/,JSON_LD,Store,Prénatal AVENUE,"Λεωφ. Κηφισίας 41-47, Μαρούσι 151 23, Ελλάδα",,,151 23,GR,0,0,,INCOMPLETE_ADDRESS
REVIEW,cmt79ihwt001h84iy9ye6u3j2,Prenatal,cmt79ii0a001i84iy9nr3cfur,https://prenatal.gr/personal-shopper/,JSON_LD,Store,Prénatal ΚΑΛΑΜΑΤΑ,"ΑΡΙΣΤΟΜΕΝΟΥΣ 12, 24100 ΚΑΛΑΜΑΤΑ, ΕΛΛΑΔΑ",,,241 00,GR,0,0,,INCOMPLETE_ADDRESS
REVIEW,cmt79ihwt001h84iy9ye6u3j2,Prenatal,cmt79ii0a001i84iy9nr3cfur,https://prenatal.gr/personal-shopper/,JSON_LD,Store,Prénatal ΒΟΛΟΣ,"Δημητριάδος 116 και Τοπάλη, 38221 ΒΟΛΟΣ",,,382 21,GR,0,0,,INCOMPLETE_ADDRESS
REVIEW,cmt79ihwt001h84iy9ye6u3j2,Prenatal,cmt79ii0a001i84iy9nr3cfur,https://prenatal.gr/privacy-policy/,JSON_LD,Store,ΝΕΟ Prénatal megastore ΘΕΣΣΑΛΟΝΙΚΗΣ,"11ο χλμ Θεσσαλονίκης - Aεροδρομίου, 57001 Θεσσαλονίκη (Δεξιά πλευρά)",,,570 01,GR,0,0,,INCOMPLETE_ADDRESS
REVIEW,cmt79ihwt001h84iy9ye6u3j2,Prenatal,cmt79ii0a001i84iy9nr3cfur,https://prenatal.gr/privacy-policy/,JSON_LD,Store,Prénatal megastore ΑΓΙΑΣ ΠΑΡΑΣΚΕΥΗΣ Νέο!,"Λεωφ. Μεσογείων 479 Αγία Παρασκευή, 153 43, Ελλάδα",,,153 43,GR,0,0,,INCOMPLETE_ADDRESS
REVIEW,cmt79ihwt001h84iy9ye6u3j2,Prenatal,cmt79ii0a001i84iy9nr3cfur,https://prenatal.gr/privacy-policy/,JSON_LD,Store,Prénatal ΚΟΖΑΝΗ,"11ης Οκτωβρίου 37, 50132 Κοζάνη",,,501 32,GR,0,0,,INCOMPLETE_ADDRESS
REVIEW,cmt79ihwt001h84iy9ye6u3j2,Prenatal,cmt79ii0a001i84iy9nr3cfur,https://prenatal.gr/privacy-policy/,JSON_LD,Store,Prénatal ΚΑΡΔΙΤΣΑ,"Σμύρνης 3, 43100 Καρδίτσα",,,431 00,GR,0,0,,INCOMPLETE_ADDRESS
REVIEW,cmt79ihwt001h84iy9ye6u3j2,Prenatal,cmt79ii0a001i84iy9nr3cfur,https://prenatal.gr/privacy-policy/,JSON_LD,Store,Prénatal ΚΕΡΚΥΡΑ,"ΛΕΩΦΟΡΟΣ ΕΠΤΑΝΗΣΟΥ (περιοχή Τρία Γεφύρια), 49100 Κέρκυρα",,,491 00,GR,0,0,,INCOMPLETE_ADDRESS
REVIEW,cmt79ihwt001h84iy9ye6u3j2,Prenatal,cmt79ii0a001i84iy9nr3cfur,https://prenatal.gr/privacy-policy/,JSON_LD,Store,Prénatal ΗΡΑΚΛΕΙΟ ΚΡΗΤΗΣ 3,"Αβέρωφ 1, 71201 Ηράκλειο Κρήτης",,,712 01,GR,0,0,,INCOMPLETE_ADDRESS
REVIEW,cmt79ihwt001h84iy9ye6u3j2,Prenatal,cmt79ii0a001i84iy9nr3cfur,https://prenatal.gr/privacy-policy/,JSON_LD,Store,Prénatal megastore THE MALL ATHENS,"Ανδρέα Παπανδρέου 35 15122, Μαρούσι, Ελλάδα",,,151 22,GR,0,0,,INCOMPLETE_ADDRESS
REVIEW,cmt79ihwt001h84iy9ye6u3j2,Prenatal,cmt79ii0a001i84iy9nr3cfur,https://prenatal.gr/privacy-policy/,JSON_LD,Store,Prénatal megastore RIVER WEST Νέος χώρος,"Παρ. Λεωφόρου Κηφισού 96, Αιγάλεω 122 41, Ελλάδα",,,122 41,GR,0,0,,INCOMPLETE_ADDRESS
REVIEW,cmt79ihwt001h84iy9ye6u3j2,Prenatal,cmt79ii0a001i84iy9nr3cfur,https://prenatal.gr/privacy-policy/,JSON_LD,Store,Prénatal ATHENS METRO MALL,"Παρ. Λεωφ. Βουλιαγμένης 276, Αγ. Δημήτριος 173 43, Ελλάδα",,,173 43,GR,0,0,,INCOMPLETE_ADDRESS
REVIEW,cmt79ihwt001h84iy9ye6u3j2,Prenatal,cmt79ii0a001i84iy9nr3cfur,https://prenatal.gr/privacy-policy/,JSON_LD,Store,Prénatal ΛΑΡΙΣΑ,"ΑΛΕΞ. ΠΑΝΑΓΟΥΛΗ 32, 41222 ΛΑΡΙΣΑ",,,412 22,GR,0,0,,INCOMPLETE_ADDRESS
REVIEW,cmt79ihwt001h84iy9ye6u3j2,Prenatal,cmt79ii0a001i84iy9nr3cfur,https://prenatal.gr/privacy-policy/,JSON_LD,Store,Prénatal ΡΟΔΟΣ,"ΕΘΝΙΚΗΣ ΑΝΤΙΣΤΑΣΕΩΣ 54, 85100 ΡΟΔΟΣ",,,851 00,GR,0,0,,INCOMPLETE_ADDRESS
REVIEW,cmt79ihwt001h84iy9ye6u3j2,Prenatal,cmt79ii0a001i84iy9nr3cfur,https://prenatal.gr/privacy-policy/,JSON_LD,Store,Prénatal ΡΕΘΥΜΝΟ,"ΕΜΜΑΝΟΥΗΛ ΠΟΡΤΑΛΙΟΥ 31, 74100 ΡΕΘΥΜΝΟ",,,741 00,GR,0,0,,INCOMPLETE_ADDRESS
REVIEW,cmt79ihwt001h84iy9ye6u3j2,Prenatal,cmt79ii0a001i84iy9nr3cfur,https://prenatal.gr/privacy-policy/,JSON_LD,Store,Prénatal ΧΑΝΙΑ,"ΜΥΛΩΝΟΓΙΑΝΝΗ 21, 73135 ΧΑΝΙΑ",,,731 35,GR,0,0,,INCOMPLETE_ADDRESS
REVIEW,cmt79ihwt001h84iy9ye6u3j2,Prenatal,cmt79ii0a001i84iy9nr3cfur,https://prenatal.gr/privacy-policy/,JSON_LD,Store,Prénatal Mediterranean Cosmos Θεσσαλονίκη,"11οχλμ. οδού Θεσ/νίκης - Μουδανιών, Θεσσαλονίκη 570 01",,,570 01,GR,0,0,,INCOMPLETE_ADDRESS
REVIEW,cmt79ihwt001h84iy9ye6u3j2,Prenatal,cmt79ii0a001i84iy9nr3cfur,https://prenatal.gr/privacy-policy/,JSON_LD,Store,Prénatal ΗΡΑΚΛΕΙΟ ΚΡΗΤΗΣ 2,"ΚΑΛΟΚΑΙΡΙΝΟΥ 215, 71201 ΗΡΑΚΛΕΙΟ ΚΡΗΤΗΣ",,,712 01,GR,0,0,,INCOMPLETE_ADDRESS
REVIEW,cmt79ihwt001h84iy9ye6u3j2,Prenatal,cmt79ii0a001i84iy9nr3cfur,https://prenatal.gr/privacy-policy/,JSON_LD,Store,Prénatal ΠΛΑΤΕΙΑ ODEON Θεσσαλονίκη,"ΤΣΙΜΙΣΚΗ 43, 54623 ΘΕΣΣΑΛΟΝΙΚΗ",,,546 23,GR,0,0,,INCOMPLETE_ADDRESS
REVIEW,cmt79ihwt001h84iy9ye6u3j2,Prenatal,cmt79ii0a001i84iy9nr3cfur,https://prenatal.gr/privacy-policy/,JSON_LD,Store,Prénatal AVENUE,"Λεωφ. Κηφισίας 41-47, Μαρούσι 151 23, Ελλάδα",,,151 23,GR,0,0,,INCOMPLETE_ADDRESS
REVIEW,cmt79ihwt001h84iy9ye6u3j2,Prenatal,cmt79ii0a001i84iy9nr3cfur,https://prenatal.gr/privacy-policy/,JSON_LD,Store,Prénatal ΚΑΛΑΜΑΤΑ,"ΑΡΙΣΤΟΜΕΝΟΥΣ 12, 24100 ΚΑΛΑΜΑΤΑ, ΕΛΛΑΔΑ",,,241 00,GR,0,0,,INCOMPLETE_ADDRESS
REVIEW,cmt79ihwt001h84iy9ye6u3j2,Prenatal,cmt79ii0a001i84iy9nr3cfur,https://prenatal.gr/privacy-policy/,JSON_LD,Store,Prénatal ΒΟΛΟΣ,"Δημητριάδος 116 και Τοπάλη, 38221 ΒΟΛΟΣ",,,382 21,GR,0,0,,INCOMPLETE_ADDRESS
REVIEW,cmta1nn2w00xnq8iysyd20gzz,Pret A Beaute,cmta1nn9k00xoq8iyzh4ts5tj,https://pret-a-beaute.gr/,JSON_LD,Organization,PRET A BEAUTE,"Metamorfoseos 26B, Xalandri",Athens,,152 34,GR,0,0,07c7b454ab9ab8a0d9d088e0e252950e,ORGANIZATION_OR_UNTYPED_ADDRESS_NOT_PROVEN_AS_CUSTOMER_LOCATION
REVIEW,cmta1nnlj00xpq8iyi0360ygm,Profitstore,cmta1nnui00xqq8iyverz0w50,https://www.profitstore.gr/,JSON_LD,Organization,ProfitStore,"Ρουμπέση 41, Νέος Κόσμος",Αθήνα,,117 44,GR,0,0,38a1b3b5d76520254e5226c7c8e5960e,ORGANIZATION_OR_UNTYPED_ADDRESS_NOT_PROVEN_AS_CUSTOMER_LOCATION
SAFE,cmta1jcpl00glq8iyiewjd0bh,Ptbox,cmta1jcvk00gmq8iyrx516n5h,https://www.ptbox.gr/,JSON_LD,Restaurant,PT Box,36 El. Venizelou,Dafni,A1,172 34,GR,0,0,f6555df95259bbd2f40e2a6d130a0e11,OFFICIAL_PHYSICAL_BUSINESS_JSON_LD_WITH_COMPLETE_POSTAL_ADDRESS
REVIEW,cmt8hesrb000fa8iycuggb6wc,Puma Greece,cmt8hesz5000ga8iykmbj9m8y,https://eu.puma.com/de/en,JSON_LD,Corporation,PUMA Europe,PUMA WAY 1,Herzogenaurach,,910 74,DE,0,0,31fbd498ba8d4fb7039507c6fa368ba3,ORGANIZATION_OR_UNTYPED_ADDRESS_NOT_PROVEN_AS_CUSTOMER_LOCATION
REVIEW,cmta5nwum001w54iy1kd87zna,Purity Vision COM,cmta5nwz8001x54iybk0fzt5z,https://www.purityvision.gr/,JSON_LD,Organization,Purity Vision,Lužná 716/2,Praha,,160 00,CZ,0,0,aae05e4cf0b1c6027c64339c49807719,ORGANIZATION_OR_UNTYPED_ADDRESS_NOT_PROVEN_AS_CUSTOMER_LOCATION
SAFE,cmtb77y00005adkiya4pa2gzm,Quad & Buggy Safari Crete,cmtb77y4v005bdkiyuijz0q0u,https://www.offroadcrete.gr/,JSON_LD,TravelAgency | LocalBusiness,Alligator Quad & Buggy Safari Tours,Cretan Camping,Gouves,Crete,700 14,GR,35.33361,25.29189,d215d205dc3fedcd790a5e2a135ca221,OFFICIAL_PHYSICAL_BUSINESS_JSON_LD_WITH_COMPLETE_POSTAL_ADDRESS
SAFE,cmta1g1rb004eq8iybuvsqb1m,Red Raven Eyewear,cmta1g1xp004fq8iycs60b0nu,https://myredraven.com/,JSON_LD,Store,Red Raven Eyewear - Χαλάνδρι,Κατσουλιέρη 4,Χαλάνδρι,Αττική,152 33,GR,38.0214,23.7983,7d852f84e199b30c0cd6e279d4fad4e3,OFFICIAL_PHYSICAL_BUSINESS_JSON_LD_WITH_COMPLETE_POSTAL_ADDRESS
SAFE,cmta1g1rb004eq8iybuvsqb1m,Red Raven Eyewear,cmta1g1xp004fq8iycs60b0nu,https://myredraven.com/,JSON_LD,Store,Red Raven Eyewear - Περιστέρι,Εθνικής Αντιστάσεως 43 & Δελφών,Περιστέρι,Αττική,121 34,GR,38.0167,23.6917,fdc09fdf6f4b1327dd3d186698246988,OFFICIAL_PHYSICAL_BUSINESS_JSON_LD_WITH_COMPLETE_POSTAL_ADDRESS
SAFE,cmta1non000xtq8iytp353wfo,Revitalash,cmta1nouh00xuq8iyjwmt7jy4,https://revitalash.gr/,JSON_LD,LocalBusiness,RevitaLash Greece,Γράμμου 71,Μαρούσι,,151 24,GR,0,0,68707e6cfc2d9ccd6e8ecac5d8206971,OFFICIAL_PHYSICAL_BUSINESS_JSON_LD_WITH_COMPLETE_POSTAL_ADDRESS
SAFE,cmta1k1x700jhq8iyxupg6exd,Romeo,cmta1k23q00jiq8iynvqcl54v,https://www.romeo.gr/,JSON_LD,Restaurant,Romeo Restaurant,7-9 Menekleous,Rhodes Old Town,,851 00,GR,36.4445,28.2278,a370c80087db6cae9e6e92dc4802d361,OFFICIAL_PHYSICAL_BUSINESS_JSON_LD_WITH_COMPLETE_POSTAL_ADDRESS
SAFE,cmta1k1x700jhq8iyxupg6exd,Romeo,cmta1k23q00jiq8iynvqcl54v,https://www.romeo.gr/,JSON_LD,Restaurant,Romeo,7-9 Menekleous,Rhodes,Rhodes,851 00,Greece,0,0,8d5eb9ffbb916d90457f0e56a8e16b9c,OFFICIAL_PHYSICAL_BUSINESS_JSON_LD_WITH_COMPLETE_POSTAL_ADDRESS
REVIEW,cmt79iigj001n84iyrxcwpcru,Rundome,cmt79iijr001o84iy0hpx0a15,https://www.rundome.gr/,JSON_LD,Organization,Rundome,,,,,,0,0,,INCOMPLETE_ADDRESS
REVIEW,cmt79iigj001n84iyrxcwpcru,Rundome,cmt79iijr001o84iy0hpx0a15,https://www.rundome.gr/el/content/239-giftcards-rundome,JSON_LD,Organization,Rundome,,,,,,0,0,,INCOMPLETE_ADDRESS
REVIEW,cmt79ij0d001t84iy7iqoptyj,SKY express,cmt79ij3n001u84iydsqgy4zg,https://www.skyexpress.gr/el,JSON_LD,Organization,SKY express,"Building 48, Athens International Airport 'El. Venizelos'","Spata , Athens",,190 19,GR,0,0,55052647ca03be9556434bd29b8e049c,ORGANIZATION_OR_UNTYPED_ADDRESS_NOT_PROVEN_AS_CUSTOMER_LOCATION
REVIEW,cmta1l2w200npq8iy2rvlbig1,Safestep,cmta1l31m00nqq8iy3ycqvzn2,https://safestep.gr/,JSON_LD,Organization,Safe Step,,,,,,0,0,,INCOMPLETE_ADDRESS
REVIEW,cmtb7i1i0000w04iys9w2oqz8,Santorini Zen Spa,cmtb7i1na000x04iyenncco9w,https://www.santorinizenspa.com/,JSON_LD,LocalBusiness | DaySpa | Spa,Santorini Zen Spa,,Santorini,South Aegean,,GR,0,0,,INCOMPLETE_ADDRESS
REVIEW,cmtb7i1i0000w04iys9w2oqz8,Santorini Zen Spa,cmtb7i1na000x04iyenncco9w,https://www.santorinizenspa.com/zen-spa-gift-voucher-program.html,JSON_LD,LocalBusiness | DaySpa | Spa,Santorini Zen Spa,,Santorini,South Aegean,,GR,0,0,,INCOMPLETE_ADDRESS
REVIEW,cmtb7i1i0000w04iys9w2oqz8,Santorini Zen Spa,cmtb7i1na000x04iyenncco9w,https://www.santorinizenspa.com/location.html,JSON_LD,LocalBusiness | DaySpa | Spa,Santorini Zen Spa,,Santorini,South Aegean,,GR,0,0,,INCOMPLETE_ADDRESS
REVIEW,cmtb7i1i0000w04iys9w2oqz8,Santorini Zen Spa,cmtb7i1na000x04iyenncco9w,https://www.santorinizenspa.com/contact.html,JSON_LD,LocalBusiness | DaySpa | Spa,Santorini Zen Spa,,Santorini,South Aegean,,GR,0,0,,INCOMPLETE_ADDRESS
REVIEW,cmtb7i1i0000w04iys9w2oqz8,Santorini Zen Spa,cmtb7i1na000x04iyenncco9w,https://www.santorinizenspa.com/couples-spa-massage-in-imerovigli.html,JSON_LD,LocalBusiness | DaySpa | Spa,Santorini Zen Spa,,Santorini,South Aegean,,GR,0,0,,INCOMPLETE_ADDRESS
SAFE,cmta1nq7z00xzq8iyb6nd72za,Sbokos,cmta1nqfr00y0q8iyq52gta2b,https://sbokos.gr/,JSON_LD,Store,Sbokos Deco Art Είδη Γάμου Βάφτισης,Εκάβης & Πετράκη 2,Ηράκλειο,Κρήτη,713 04,GR,35.3282704,25.1121389,e18a57b84ea57dd565856512460ff382,OFFICIAL_PHYSICAL_BUSINESS_JSON_LD_WITH_COMPLETE_POSTAL_ADDRESS
