"bucket","merchant","title","values","proposedMerchant","reason","websiteUrl","officialUrl"
"RECOVERABLE_BRAND","150€ Gift Card","150€ Gift Card","150","carrotstore","Merchant name is generic/garbage; merchant brand is recoverable from website domain.","https://carrotstore.gr","https://carrotstore.gr/gift-cards/150e-gift-card/"
"RECOVERABLE_BRAND","20€ - 250€","Δωροκάρτα 20€ - 250€","20|250","luckyboutique","Merchant name is generic/garbage; merchant brand is recoverable from website domain.","https://luckyboutique.gr","https://luckyboutique.gr/custom-giftcard.html"
"RECOVERABLE_BRAND","DE - 30€ – WARAGOD","Gift Voucher DE - 30€ – WARAGOD","30","DE - WARAGOD","Merchant name is denomination/gift-card polluted but brand can be recovered safely.","https://waragod.gr","https://www.waragod.gr/en/products/gift-voucher-de-30"
"THIRD_PARTY_CARD","Astrongameclub","Nintendo eShop 15 EUR","15","","Title appears to name a third-party gift card/product different from merchant.","https://astrongameclub.gr","https://www.astrongameclub.gr/gift-card/"
"AMOUNT_SPECIFIC_BUT_MERCHANT_OK","Adagio","Adagio Gift Voucher 200 euro","200","Adagio","Merchant name already looks valid; only the gift-card title/URL may be denomination-specific.","https://adagio.gr","https://www.adagio.gr/el/"
"AMOUNT_SPECIFIC_BUT_MERCHANT_OK","Agathou","Δωροεπιταγη 70€ - Agathou Beauty & Spa","70","Agathou","Merchant name already looks valid; only the gift-card title/URL may be denomination-specific.","https://agathou.gr","https://www.agathou.gr/product-category/%ce%b4%cf%89%cf%81%ce%bf%ce%ba%ce%b1%cf%81%cf%84%ce%b5%cf%83/"
"AMOUNT_SPECIFIC_BUT_MERCHANT_OK","Ammashop","GIFT CARD 100€ - ammashop","100","Ammashop","Merchant name already looks valid; only the gift-card title/URL may be denomination-specific.","https://ammashop.gr","https://www.ammashop.gr/gift-cards"
"AMOUNT_SPECIFIC_BUT_MERCHANT_OK","Amourianosoptics","GIFT CARD 200€","200","Amourianosoptics","Merchant name already looks valid; only the gift-card title/URL may be denomination-specific.","https://amourianosoptics.gr","https://amourianosoptics.gr/en/accessories-html/gift-cards.html"
"AMOUNT_SPECIFIC_BUT_MERCHANT_OK","Annamariamazaraki","Gift Card 50 euro. Give the gift of love to your beloved one ...","50","Annamariamazaraki","Merchant name already looks valid; only the gift-card title/URL may be denomination-specific.","https://annamariamazaraki.gr","https://annamariamazaraki.gr/"
"AMOUNT_SPECIFIC_BUT_MERCHANT_OK","Artcolour","Art & Colour Gift Card - €200","200","Artcolour","Merchant name already looks valid; only the gift-card title/URL may be denomination-specific.","https://artcolour.gr","https://artcolour.gr/"
"AMOUNT_SPECIFIC_BUT_MERCHANT_OK","Beauty Case","Gift Card - 40€ - Beauty Case","40","Beauty Case","Merchant name already looks valid; only the gift-card title/URL may be denomination-specific.","https://beauty-case.gr","https://www.beauty-case.gr/product-category/giftcard/"
"AMOUNT_SPECIFIC_BUT_MERCHANT_OK","Beautyprincess","Gift Card 50€ | BeautyPrincess – Δώρο Ομορφιάς","50","Beautyprincess","Merchant name already looks valid; only the gift-card title/URL may be denomination-specific.","https://beautyprincess.gr","https://beautyprincess.gr/gifts/gift-cards"
"AMOUNT_SPECIFIC_BUT_MERCHANT_OK","Candlejuice","Δωροκάρτα CandleJuice Gift Card 100€","100","Candlejuice","Merchant name already looks valid; only the gift-card title/URL may be denomination-specific.","https://candlejuice.gr","https://candlejuice.gr/product/dorokarta-candlejuice-gift-card-100e/"
"AMOUNT_SPECIFIC_BUT_MERCHANT_OK","Cavallo","Cavallo e-gift card - Δωροκάρτα Αξίας 20€","20","Cavallo","Merchant name already looks valid; only the gift-card title/URL may be denomination-specific.","https://cavallo.gr","https://www.cavallo.gr/product/gift-card-100e/"
"AMOUNT_SPECIFIC_BUT_MERCHANT_OK","Cordella","Δωροκάρτα 500€","500","Cordella","Merchant name already looks valid; only the gift-card title/URL may be denomination-specific.","https://cordella.gr","https://www.cordella.gr/shop/empeiries/taxidia-metakiniseis/xenodoxeia-diamones/dorokarta-500_10995"
"AMOUNT_SPECIFIC_BUT_MERCHANT_OK","Dbsounds","e-Gift Card (Hλεκτρονική Δωροκάρτα) 500€","500","Dbsounds","Merchant name already looks valid; only the gift-card title/URL may be denomination-specific.","https://dbsounds.gr","https://dbsounds.gr/"
"AMOUNT_SPECIFIC_BUT_MERCHANT_OK","Decolight","Δωροκάρτα 20€ - 0001","20","Decolight","Merchant name already looks valid; only the gift-card title/URL may be denomination-specific.","https://decolight.gr","https://decolight.gr/"
"AMOUNT_SPECIFIC_BUT_MERCHANT_OK","Dromeasbikes","Gift voucher €25","25","Dromeasbikes","Merchant name already looks valid; only the gift-card title/URL may be denomination-specific.","https://dromeasbikes.gr","https://dromeasbikes.gr/product/%ce%b4%cf%89%cf%81%ce%bf%ce%b5%cf%80%ce%b9%cf%84%ce%b1%ce%b3%ce%ae10/"
"AMOUNT_SPECIFIC_BUT_MERCHANT_OK","E Snacks","Gift Card 50€ | E-Snacks","50","E Snacks","Merchant name already looks valid; only the gift-card title/URL may be denomination-specific.","https://e-snacks.gr","https://e-snacks.gr/gift-cards"
"AMOUNT_SPECIFIC_BUT_MERCHANT_OK","E Socks","€50 Gift Card","50","E Socks","Merchant name already looks valid; only the gift-card title/URL may be denomination-specific.","https://e-socks.gr","https://e-socks.gr/collections/giftcards"
"AMOUNT_SPECIFIC_BUT_MERCHANT_OK","Enchriso","100€ gift card - Κοσμήματα En Chriso","100","Enchriso","Merchant name already looks valid; only the gift-card title/URL may be denomination-specific.","https://enchriso.gr","https://enchriso.gr/"
"AMOUNT_SPECIFIC_BUT_MERCHANT_OK","Ergaleiogatos","30 EUR","30","Ergaleiogatos","Merchant name already looks valid; only the gift-card title/URL may be denomination-specific.","https://ergaleiogatos.gr","https://www.ergaleiogatos.gr/shop/doroepitagi/"
"AMOUNT_SPECIFIC_BUT_MERCHANT_OK","Funkymonkeyshoes","ΔΩΡΟΚΑΡΤΑ 30€ | 40€ | 50","30|40","Funkymonkeyshoes","Merchant name already looks valid; only the gift-card title/URL may be denomination-specific.","https://funkymonkeyshoes.gr","https://funkymonkeyshoes.gr/product/gift-card/"
"AMOUNT_SPECIFIC_BUT_MERCHANT_OK","Kantarzoglou","€150.00 Gift Card","150","Kantarzoglou","Merchant name already looks valid; only the gift-card title/URL may be denomination-specific.","https://kantarzoglou.gr","https://www.kantarzoglou.gr/el/my-gift-cards/"
"AMOUNT_SPECIFIC_BUT_MERCHANT_OK","Kikoo","Δωροεπιταγή Kikoo 50€","50","Kikoo","Merchant name already looks valid; only the gift-card title/URL may be denomination-specific.","https://kikoo.gr","https://kikoo.gr/"
"AMOUNT_SPECIFIC_BUT_MERCHANT_OK","Krikisbeauty","Gift Card 20€ | https://krikisbeauty.gr/","20","Krikisbeauty","Merchant name already looks valid; only the gift-card title/URL may be denomination-specific.","https://krikisbeauty.gr","https://krikisbeauty.gr/shop/gift-card-100e/"
"AMOUNT_SPECIFIC_BUT_MERCHANT_OK","Laloo","Laloo Gift Card 30€","30","Laloo","Merchant name already looks valid; only the gift-card title/URL may be denomination-specific.","https://laloo.gr","https://laloo.gr/el/250-gift-cards"
"AMOUNT_SPECIFIC_BUT_MERCHANT_OK","Lamillou","Gift Card 100€ | La Millou","100","Lamillou","Merchant name already looks valid; only the gift-card title/URL may be denomination-specific.","https://lamillou.gr","https://lamillou.gr/%CF%80%CF%81%CE%BF%CF%8A%CF%8C%CE%BD/gift-card-100e/"
"AMOUNT_SPECIFIC_BUT_MERCHANT_OK","Luckytravel","Gift card €100 – €200 - Lucky Travel |","100|200","Luckytravel","Merchant name already looks valid; only the gift-card title/URL may be denomination-specific.","https://luckytravel.gr","https://www.luckytravel.gr/product/giftcard/"
"AMOUNT_SPECIFIC_BUT_MERCHANT_OK","Maniashome","ΔΩΡΟΕΠΙΤΑΓΗ €20","20","Maniashome","Merchant name already looks valid; only the gift-card title/URL may be denomination-specific.","https://maniashome.gr","https://maniashome.gr/proion/doroepitagi-e10/"
"AMOUNT_SPECIFIC_BUT_MERCHANT_OK","Maralcrafts","Gift Card 50 Euro - Maral Crafts","50","Maralcrafts","Merchant name already looks valid; only the gift-card title/URL may be denomination-specific.","https://maralcrafts.gr","https://maralcrafts.gr/product-category/gift-cards/"
"AMOUNT_SPECIFIC_BUT_MERCHANT_OK","Marinospor","Gift Card - Gift Card 100€ - Marinospor","100","Marinospor","Merchant name already looks valid; only the gift-card title/URL may be denomination-specific.","https://marinospor.gr","https://marinospor.gr/"
"AMOUNT_SPECIFIC_BUT_MERCHANT_OK","Marketfix","Gift Card Niyamas - Ηλεκτρονική Δωροκάρτα 20€","20","Marketfix","Merchant name already looks valid; only the gift-card title/URL may be denomination-specific.","https://marketfix.gr","https://marketfix.gr/"
"AMOUNT_SPECIFIC_BUT_MERCHANT_OK","Megafitness","Megafitness Gift Card 300,00€","300","Megafitness","Merchant name already looks valid; only the gift-card title/URL may be denomination-specific.","https://megafitness.gr","https://www.megafitness.gr/en/megafitness-gift-card-300-00%E2%82%AC-104325"
"AMOUNT_SPECIFIC_BUT_MERCHANT_OK","Melispa","Gift Card €30","30","Melispa","Merchant name already looks valid; only the gift-card title/URL may be denomination-specific.","https://melispa.gr","https://www.melispa.gr/el/gift-card"
"AMOUNT_SPECIFIC_BUT_MERCHANT_OK","Mgsound","MGsound Gift Card 300€ | Premium Event Gift Card","300","Mgsound","Merchant name already looks valid; only the gift-card title/URL may be denomination-specific.","https://mgsound.gr","https://www.mgsound.gr/product/gift-card-300/?srsltid=AfmBOor9zJIGcmlK-272F6SOU8U2UDBV-AfXv09-bRqilRiHpN2U7TDO"
"AMOUNT_SPECIFIC_BUT_MERCHANT_OK","Mikelidis","Δώρα :: Gift Card :: Gift Card 300 €","300","Mikelidis","Merchant name already looks valid; only the gift-card title/URL may be denomination-specific.","https://mikelidis.gr","https://www.mikelidis.gr/dora/gift-card/"
"AMOUNT_SPECIFIC_BUT_MERCHANT_OK","Motovinios","ΔΩΡΟΚΑΡΤΑ 100€ Το καλύτερο δώρο για τα αγαπημένα ...","100","Motovinios","Merchant name already looks valid; only the gift-card title/URL may be denomination-specific.","https://motovinios.gr","https://www.motovinios.gr/c/giftcard"
"AMOUNT_SPECIFIC_BUT_MERCHANT_OK","Phoskitchenware","GiftCard 100€","100","Phoskitchenware","Merchant name already looks valid; only the gift-card title/URL may be denomination-specific.","https://phoskitchenware.gr","https://www.phoskitchenware.gr/en/content/10-giftcards"
"AMOUNT_SPECIFIC_BUT_MERCHANT_OK","Profitstore","ΔωροΕπιταγή - Gift Card αξίας 500€ - ProfitStore","500","Profitstore","Merchant name already looks valid; only the gift-card title/URL may be denomination-specific.","https://profitstore.gr","https://profitstore.gr/"
"AMOUNT_SPECIFIC_BUT_MERCHANT_OK","Secretsofbeauty","Δωροκάρτα 300€ | Secrets of Beauty | Θεσσαλονίκη","300","Secretsofbeauty","Merchant name already looks valid; only the gift-card title/URL may be denomination-specific.","https://secretsofbeauty.gr","https://secretsofbeauty.gr/doroepitages-spa/dorokarta-300e"
"AMOUNT_SPECIFIC_BUT_MERCHANT_OK","Smaragdasart","E-Δωροκάρτα 200€","200","Smaragdasart","Merchant name already looks valid; only the gift-card title/URL may be denomination-specific.","https://smaragdasart.gr","https://smaragdasart.gr/el/card/171-e-gift-card-100-.html"
"AMOUNT_SPECIFIC_BUT_MERCHANT_OK","Stickit","Δωροεπιταγή 10 € - 100 €","10|100","Stickit","Merchant name already looks valid; only the gift-card title/URL may be denomination-specific.","https://stickit.gr","https://stickit.gr/"
"AMOUNT_SPECIFIC_BUT_MERCHANT_OK","Tacticalstore","Δωροκάρτα 50€ Tactical Store – Digital Gift Card - Tacticalstore ...","50","Tacticalstore","Merchant name already looks valid; only the gift-card title/URL may be denomination-specific.","https://tacticalstore.gr","https://www.tacticalstore.gr/product/dorokarta-tactical-store-100e-pro-gift-card/"
"AMOUNT_SPECIFIC_BUT_MERCHANT_OK","Thomann","Thomann Gift Certificate 50 EUR","50","Thomann","Merchant name already looks valid; only the gift-card title/URL may be denomination-specific.","https://thomann.de","https://www.thomann.de/gr/index.html"
"AMOUNT_SPECIFIC_BUT_MERCHANT_OK","Topgreekwines","Gift voucher 50€","50","Topgreekwines","Merchant name already looks valid; only the gift-card title/URL may be denomination-specific.","https://topgreekwines.gr","https://www.topgreekwines.gr/en-gb/gift-voucher-50%E2%82%AC-wines.html"
"AMOUNT_SPECIFIC_BUT_MERCHANT_OK","Turritella","Δωροκάρτα 50€ - Turritella","50","Turritella","Merchant name already looks valid; only the gift-card title/URL may be denomination-specific.","https://turritella.gr","https://turritella.gr/giftcards/"
"AMOUNT_SPECIFIC_BUT_MERCHANT_OK","Undergroundshop","GIFTCARD 10 EURO GIFTCARD_1","10","Undergroundshop","Merchant name already looks valid; only the gift-card title/URL may be denomination-specific.","https://undergroundshop.gr","https://undergroundshop.gr/"
"AMOUNT_SPECIFIC_BUT_MERCHANT_OK","Vinylartclothing","Vinyl gift card 40€","40","Vinylartclothing","Merchant name already looks valid; only the gift-card title/URL may be denomination-specific.","https://vinylartclothing.gr","https://vinylartclothing.gr/products/gift-card-40"
"AMOUNT_SPECIFIC_BUT_MERCHANT_OK","Wine24shop","Gift Card 20 euro - Wine24shop","20","Wine24shop","Merchant name already looks valid; only the gift-card title/URL may be denomination-specific.","https://wine24shop.gr","https://www.wine24shop.gr/dorokarta-100-euro.el.aspx"
"AMOUNT_SPECIFIC_BUT_MERCHANT_OK","Yellowstars","Δωροκάρτα 20€ YellowStars","20","Yellowstars","Merchant name already looks valid; only the gift-card title/URL may be denomination-specific.","https://yellowstars.gr","https://yellowstars.gr/category/dorokarta"
"AMOUNT_SPECIFIC_BUT_MERCHANT_OK","iQueens","iQueens: Το Ιδανικό Δώρο! Δωροκάρτες από 20€ έως 400€","20|400","iQueens","Merchant name already looks valid; only the gift-card title/URL may be denomination-specific.","https://iqueens.gr","https://www.iqueens.gr/el/dorokartes/309412-ilektroniko-kouponi-aksias-400-.html"
"NEEDS_MANUAL_REVIEW","Gift Voucher 100 EUR","Gift Voucher 100 EUR","100","","Merchant name is polluted but automatic brand recovery is not confident enough.","https://zador.gr","https://www.zador.gr/en/products/gift-voucher-100-eur"
"NEEDS_MANUAL_REVIEW","ΔΩΡΟΚΑΡΤΑ 100€","ΔΩΡΟΚΑΡΤΑ 100€","100","","Merchant name is polluted but automatic brand recovery is not confident enough.","https://hobbywood.gr","https://www.hobbywood.gr/GIFTCARD100"