classification,cardId,merchantId,merchantName,oldTitle,v11Title,currentTitle,proposedTitle,officialUrl,reason,variantEvidence,categories,occasions,relationCounts
SAFE_CANONICAL,cmta1m5dl00rwq8iyrk8timkq,cmta1m57o00rvq8iy2yljsl7f,Zuccherino,Gift card – Σελίδα 5,Zuccherino Gift Card,Zuccherino Gift Card,Zuccherino Gift Card,https://zuccherino.gr/product-category/gift-card/,"The removed text is generic gift-card wording, page-title/SEO noise, marketing copy, or a descriptor already retained by the canonical merchant identity.",,,,"{""variants"":0,""categories"":0,""occasions"":0,""sources"":0,""mediaAssets"":0,""clicks"":0,""verificationEvents"":0,""reviewFlags"":0,""productionVerificationSnapshots"":0}"
SAFE_CANONICAL,cmta4ymsn001tsciyyvjfc8uf,cmta4ymm6001ssciye2mig0rl,Katsudo,Gift Voucher - Katsudo,Katsudo Gift Card,Katsudo Gift Card,Katsudo Gift Card,https://www.katsudo.gr/en/products/gift-voucher,"The removed text is generic gift-card wording, page-title/SEO noise, marketing copy, or a descriptor already retained by the canonical merchant identity.",,,,"{""variants"":0,""categories"":0,""occasions"":0,""sources"":0,""mediaAssets"":0,""clicks"":0,""verificationEvents"":0,""reviewFlags"":0,""productionVerificationSnapshots"":0}"
MANUAL_REVIEW,cmta4z4qr003xsciyykm8w59d,cmta4z4k4003wsciy9ee1wgu6,Tailor Made Knitwear,Ηλεκτρονική Δωροκάρτα - Tailor Made knitwear GiftCard,Tailor Made Knitwear Gift Card,Tailor Made Knitwear Gift Card,Tailor Made Knitwear Gift Card,https://tailormadeknitwear.com.gr/product/giftcard-tailor-made-knitwear/,The old title stated that the card is electronic; confirm that the digital channel is represented in variants/delivery data.,,,,"{""variants"":0,""categories"":0,""occasions"":0,""sources"":0,""mediaAssets"":0,""clicks"":0,""verificationEvents"":0,""reviewFlags"":0,""productionVerificationSnapshots"":0}"
SAFE_CANONICAL,cmta5nkqd000354iye66fxcah,cmta5nklm000254iyykvcbi2u,Atelie,Δωροκάρτες - Giftcards :: Ατελιέ - Atelie,Atelie Gift Card,Atelie Gift Card,Atelie Gift Card,https://www.atelie.com.gr/178-giftcards,"The removed text is generic gift-card wording, page-title/SEO noise, marketing copy, or a descriptor already retained by the canonical merchant identity.",,,,"{""variants"":0,""categories"":0,""occasions"":0,""sources"":0,""mediaAssets"":0,""clicks"":0,""verificationEvents"":0,""reviewFlags"":0,""productionVerificationSnapshots"":0}"
SAFE_CANONICAL,cmtb6uf7q00073giyshj993ld,cmtb6uf2e00063giydxiii0f7,Ale Boutique,Δωροκάρτα - Aleboutique.gr,Ale Boutique Gift Card,Ale Boutique Gift Card,Ale Boutique Gift Card,https://aleboutique.gr/%CE%B4%CF%89%CF%81%CE%BF%CE%BA%CE%AC%CF%81%CF%84%CE%B1-aleboutique,"The removed text is generic gift-card wording, page-title/SEO noise, marketing copy, or a descriptor already retained by the canonical merchant identity.",,,,"{""variants"":0,""categories"":0,""occasions"":0,""sources"":0,""mediaAssets"":0,""clicks"":0,""verificationEvents"":0,""reviewFlags"":0,""productionVerificationSnapshots"":0}"
SAFE_CANONICAL,cmtb6ufxo000b3giyektyl1hg,cmtb6ufsn000a3giyjib46xsx,Angelopoulos Hair,Gift Card | AngelopoulosHair,Angelopoulos Hair Gift Card,Angelopoulos Hair Gift Card,Angelopoulos Hair Gift Card,https://www.angelopouloshair.gr/en/dorokartes,"The removed text is generic gift-card wording, page-title/SEO noise, marketing copy, or a descriptor already retained by the canonical merchant identity.",,,,"{""variants"":0,""categories"":0,""occasions"":0,""sources"":0,""mediaAssets"":0,""clicks"":0,""verificationEvents"":0,""reviewFlags"":0,""productionVerificationSnapshots"":0}"
SAFE_CANONICAL,cmtb6uijf000p3giy2w2ofsxh,cmtb6uiej000o3giy9hqeoxbx,Black Swan LBS,Δωροκάρτα - Blackswan-lbs.gr,Black Swan LBS Gift Card,Black Swan LBS Gift Card,Black Swan LBS Gift Card,https://www.blackswan-lbs.gr/index.php?route=product/product&product_id=849,"The removed text is generic gift-card wording, page-title/SEO noise, marketing copy, or a descriptor already retained by the canonical merchant identity.",,,,"{""variants"":0,""categories"":0,""occasions"":0,""sources"":0,""mediaAssets"":0,""clicks"":0,""verificationEvents"":0,""reviewFlags"":0,""productionVerificationSnapshots"":0}"
SAFE_CANONICAL,cmtb6uiwb000r3giyfnoob57v,cmtb6uirb000q3giyu8dm1mgz,Bodywise Studio,Δωροκάρτα - Bodywise Studio στη Θεσσαλονίκη,Bodywise Studio Gift Card,Bodywise Studio Gift Card,Bodywise Studio Gift Card,https://bodywise.gr/dorokarta/,"The removed text is generic gift-card wording, page-title/SEO noise, marketing copy, or a descriptor already retained by the canonical merchant identity.",,,,"{""variants"":0,""categories"":0,""occasions"":0,""sources"":0,""mediaAssets"":0,""clicks"":0,""verificationEvents"":0,""reviewFlags"":0,""productionVerificationSnapshots"":0}"
SAFE_CANONICAL,cmtb6uke8000z3giy1zoyix8p,cmtb6uk9l000y3giypqaa5qta,Cestino,Δωροκάρτα – Cestino,Cestino Gift Card,Cestino Gift Card,Cestino Gift Card,https://cestino.gr/product-category/%CE%B4%CF%89%CF%81%CE%BF%CE%BA%CE%AC%CF%81%CF%84%CE%B1/,"The removed text is generic gift-card wording, page-title/SEO noise, marketing copy, or a descriptor already retained by the canonical merchant identity.",,,,"{""variants"":0,""categories"":0,""occasions"":0,""sources"":0,""mediaAssets"":0,""clicks"":0,""verificationEvents"":0,""reviewFlags"":0,""productionVerificationSnapshots"":0}"
SAFE_CANONICAL,cmtb6ukrk00113giy3b51tyv1,cmtb6ukm900103giywd8g6bej,Coffee Lovers,Coffeelovers Giftcard,Coffee Lovers Gift Card,Coffee Lovers Gift Card,Coffee Lovers Gift Card,https://coffeelovers.gr/product/coffeelovers-giftcard/,"The removed text is generic gift-card wording, page-title/SEO noise, marketing copy, or a descriptor already retained by the canonical merchant identity.",,,,"{""variants"":0,""categories"":0,""occasions"":0,""sources"":0,""mediaAssets"":0,""clicks"":0,""verificationEvents"":0,""reviewFlags"":0,""productionVerificationSnapshots"":0}"
SAFE_CANONICAL,cmtb6ul4v00133giyhgnnpf1j,cmtb6ukzy00123giywn3ir226,ColorDrop,Giftcard - ColorDrop,ColorDrop Gift Card,ColorDrop Gift Card,ColorDrop Gift Card,https://colordrop.gr/giftcard/,"The removed text is generic gift-card wording, page-title/SEO noise, marketing copy, or a descriptor already retained by the canonical merchant identity.",,,,"{""variants"":0,""categories"":0,""occasions"":0,""sources"":0,""mediaAssets"":0,""clicks"":0,""verificationEvents"":0,""reviewFlags"":0,""productionVerificationSnapshots"":0}"
SAFE_CANONICAL,cmtb6uli700153giy75i0msk9,cmtb6uldr00143giypfbpoqvn,Confetti Gifts,Δωροκάρτα - Confetti - Gifts,Confetti Gifts Gift Card,Confetti Gifts Gift Card,Confetti Gifts Gift Card,https://confetti-gifts.gr/product/dwrokarta-confetti-gifts/,"The removed text is generic gift-card wording, page-title/SEO noise, marketing copy, or a descriptor already retained by the canonical merchant identity.",,,,"{""variants"":0,""categories"":0,""occasions"":0,""sources"":0,""mediaAssets"":0,""clicks"":0,""verificationEvents"":0,""reviewFlags"":0,""productionVerificationSnapshots"":0}"
SAFE_CANONICAL,cmtb6umlr001b3giycaopqllh,cmtb6umh9001a3giyub7q7u30,DMK Tools,Δωροκάρτα - Dmktools.gr,DMK Tools Gift Card,DMK Tools Gift Card,DMK Tools Gift Card,https://dmktools.gr/product/organa-metrisis/trochi-odikis-metrisis/%CE%B4%CF%89%CF%81%CE%BF%CE%BA%CE%AC%CF%81%CF%84%CE%B1/,"The removed text is generic gift-card wording, page-title/SEO noise, marketing copy, or a descriptor already retained by the canonical merchant identity.",,,,"{""variants"":0,""categories"":0,""occasions"":0,""sources"":0,""mediaAssets"":0,""clicks"":0,""verificationEvents"":0,""reviewFlags"":0,""productionVerificationSnapshots"":0}"
SAFE_CANONICAL,cmtb6unre001h3giyec12nyxq,cmtb6unm6001g3giyfxqqp281,Fan Pharmacy,Δωροκάρτα - fanpharmacy.gr,Fan Pharmacy Gift Card,Fan Pharmacy Gift Card,Fan Pharmacy Gift Card,https://fanpharmacy.gr/product/dorokarta/,"The removed text is generic gift-card wording, page-title/SEO noise, marketing copy, or a descriptor already retained by the canonical merchant identity.",,,,"{""variants"":0,""categories"":0,""occasions"":0,""sources"":0,""mediaAssets"":0,""clicks"":0,""verificationEvents"":0,""reviewFlags"":0,""productionVerificationSnapshots"":0}"
SAFE_CANONICAL,cmtb6uogu001k3giyevih3jt5,cmtb6uoby001j3giybkb09ezk,F.O.R.T.Y. Boutique,F.O.R.T.Y. Boutique Gift Card - The Perfect Gift for Every Occasion,F.O.R.T.Y. Boutique Gift Card,F.O.R.T.Y. Boutique Gift Card,F.O.R.T.Y. Boutique Gift Card,https://www.fortyboutique.gr/en/products/%CE%B4%CF%89%CF%81%CE%BF%CE%BA%CE%AC%CF%81%CF%84%CE%B1-f-o-r-t-y-boutique,"The removed text is generic gift-card wording, page-title/SEO noise, marketing copy, or a descriptor already retained by the canonical merchant identity.",,,,"{""variants"":0,""categories"":0,""occasions"":0,""sources"":0,""mediaAssets"":0,""clicks"":0,""verificationEvents"":0,""reviewFlags"":0,""productionVerificationSnapshots"":0}"
SAFE_CANONICAL,cmtb6uox1001m3giybq8qyts9,cmtb6uorg001l3giy24moh9jp,Francesca,Gift Card | francesca,Francesca Gift Card,Francesca Gift Card,Francesca Gift Card,https://www.francesca.gr/gift-card?lang=en,"The removed text is generic gift-card wording, page-title/SEO noise, marketing copy, or a descriptor already retained by the canonical merchant identity.",,,,"{""variants"":0,""categories"":0,""occasions"":0,""sources"":0,""mediaAssets"":0,""clicks"":0,""verificationEvents"":0,""reviewFlags"":0,""productionVerificationSnapshots"":0}"
MANUAL_REVIEW,cmtb6uqep001u3giya6xdb0l8,cmtb6uq9b001t3giygowy28vc,Globi,Globi Digital Gift Card | Δωροκάρτα Τεχνολογίας Online,Globi Gift Card,Globi Gift Card,Globi Gift Card,https://globi.gr/product/dwrokarta/,The old title stated digital/online availability; verify structured channel data before closing the correction.,,,,"{""variants"":0,""categories"":0,""occasions"":0,""sources"":0,""mediaAssets"":0,""clicks"":0,""verificationEvents"":0,""reviewFlags"":0,""productionVerificationSnapshots"":0}"
MANUAL_REVIEW,cmtb6urib00203giyzhdgmnv4,cmtb6urdq001z3giyx4g2l4dm,HelloKids,Ηλεκτρονική Δωροκάρτα – HelloKids.gr,HelloKids Gift Card,HelloKids Gift Card,HelloKids Gift Card,https://www.hellokids.gr/products/%CE%B7%CE%BB%CE%B5%CE%BA%CF%84%CF%81%CE%BF%CE%BD%CE%B9%CE%BA%CE%AE-%CE%B4%CF%89%CF%81%CE%BF%CE%BA%CE%AC%CF%81%CF%84%CE%B1,The removed electronic-card qualifier belongs in variant/channel data and needs an explicit evidence check.,,,,"{""variants"":0,""categories"":0,""occasions"":0,""sources"":0,""mediaAssets"":0,""clicks"":0,""verificationEvents"":0,""reviewFlags"":0,""productionVerificationSnapshots"":0}"
SAFE_CANONICAL,cmtb6uw0e002o3giyafr6pxqp,cmtb6uvw3002n3giyqr9kvyec,Linson Moto,ДРУГИ Gift Card,Linson Moto Gift Card,Linson Moto Gift Card,Linson Moto Gift Card,https://linsonmoto.gr/dwrokarta-200,"The removed text is generic gift-card wording, page-title/SEO noise, marketing copy, or a descriptor already retained by the canonical merchant identity.",,,,"{""variants"":0,""categories"":0,""occasions"":0,""sources"":0,""mediaAssets"":0,""clicks"":0,""verificationEvents"":0,""reviewFlags"":0,""productionVerificationSnapshots"":0}"
SAFE_CANONICAL,cmtb6uy8d00303giy23wvv4xn,cmtb6uy3n002z3giyohz3pcwu,NaniNails.gr,- NaniNails.gr Gift Card,NaniNails.gr Gift Card,NaniNails.gr Gift Card,NaniNails.gr Gift Card,https://www.naninails.gr/dorokarta-axias-20-eur/,"The removed text is generic gift-card wording, page-title/SEO noise, marketing copy, or a descriptor already retained by the canonical merchant identity.",,,,"{""variants"":0,""categories"":0,""occasions"":0,""sources"":0,""mediaAssets"":0,""clicks"":0,""verificationEvents"":0,""reviewFlags"":0,""productionVerificationSnapshots"":0}"
SAFE_CANONICAL,cmtb6uzbu00363giyjxgyidjk,cmtb6uz6p00353giyzkow4qml,OMG,OMG Gift Card – Funny Tees & Baby Gifts | OMG,OMG Gift Card,OMG Gift Card,OMG Gift Card,https://omg.gr/products/omg-gift-card,"The removed text is generic gift-card wording, page-title/SEO noise, marketing copy, or a descriptor already retained by the canonical merchant identity.",,,,"{""variants"":0,""categories"":0,""occasions"":0,""sources"":0,""mediaAssets"":0,""clicks"":0,""verificationEvents"":0,""reviewFlags"":0,""productionVerificationSnapshots"":0}"
SAFE_CANONICAL,cmtb6uzqb00383giyfbh3f5i0,cmtb6uzla00373giydd6wqbju,Optika Liolios,Δωροκάρτες | OptikaLiolios,Optika Liolios Gift Card,Optika Liolios Gift Card,Optika Liolios Gift Card,https://www.optikaliolios.gr/%CE%B4%CF%89%CF%81%CE%BF%CE%BA%CE%B1%CF%81%CF%84%CE%B5%CF%83.htm,"The removed text is generic gift-card wording, page-title/SEO noise, marketing copy, or a descriptor already retained by the canonical merchant identity.",,,,"{""variants"":0,""categories"":0,""occasions"":0,""sources"":0,""mediaAssets"":0,""clicks"":0,""verificationEvents"":0,""reviewFlags"":0,""productionVerificationSnapshots"":0}"
SAFE_CANONICAL,cmtb6v0i7003c3giyqzykbead,cmtb6v0di003b3giyxpscbnbo,Parenting Courses,Gift card 2 - Parenting Courses,Parenting Courses Gift Card,Parenting Courses Gift Card,Parenting Courses Gift Card,https://www.parentingcourses.gr/pages/gift-card-2,"The removed text is generic gift-card wording, page-title/SEO noise, marketing copy, or a descriptor already retained by the canonical merchant identity.",,,,"{""variants"":0,""categories"":0,""occasions"":0,""sources"":0,""mediaAssets"":0,""clicks"":0,""verificationEvents"":0,""reviewFlags"":0,""productionVerificationSnapshots"":0}"
SAFE_CANONICAL,cmtb6v18b003g3giyvg8zhfi4,cmtb6v13b003f3giyxe6vuddf,Power Energy,Δωροκάρτα - Power Energy,Power Energy Gift Card,Power Energy Gift Card,Power Energy Gift Card,https://www.powerenergy.gr/shop/dorokarta/,"The removed text is generic gift-card wording, page-title/SEO noise, marketing copy, or a descriptor already retained by the canonical merchant identity.",,,,"{""variants"":0,""categories"":0,""occasions"":0,""sources"":0,""mediaAssets"":0,""clicks"":0,""verificationEvents"":0,""reviewFlags"":0,""productionVerificationSnapshots"":0}"
SAFE_CANONICAL,cmtb6v7un004g3giy4jgauceq,cmtb6v7qe004f3giyu88xwoub,Wellbee Cosmetics,Δωροκάρτα - Wellbee Cosmetics,Wellbee Cosmetics Gift Card,Wellbee Cosmetics Gift Card,Wellbee Cosmetics Gift Card,https://www.wellbee.gr/product/dwrokarta/,"The removed text is generic gift-card wording, page-title/SEO noise, marketing copy, or a descriptor already retained by the canonical merchant identity.",,,,"{""variants"":0,""categories"":0,""occasions"":0,""sources"":0,""mediaAssets"":0,""clicks"":0,""verificationEvents"":0,""reviewFlags"":0,""productionVerificationSnapshots"":0}"
SAFE_CANONICAL,cmtb76zcu000bdkiy6hek2eml,cmtb76z7c000adkiy66vik5q1,Blue Blue,Gift Cards,Blue Blue Gift Card,Blue Blue Gift Card,Blue Blue Gift Card,https://blueblue.gr/shop/gift-cards,"The removed text is generic gift-card wording, page-title/SEO noise, marketing copy, or a descriptor already retained by the canonical merchant identity.",,,,"{""variants"":0,""categories"":0,""occasions"":0,""sources"":0,""mediaAssets"":0,""clicks"":0,""verificationEvents"":0,""reviewFlags"":0,""productionVerificationSnapshots"":0}"
SAFE_CANONICAL,cmtb7703h000fdkiy6xz320nd,cmtb76zyk000edkiyoal0zyeg,Caravin,Κάρτα Δώρου,Caravin Gift Card,Caravin Gift Card,Caravin Gift Card,https://www.caravin.gr/el/giftcard-2/,"The removed text is generic gift-card wording, page-title/SEO noise, marketing copy, or a descriptor already retained by the canonical merchant identity.",,,,"{""variants"":0,""categories"":0,""occasions"":0,""sources"":0,""mediaAssets"":0,""clicks"":0,""verificationEvents"":0,""reviewFlags"":0,""productionVerificationSnapshots"":0}"
SAFE_CANONICAL,cmtb772gg000rdkiyb7t4zkvz,cmtb77293000qdkiyuxwy6vfj,DerMARGY LAB,GIFT CARDS,DerMARGY LAB Gift Card,DerMARGY LAB Gift Card,DerMARGY LAB Gift Card,https://www.dermargylab.gr/gift-cards/,"The removed text is generic gift-card wording, page-title/SEO noise, marketing copy, or a descriptor already retained by the canonical merchant identity.",,,,"{""variants"":0,""categories"":0,""occasions"":0,""sources"":0,""mediaAssets"":0,""clicks"":0,""verificationEvents"":0,""reviewFlags"":0,""productionVerificationSnapshots"":0}"
SAFE_CANONICAL,cmtb773a9000vdkiy4ycbnjw9,cmtb7734h000udkiyga232vnm,Dimidis Tours,my travel gift card - Δωροεπιταγή,Dimidis Tours Gift Card,Dimidis Tours Gift Card,Dimidis Tours Gift Card,https://dimidistours.gr/my-travel-gift-card-%CE%B4%CF%89%CF%81%CE%BF%CE%B5%CF%80%CE%B9%CF%84%CE%B1%CE%B3%CE%AE-t275.html,"The removed text is generic gift-card wording, page-title/SEO noise, marketing copy, or a descriptor already retained by the canonical merchant identity.",,,,"{""variants"":0,""categories"":0,""occasions"":0,""sources"":0,""mediaAssets"":0,""clicks"":0,""verificationEvents"":0,""reviewFlags"":0,""productionVerificationSnapshots"":0}"
SAFE_CANONICAL,cmtb774sd0013dkiy6s1lutst,cmtb774mt0012dkiyq4k7d2ow,Feed Me,- Feed Me Gift Card,Feed Me Gift Card,Feed Me Gift Card,Feed Me Gift Card,https://www.feedmepetshop.gr/%CE%B4%CF%89%CF%81%CE%BF%CE%BA%CE%AC%CF%81%CF%84%CE%B1-giftcard-25e/,"The removed text is generic gift-card wording, page-title/SEO noise, marketing copy, or a descriptor already retained by the canonical merchant identity.",,,,"{""variants"":0,""categories"":0,""occasions"":0,""sources"":0,""mediaAssets"":0,""clicks"":0,""verificationEvents"":0,""reviewFlags"":0,""productionVerificationSnapshots"":0}"
MANUAL_REVIEW,cmtb7769p001bdkiyujfcxt1s,cmtb7764f001adkiyw9hwme1l,Gatos Shoes,d75 Gift Card,Gatos Shoes Gift Card,Gatos Shoes Gift Card,Gatos Shoes Gift Card,https://gatos-shoes.gr/product/dorokarta-75e/,The token d75 and the denomination-specific URL may encode a €75 value that is not yet represented structurally.,,,,"{""variants"":0,""categories"":0,""occasions"":0,""sources"":0,""mediaAssets"":0,""clicks"":0,""verificationEvents"":0,""reviewFlags"":0,""productionVerificationSnapshots"":0}"
SAFE_CANONICAL,cmtb77b2g001zdkiygg6f6j59,cmtb77axg001ydkiyrprc62wi,LA Travel,Travel Gift Voucher,LA Travel Gift Card,LA Travel Gift Card,LA Travel Gift Card,https://www.latravel.gr/gift-voucher/,"The removed text is generic gift-card wording, page-title/SEO noise, marketing copy, or a descriptor already retained by the canonical merchant identity.",,,,"{""variants"":0,""categories"":0,""occasions"":0,""sources"":0,""mediaAssets"":0,""clicks"":0,""verificationEvents"":0,""reviewFlags"":0,""productionVerificationSnapshots"":0}"
MANUAL_REVIEW,cmtb77bgd0021dkiyy3u2x8qn,cmtb77bbd0020dkiyyi6uurk8,Lookshop,Δωροκάρτα Super Dad,Lookshop Gift Card,Lookshop Gift Card,Lookshop Gift Card,https://lookshop.gr/giftcard2.html,Super Dad appears to be an occasion/design label; keep one canonical program but verify Father’s Day taxonomy coverage.,,,,"{""variants"":0,""categories"":0,""occasions"":0,""sources"":0,""mediaAssets"":0,""clicks"":0,""verificationEvents"":0,""reviewFlags"":0,""productionVerificationSnapshots"":0}"
MANUAL_REVIEW,cmtb77ckx0027dkiyltinns4m,cmtb77cfx0026dkiyp3b4iz9q,Mix & Match,DIGITAL GIFT CARD,Mix & Match Gift Card,Mix & Match Gift Card,Mix & Match Gift Card,https://mixandmatch.gr/product/digital-gift-card/,The removed DIGITAL qualifier needs confirmation in GiftCardVariant before this title change is fully closed.,,,,"{""variants"":0,""categories"":0,""occasions"":0,""sources"":0,""mediaAssets"":0,""clicks"":0,""verificationEvents"":0,""reviewFlags"":0,""productionVerificationSnapshots"":0}"
SAFE_CANONICAL,cmtb77ei2002hdkiyto50x79b,cmtb77ecy002gdkiyplat2lrt,North & South Jewelry,North & South jewelry gift card,North & South Jewelry Gift Card,North & South Jewelry Gift Card,North & South Jewelry Gift Card,https://www.northandsouthjewelry.gr/products/north-south-jewelry-gift-card,"The removed text is generic gift-card wording, page-title/SEO noise, marketing copy, or a descriptor already retained by the canonical merchant identity.",,,,"{""variants"":0,""categories"":0,""occasions"":0,""sources"":0,""mediaAssets"":0,""clicks"":0,""verificationEvents"":0,""reviewFlags"":0,""productionVerificationSnapshots"":0}"
PRESERVE_PROGRAM_NAME,cmtb77fxv002pdkiyob6nfyir,cmtb77fsy002odkiypybibga6,Oxygen Plus,Luxurious Day Spa Gift Card,Oxygen Plus Gift Card,Oxygen Plus Gift Card,Oxygen Plus Luxurious Day Spa Gift Card,https://oxygenplus.gr/en/product/luxurious-giftcard/,"The old title identifies a specific day-spa offering, not merely merchant or SEO noise.",,,,"{""variants"":0,""categories"":0,""occasions"":0,""sources"":0,""mediaAssets"":0,""clicks"":0,""verificationEvents"":0,""reviewFlags"":0,""productionVerificationSnapshots"":0}"
SAFE_CANONICAL,cmtb77gud002tdkiyoa7zz562,cmtb77gmh002sdkiytfif5f3w,Pavone Shoes,Gift Cards,Pavone Shoes Gift Card,Pavone Shoes Gift Card,Pavone Shoes Gift Card,https://pavoneshoes.gr/en/gift-cards,"The removed text is generic gift-card wording, page-title/SEO noise, marketing copy, or a descriptor already retained by the canonical merchant identity.",,,,"{""variants"":0,""categories"":0,""occasions"":0,""sources"":0,""mediaAssets"":0,""clicks"":0,""verificationEvents"":0,""reviewFlags"":0,""productionVerificationSnapshots"":0}"
SAFE_CANONICAL,cmtb77hlh002xdkiyk3j9xven,cmtb77hgm002wdkiy7a6hmw6n,Physis Massage,Massage Gift Card,Physis Massage Gift Card,Physis Massage Gift Card,Physis Massage Gift Card,https://physismassage.gr/en/gift-cards/,"The removed text is generic gift-card wording, page-title/SEO noise, marketing copy, or a descriptor already retained by the canonical merchant identity.",,,,"{""variants"":0,""categories"":0,""occasions"":0,""sources"":0,""mediaAssets"":0,""clicks"":0,""verificationEvents"":0,""reviewFlags"":0,""productionVerificationSnapshots"":0}"
SAFE_CANONICAL,cmtb77kvs003edkiy6w6lndbt,cmtikaqo00003csiywsh4i0ff,Tennis Garden,Δωροκάρτες,Tennis Garden Gift Card,Tennis Garden Gift Card,Tennis Garden Gift Card,https://tennisgarden.gr/gift-cards/,"The removed text is generic gift-card wording, page-title/SEO noise, marketing copy, or a descriptor already retained by the canonical merchant identity.",,,,"{""variants"":0,""categories"":0,""occasions"":0,""sources"":0,""mediaAssets"":0,""clicks"":0,""verificationEvents"":0,""reviewFlags"":0,""productionVerificationSnapshots"":0}"
SAFE_CANONICAL,cmtb77lnk003idkiykm5i5vto,cmtb77lik003hdkiy87gxmjpc,Theλamdaproject,Gift Voucher - Theλamdaproject - Language School,Theλamdaproject Gift Card,Theλamdaproject Gift Card,Theλamdaproject Gift Card,https://thelproject.gr/courses/gift-voucher/,"The removed text is generic gift-card wording, page-title/SEO noise, marketing copy, or a descriptor already retained by the canonical merchant identity.",,,,"{""variants"":0,""categories"":0,""occasions"":0,""sources"":0,""mediaAssets"":0,""clicks"":0,""verificationEvents"":0,""reviewFlags"":0,""productionVerificationSnapshots"":0}"
MANUAL_REVIEW,cmtb77p0o0040dkiyr700iran,cmtb77ow4003zdkiyxwfwp2jk,Valsamakis,Name Day GIft Card - Καλαμάτα,Valsamakis Gift Card,Valsamakis Gift Card,Valsamakis Gift Card,https://valsamakis.gr/name-day-gift-card.html,Name Day is an occasion signal; confirm whether it is taxonomy metadata or a genuinely distinct program.,,,,"{""variants"":0,""categories"":0,""occasions"":0,""sources"":0,""mediaAssets"":0,""clicks"":0,""verificationEvents"":0,""reviewFlags"":0,""productionVerificationSnapshots"":0}"
SAFE_CANONICAL,cmtb77pdh0042dkiyjcs75ba2,cmtb77p8v0041dkiy4o113qwf,Vicious Cycles Athens,Sick Gift Card - ViciousCyclesAthens,Vicious Cycles Athens Gift Card,Vicious Cycles Athens Gift Card,Vicious Cycles Athens Gift Card,https://www.vca.gr/products/gift-card,"The removed text is generic gift-card wording, page-title/SEO noise, marketing copy, or a descriptor already retained by the canonical merchant identity.",,,,"{""variants"":0,""categories"":0,""occasions"":0,""sources"":0,""mediaAssets"":0,""clicks"":0,""verificationEvents"":0,""reviewFlags"":0,""productionVerificationSnapshots"":0}"
MANUAL_REVIEW,cmtb77qi60048dkiyu8khlp3s,cmtb77qd60047dkiyo2864egs,Alexandris Stores,Valentine's day Gift Card - Δωροκάρτα - Αλεξανδρής Καταστήματα,Alexandris Stores Gift Card,Alexandris Stores Gift Card,Alexandris Stores Gift Card,https://alexandrisstores.gr/en/product/valentines-day-gift-card-%CE%B4%CF%89%CF%81%CE%BF%CE%BA%CE%AC%CF%81%CF%84%CE%B1/,Valentine’s Day is an occasion signal; confirm taxonomy coverage and whether the merchant exposes a separate program.,,,,"{""variants"":0,""categories"":0,""occasions"":0,""sources"":0,""mediaAssets"":0,""clicks"":0,""verificationEvents"":0,""reviewFlags"":0,""productionVerificationSnapshots"":0}"
MANUAL_REVIEW,cmtb77r83004bdkiycl9k0utt,cmtikaq840000csiynr88cto8,Antithesis Clothing,Ηλεκτρονική Δωροκάρτα,Antithesis Clothing Gift Card,Antithesis Clothing Gift Card,Antithesis Clothing Gift Card,https://antithesisclothing.gr/shop/dorokarta/,The removed electronic-card qualifier needs structured variant/channel confirmation.,,,,"{""variants"":0,""categories"":0,""occasions"":0,""sources"":0,""mediaAssets"":0,""clicks"":0,""verificationEvents"":0,""reviewFlags"":0,""productionVerificationSnapshots"":0}"
MANUAL_REVIEW,cmtb77uej004rdkiydqqx9ujt,cmtb77u9k004qdkiy5aipr12d,Cherrybox,You are My Super Mom Gift Card,Cherrybox Gift Card,Cherrybox Gift Card,Cherrybox Gift Card,https://cherrybox.gr/1683635829833-you-are-my-super-mom-gift-card.html,Super Mom appears to be an occasion/design label; verify Mother’s Day taxonomy rather than assuming a separate program.,,,,"{""variants"":0,""categories"":0,""occasions"":0,""sources"":0,""mediaAssets"":0,""clicks"":0,""verificationEvents"":0,""reviewFlags"":0,""productionVerificationSnapshots"":0}"
SAFE_CANONICAL,cmtb77urx004tdkiyvtb2mf7m,cmtb77umw004sdkiyct2g9fx2,Create Athens,Create Gift Card,Create Athens Gift Card,Create Athens Gift Card,Create Athens Gift Card,https://createathens.gr/el/shop/items/coffee-tools/create-gift-card-gr/,"The removed text is generic gift-card wording, page-title/SEO noise, marketing copy, or a descriptor already retained by the canonical merchant identity.",,,,"{""variants"":0,""categories"":0,""occasions"":0,""sources"":0,""mediaAssets"":0,""clicks"":0,""verificationEvents"":0,""reviewFlags"":0,""productionVerificationSnapshots"":0}"
SAFE_CANONICAL,cmtb77v6h004vdkiy54z2aiui,cmtb77v1h004udkiyfr8vdjju,Cuka,Δωροκάρτα - Δεν ξέρεις τι δώρο να κάνεις σε ένα αγαπημένο ...,Cuka Gift Card,Cuka Gift Card,Cuka Gift Card,https://cuka.gr/shop/new-collection-ss-26-all/gift-card-2/,"The removed text is generic gift-card wording, page-title/SEO noise, marketing copy, or a descriptor already retained by the canonical merchant identity.",,,,"{""variants"":0,""categories"":0,""occasions"":0,""sources"":0,""mediaAssets"":0,""clicks"":0,""verificationEvents"":0,""reviewFlags"":0,""productionVerificationSnapshots"":0}"
MANUAL_REVIEW,cmtb77yht005ddkiykt4vsu49,cmtb77yct005cdkiy70l66iyx,Times Store,Purchase a digital gift card - Ioannina,Times Store Gift Card,Times Store Gift Card,Times Store Gift Card,https://www.timesstore.gr/timesstore-gift-card,Digital availability and the Ioannina location were removed; verify channel evidence and avoid inventing geographic availability.,,,,"{""variants"":0,""categories"":0,""occasions"":0,""sources"":0,""mediaAssets"":0,""clicks"":0,""verificationEvents"":0,""reviewFlags"":0,""productionVerificationSnapshots"":0}"
SAFE_CANONICAL,cmtb781dk005rdkiy10vs3wvb,cmtb7813e005qdkiyiite3fyc,Drone House,Gift Cards,Drone House Gift Card,Drone House Gift Card,Drone House Gift Card,https://dronehouse.gr/product-category/gift-cards/,"The removed text is generic gift-card wording, page-title/SEO noise, marketing copy, or a descriptor already retained by the canonical merchant identity.",,,,"{""variants"":0,""categories"":0,""occasions"":0,""sources"":0,""mediaAssets"":0,""clicks"":0,""verificationEvents"":0,""reviewFlags"":0,""productionVerificationSnapshots"":0}"
SAFE_CANONICAL,cmtb783oh0063dkiy8ckdn4vm,cmtb783ix0062dkiyciacadlv,HeHe Messy Play,Messy Play Gift Card,HeHe Messy Play Gift Card,HeHe Messy Play Gift Card,HeHe Messy Play Gift Card,https://hehe-messyplay.gr/messy-play-gift-card-mobile/,"The removed text is generic gift-card wording, page-title/SEO noise, marketing copy, or a descriptor already retained by the canonical merchant identity.",,,,"{""variants"":0,""categories"":0,""occasions"":0,""sources"":0,""mediaAssets"":0,""clicks"":0,""verificationEvents"":0,""reviewFlags"":0,""productionVerificationSnapshots"":0}"
SAFE_CANONICAL,cmtb784rw0067dkiy87ryq6qs,cmtb784go0066dkiy5hfgmr1m,Isola Boutique,Gift Cards,Isola Boutique Gift Card,Isola Boutique Gift Card,Isola Boutique Gift Card,https://www.isolaboutique.gr/product-category/gift-cards/,"The removed text is generic gift-card wording, page-title/SEO noise, marketing copy, or a descriptor already retained by the canonical merchant identity.",,,,"{""variants"":0,""categories"":0,""occasions"":0,""sources"":0,""mediaAssets"":0,""clicks"":0,""verificationEvents"":0,""reviewFlags"":0,""productionVerificationSnapshots"":0}"
SAFE_CANONICAL,cmtb785hb006bdkiyfv69uwot,cmtb785d0006adkiy9cuj1fo5,Konstantinidis Dental,KONSTANTINIDIS GIFT CARD - Νο1 Κέντρο Εμφυτευμάτων,Konstantinidis Dental Gift Card,Konstantinidis Dental Gift Card,Konstantinidis Dental Gift Card,https://www.konstantinidisdental.gr/gift-card/,"The removed text is generic gift-card wording, page-title/SEO noise, marketing copy, or a descriptor already retained by the canonical merchant identity.",,,,"{""variants"":0,""categories"":0,""occasions"":0,""sources"":0,""mediaAssets"":0,""clicks"":0,""verificationEvents"":0,""reviewFlags"":0,""productionVerificationSnapshots"":0}"
PRESERVE_PROGRAM_NAME,cmtb78c4x0076dkiyi0rou2i6,cmtb78bzy0075dkiyyeep0ctu,Stretch & Relax,MASSAGE & PILATES GIFTCARD - Stretch & Relax,Stretch & Relax Gift Card,Stretch & Relax Gift Card,Stretch & Relax Massage & Pilates Gift Card,https://www.stretchandrelax.gr/en/gift-giftcard-massage-pilates,Massage and Pilates define the services covered by this specific gift-card program.,,,,"{""variants"":0,""categories"":0,""occasions"":0,""sources"":0,""mediaAssets"":0,""clicks"":0,""verificationEvents"":0,""reviewFlags"":0,""productionVerificationSnapshots"":0}"
PRESERVE_PROGRAM_NAME,cmtb7hwow000704iyt99hm2lp,cmtb7hwjz000604iy7agycf4r,Bioaroma Crete,SPA Gift Card,Bioaroma Crete Gift Card,Bioaroma Crete Gift Card,Bioaroma Crete Spa Gift Card,https://www.bioaromacrete.com/products/spa-gift-card,Spa distinguishes this offering from the merchant's broader product catalog.,,,,"{""variants"":0,""categories"":0,""occasions"":0,""sources"":0,""mediaAssets"":0,""clicks"":0,""verificationEvents"":0,""reviewFlags"":0,""productionVerificationSnapshots"":0}"
PRESERVE_PROGRAM_NAME,cmtb7hx2h000904iykt7d99h5,cmtb7hwwi000804iyxo3b6lop,Calisti Oia,Santorini Honeymoon Spa Gift Card,Calisti Oia Gift Card,Calisti Oia Gift Card,Calisti Oia Honeymoon Spa Gift Card,https://www.callistioia.com/gift-cardnewlywedsoia,Honeymoon spa is a distinct experience signal that should remain in the program title.,,,,"{""variants"":0,""categories"":0,""occasions"":0,""sources"":0,""mediaAssets"":0,""clicks"":0,""verificationEvents"":0,""reviewFlags"":0,""productionVerificationSnapshots"":0}"
MANUAL_REVIEW,cmtb7hxhc000b04iy3qi3vpga,cmtb7hxbi000a04iy9g6mxmjr,Christakis,Christakis Gift Card – Online & In-Store,Christakis Gift Card,Christakis Gift Card,Christakis Gift Card,https://christakisathens.com/product/christakis-gift-card-online-in-store/,Online and in-store availability should be represented structurally; verify both channels before closing this item.,,,,"{""variants"":0,""categories"":0,""occasions"":0,""sources"":0,""mediaAssets"":0,""clicks"":0,""verificationEvents"":0,""reviewFlags"":0,""productionVerificationSnapshots"":0}"
SAFE_CANONICAL,cmtb7hzpu000n04iyfkfu5yll,cmtb7hzks000m04iybzukfa8e,Mercato,Mercato Monetary Gift Card,Mercato Gift Card,Mercato Gift Card,Mercato Gift Card,https://fourseasonsastirpalacehotelathens.giftpro.co.uk/vouchers/mercato-monetary-gift-card/,"The removed text is generic gift-card wording, page-title/SEO noise, marketing copy, or a descriptor already retained by the canonical merchant identity.",,,,"{""variants"":0,""categories"":0,""occasions"":0,""sources"":0,""mediaAssets"":0,""clicks"":0,""verificationEvents"":0,""reviewFlags"":0,""productionVerificationSnapshots"":0}"
PRESERVE_PROGRAM_NAME,cmtb7i194000v04iygg8ltr9f,cmtb7i12m000u04iynn26j31q,Prepare for Greece,Greek Language Course Gift Card,Prepare for Greece Gift Card,Prepare for Greece Gift Card,Prepare for Greece Greek Language Course Gift Card,https://prepareforgreece.com/ro/products/greek-language-course-gift-card,The gift card is tied to a Greek-language course rather than an unspecified merchant-wide balance.,,,,"{""variants"":0,""categories"":0,""occasions"":0,""sources"":0,""mediaAssets"":0,""clicks"":0,""verificationEvents"":0,""reviewFlags"":0,""productionVerificationSnapshots"":0}"
SAFE_CANONICAL,cmtb7i1na000x04iyenncco9w,cmtb7i1i0000w04iys9w2oqz8,Santorini Zen Spa,Spa Gift Voucher in Santorini,Santorini Zen Spa Gift Card,Santorini Zen Spa Gift Card,Santorini Zen Spa Gift Card,https://www.santorinizenspa.com/zen-spa-gift-voucher-program.html,"The removed text is generic gift-card wording, page-title/SEO noise, marketing copy, or a descriptor already retained by the canonical merchant identity.",,,,"{""variants"":0,""categories"":0,""occasions"":0,""sources"":0,""mediaAssets"":0,""clicks"":0,""verificationEvents"":0,""reviewFlags"":0,""productionVerificationSnapshots"":0}"
SAFE_CANONICAL,cmtb7i1yu000y04iy1ud2iyk4,cmtikaqjt0002csiy4701v743,Starlight Cinema Crete,Gift Vouchers | Luxury Outdoor Cinema in Crete,Starlight Cinema Crete Gift Card,Starlight Cinema Crete Gift Card,Starlight Cinema Crete Gift Card,https://starlightcinemacrete.com/gift-vouchers,"The removed text is generic gift-card wording, page-title/SEO noise, marketing copy, or a descriptor already retained by the canonical merchant identity.",,,,"{""variants"":0,""categories"":0,""occasions"":0,""sources"":0,""mediaAssets"":0,""clicks"":0,""verificationEvents"":0,""reviewFlags"":0,""productionVerificationSnapshots"":0}"
PRESERVE_PROGRAM_NAME,cmtb7i2ay001004iy2mok8p6r,cmtb7i26i000z04iyas90sthl,Mindful Touch,Massage Gift Card by Mindful Touch in Chania Crete,Mindful Touch Gift Card,Mindful Touch Gift Card,Mindful Touch Massage Gift Card,https://massage-crete.com/massage-gift-card-crete/,Massage describes the specific service program and is not retained by the canonical merchant name.,,,,"{""variants"":0,""categories"":0,""occasions"":0,""sources"":0,""mediaAssets"":0,""clicks"":0,""verificationEvents"":0,""reviewFlags"":0,""productionVerificationSnapshots"":0}"
SAFE_CANONICAL,cmtb7i31b001404iy197cb72x,cmtb7i2wq001304iydhifcqy7,Eureka Athens,eureka athens gift card,Eureka Athens Gift Card,Eureka Athens Gift Card,Eureka Athens Gift Card,https://eurekathens.com/athens-gift-card/,"The removed text is generic gift-card wording, page-title/SEO noise, marketing copy, or a descriptor already retained by the canonical merchant identity.",,,,"{""variants"":0,""categories"":0,""occasions"":0,""sources"":0,""mediaAssets"":0,""clicks"":0,""verificationEvents"":0,""reviewFlags"":0,""productionVerificationSnapshots"":0}"
MANUAL_REVIEW,cmtb7i474001904iye9qfchj3,cmtikaqcc0001csiy7aine7eg,Monkees of Athens,Digital Gift Card,Monkees of Athens Gift Card,Monkees of Athens Gift Card,Monkees of Athens Gift Card,https://monkeesofathens.com/products/monkees-of-athens-gift-card,The removed Digital qualifier needs explicit GiftCardVariant or delivery evidence.,,,,"{""variants"":0,""categories"":0,""occasions"":0,""sources"":0,""mediaAssets"":0,""clicks"":0,""verificationEvents"":0,""reviewFlags"":0,""productionVerificationSnapshots"":0}"
